-- phpMyAdmin SQL Dump
-- version 4.6.5.2
-- https://www.phpmyadmin.net/
--
-- Хост: 127.0.0.1:3306
-- Время создания: Фев 15 2018 г., 22:34
-- Версия сервера: 5.5.48
-- Версия PHP: 7.0.4

SET SQL_MODE = "NO_AUTO_VALUE_ON_ZERO";
SET time_zone = "+00:00";


/*!40101 SET @OLD_CHARACTER_SET_CLIENT=@@CHARACTER_SET_CLIENT */;
/*!40101 SET @OLD_CHARACTER_SET_RESULTS=@@CHARACTER_SET_RESULTS */;
/*!40101 SET @OLD_COLLATION_CONNECTION=@@COLLATION_CONNECTION */;
/*!40101 SET NAMES utf8mb4 */;

--
-- База данных: `shopita`
--

-- --------------------------------------------------------

--
-- Структура таблицы `brand`
--

CREATE TABLE `brand` (
  `brand_id` int(10) UNSIGNED NOT NULL,
  `brand_name` varchar(255) COLLATE utf8_unicode_ci NOT NULL,
  `brand_url` varchar(300) COLLATE utf8_unicode_ci NOT NULL,
  `is_show` varchar(1) COLLATE utf8_unicode_ci DEFAULT '1',
  `sort_num` int(11) DEFAULT '0',
  `created_at` timestamp NULL DEFAULT NULL,
  `updated_at` timestamp NULL DEFAULT NULL,
  `deleted_at` timestamp NULL DEFAULT NULL
) ENGINE=InnoDB DEFAULT CHARSET=utf8 COLLATE=utf8_unicode_ci;

--
-- Дамп данных таблицы `brand`
--

INSERT INTO `brand` (`brand_id`, `brand_name`, `brand_url`, `is_show`, `sort_num`, `created_at`, `updated_at`, `deleted_at`) VALUES
(1, 'Nike', '', '1', 0, '2016-08-01 05:43:01', '2016-11-30 02:41:52', '2016-11-30 02:41:52'),
(2, 'Adidas', '', '1', 0, '2016-08-01 05:43:33', '2016-11-30 02:41:52', '2016-11-30 02:41:52'),
(3, '22', '', '1', 0, '2016-08-01 05:47:12', '2016-08-01 05:47:15', '2016-08-01 05:47:15'),
(4, 'Missoni', '', '1', 0, '2016-11-30 02:44:43', '2016-11-30 02:44:43', NULL),
(5, 'Liu Jo', '', '1', 0, '2016-11-30 02:45:10', '2016-11-30 02:45:10', NULL),
(6, 'Liu Jeans', '', '1', 0, '2016-11-30 02:45:21', '2016-11-30 02:45:21', NULL),
(7, 'Class Roberto Cavalli', '', '1', 0, '2016-11-30 02:45:31', '2016-11-30 02:45:31', NULL),
(8, 'Who\'s Who', '', '1', 0, '2016-11-30 02:45:54', '2016-11-30 02:45:54', NULL),
(9, 'Iceberg', '', '1', 0, '2016-11-30 02:46:03', '2016-11-30 02:46:03', NULL),
(10, 'Walter Babini', '', '1', 0, '2016-11-30 02:46:12', '2016-11-30 02:46:12', NULL),
(11, 'Versace', '', '1', 0, '2016-11-30 02:46:21', '2016-11-30 02:46:21', NULL),
(12, 'Via Delle Perle (VDP)', '', '1', 0, '2016-11-30 02:46:33', '2016-11-30 02:46:33', NULL),
(13, 'Maria Grazia Severi', '', '1', 0, '2016-11-30 02:46:47', '2016-11-30 02:46:47', NULL),
(14, 'Severi Darling', '', '1', 0, '2016-11-30 02:46:57', '2016-11-30 02:46:57', NULL),
(15, '22 Maggio', '', '1', 0, '2016-11-30 02:47:07', '2018-02-12 09:21:33', NULL),
(16, 'KFG ', '', '1', 0, '2016-11-30 02:47:18', '2016-11-30 02:47:18', NULL),
(17, 'Anna Rachele', '', '1', 0, '2016-11-30 02:47:31', '2016-11-30 02:47:31', NULL),
(18, 'Alter Ego', '', '1', 0, '2016-11-30 02:47:41', '2016-11-30 02:47:41', NULL),
(19, 'Red Valentino', '', '1', 0, '2016-11-30 02:47:53', '2016-11-30 02:47:53', NULL),
(20, 'Etro', '', '1', 0, '2016-11-30 02:48:14', '2016-11-30 02:48:14', NULL),
(21, 'Emilio Pucci', '', '1', 0, '2016-11-30 02:48:24', '2016-11-30 02:48:24', NULL),
(22, 'Elisa Fanti', '', '1', 0, '2016-11-30 02:48:37', '2016-11-30 02:48:37', NULL),
(23, 'Chiara D\'Este', '', '1', 0, '2016-11-30 02:49:35', '2016-11-30 02:49:35', NULL),
(24, 'Kenzo', '', '1', 0, '2016-11-30 02:49:44', '2016-11-30 02:49:44', NULL),
(25, 'Pinko', '', '1', 0, '2016-11-30 02:49:55', '2016-11-30 02:49:55', NULL),
(26, 'Paola Frani', '', '1', 0, '2016-11-30 02:50:07', '2016-11-30 02:50:07', NULL),
(27, 'Heresis', '', '1', 0, '2016-11-30 02:50:19', '2016-11-30 02:50:19', NULL),
(28, 'Fontanelli', '', '1', 0, '2016-11-30 02:51:12', '2016-11-30 02:51:12', NULL),
(29, 'Coccapani', '', '1', 0, '2016-11-30 02:51:40', '2016-11-30 02:51:40', NULL),
(30, 'Nenette', '', '1', 0, '2016-11-30 02:51:51', '2016-11-30 02:51:51', NULL),
(31, 'Nuvola', '', '1', 0, '2016-11-30 02:52:03', '2016-11-30 02:52:03', NULL),
(32, 'Aquilano. Rimondi', '', '1', 0, '2016-11-30 02:52:56', '2016-11-30 02:52:56', NULL),
(33, 'Emporio Armani', '', '1', 0, '2016-11-30 02:53:09', '2016-11-30 02:53:09', NULL),
(34, 'EA7', '', '1', 0, '2016-11-30 02:53:19', '2016-11-30 02:53:19', NULL),
(35, 'Kiss You', '', '1', 0, '2016-11-30 02:53:35', '2016-11-30 02:53:35', NULL),
(36, 'Moschino Boutique', '', '1', 0, '2016-11-30 02:54:06', '2016-11-30 02:54:06', NULL),
(37, 'Piero Moretti', '', '1', 0, '2016-11-30 02:54:22', '2016-11-30 02:54:22', NULL),
(38, 'Oblique', '', '1', 0, '2016-11-30 02:55:48', '2016-11-30 02:55:48', NULL),
(39, 'Vivienne Westwood', '', '1', 0, '2016-11-30 02:56:22', '2016-11-30 02:56:22', NULL),
(40, 'Manzoni 24', '', '1', 0, '2016-11-30 02:56:35', '2016-11-30 02:56:35', NULL),
(41, 'Langiotti', '', '1', 0, '2016-11-30 02:57:03', '2016-11-30 02:57:03', NULL),
(42, 'Crea', '', '1', 0, '2016-11-30 02:57:25', '2016-11-30 02:57:25', NULL),
(43, 'Diego M', '', '1', 0, '2016-11-30 02:57:39', '2016-11-30 02:57:39', NULL),
(44, 'Elisabetta Franchi', '', '1', 0, '2016-11-30 02:58:11', '2016-11-30 02:58:11', NULL),
(45, 'Pamela', '', '1', 0, '2016-11-30 02:58:22', '2016-11-30 02:58:22', NULL),
(46, 'Giorgio Fabiani', '', '1', 0, '2016-11-30 02:58:44', '2016-11-30 02:58:44', NULL),
(47, 'Cromia', '', '1', 0, '2016-11-30 02:58:55', '2016-11-30 02:58:55', NULL),
(48, 'Giovanni Fabiani', '', '1', 0, '2016-11-30 02:59:24', '2016-11-30 02:59:24', NULL),
(49, 'Braccialini', '', '1', 0, '2016-11-30 02:59:44', '2016-11-30 02:59:44', NULL),
(50, 'Gironacci', '', '1', 0, '2016-11-30 03:00:01', '2016-11-30 03:00:01', NULL),
(51, 'Jacky Celine', '', '1', 0, '2016-11-30 03:00:19', '2016-11-30 03:00:19', NULL),
(52, 'Eagle', '', '1', 0, '2016-11-30 03:00:32', '2016-11-30 03:00:32', NULL),
(53, 'Egon', '', '1', 0, '2016-11-30 03:00:40', '2016-11-30 03:00:40', NULL),
(54, 'Marilu', '', '1', 0, '2016-11-30 03:00:50', '2016-11-30 03:00:50', NULL),
(55, 'Sportalm', '', '1', 0, '2016-11-30 03:01:01', '2016-11-30 03:01:01', NULL),
(56, 'Luisa Spagnoli', '', '1', 0, '2016-11-30 03:01:24', '2016-11-30 03:01:24', NULL),
(57, 'Ferre', '', '1', 0, '2016-11-30 03:01:33', '2016-11-30 03:01:33', NULL),
(58, 'Brunella', '', '1', 0, '2016-11-30 03:01:47', '2016-11-30 03:01:47', NULL),
(59, 'Mally', '', '1', 0, '2016-11-30 03:02:06', '2016-11-30 03:02:06', NULL),
(60, 'Tiffi', '', '1', 0, '2016-11-30 03:05:57', '2016-11-30 03:05:57', NULL),
(61, 'Ballin', '', '1', 0, '2016-11-30 03:06:19', '2016-11-30 03:06:19', NULL),
(62, 'Dyva', '', '1', 0, '2016-11-30 03:06:28', '2016-11-30 03:06:28', NULL),
(63, 'Essere', '', '1', 0, '2016-11-30 03:06:38', '2016-11-30 03:06:38', NULL),
(64, 'Baldinini', '', '1', 0, '2016-11-30 03:06:52', '2016-11-30 03:06:52', NULL),
(65, 'Franco Russo', '', '1', 0, '2016-11-30 03:07:10', '2016-11-30 03:07:10', NULL),
(66, 'Icone', '', '1', 0, '2016-11-30 03:07:17', '2016-11-30 03:07:17', NULL),
(67, 'Lepepe', '', '1', 0, '2016-11-30 03:07:25', '2016-11-30 03:07:25', NULL),
(68, 'Moero', '', '1', 0, '2016-11-30 03:07:36', '2016-11-30 03:07:36', NULL),
(69, 'Nila&Nila', '', '1', 0, '2016-11-30 03:07:58', '2016-11-30 03:07:58', NULL),
(70, 'Mandala', '', '1', 0, '2016-11-30 03:08:09', '2016-11-30 03:08:09', NULL),
(71, 'Peter Kaiser', '', '1', 0, '2016-11-30 03:08:21', '2016-11-30 03:08:21', NULL),
(72, 'R&Renzi', '', '1', 0, '2016-11-30 03:08:33', '2016-11-30 03:08:33', NULL),
(73, 'Santini', '', '1', 0, '2016-11-30 03:09:00', '2016-11-30 03:09:00', NULL),
(74, 'Thierry Rabotin', '', '1', 0, '2016-11-30 03:09:19', '2016-11-30 03:09:19', NULL),
(75, 'Zocal', '', '1', 0, '2016-11-30 03:09:28', '2016-11-30 03:09:28', NULL),
(76, 'Ninalilou', '', '1', 0, '2016-11-30 03:09:38', '2016-11-30 03:09:38', NULL),
(77, 'Uma Parker', '', '1', 0, '2016-11-30 03:09:49', '2016-11-30 03:09:49', NULL),
(78, 'Norma Baker', '', '1', 0, '2016-11-30 03:10:01', '2016-11-30 03:10:01', NULL),
(79, 'Renzi Merkury', '', '1', 0, '2016-11-30 03:10:22', '2016-11-30 03:10:22', NULL),
(80, 'Mary Claud', '', '1', 0, '2016-11-30 03:10:32', '2016-11-30 03:10:32', NULL),
(81, 'Guido Sgariglia', '', '1', 0, '2016-11-30 03:10:51', '2016-11-30 03:10:51', NULL),
(82, 'Vittorio Virgili', '', '1', 0, '2016-11-30 03:11:10', '2016-11-30 03:11:10', NULL),
(83, 'Basler', '', '1', 0, '2016-11-30 03:11:18', '2016-11-30 03:11:18', NULL),
(84, 'Tuzzi', '', '1', 0, '2016-11-30 03:11:27', '2016-11-30 03:11:27', NULL),
(85, 'Laurel', '', '1', 0, '2016-11-30 03:11:37', '2016-11-30 03:11:37', NULL),
(86, 'Eugen Klein', '', '1', 0, '2016-11-30 03:11:54', '2016-11-30 03:11:54', NULL),
(87, 'Michael', '', '1', 0, '2016-11-30 03:12:04', '2016-11-30 03:12:04', NULL),
(88, 'Rosner', '', '1', 0, '2016-11-30 03:12:15', '2016-11-30 03:12:15', NULL),
(89, 'Supertrash', '', '1', 0, '2016-11-30 03:12:30', '2016-11-30 03:12:30', NULL),
(90, 'Elena Miro', '', '1', 0, '2016-11-30 03:12:42', '2016-11-30 03:12:42', NULL),
(91, 'Samoon', '', '1', 0, '2016-11-30 03:12:50', '2016-11-30 03:12:50', NULL),
(92, 'Taifun', '', '1', 0, '2016-11-30 03:12:59', '2016-11-30 03:12:59', NULL),
(93, 'Oui', '', '1', 0, '2016-11-30 03:13:07', '2016-11-30 03:13:07', NULL),
(94, 'Concept\'k', '', '1', 0, '2016-11-30 03:13:16', '2016-11-30 03:13:16', NULL),
(95, 'Fuchs Schmitt', '', '1', 0, '2016-11-30 03:13:24', '2016-11-30 03:13:24', NULL),
(96, 'Nice Things', '', '1', 0, '2016-11-30 03:13:33', '2016-11-30 03:13:33', NULL),
(97, 'Blacky Dress', '', '1', 0, '2016-11-30 03:13:42', '2016-11-30 03:13:42', NULL),
(98, 'Ana Alcazar', '', '1', 0, '2016-11-30 03:13:56', '2016-11-30 03:13:56', NULL),
(99, 'Public', '', '1', 0, '2016-11-30 03:14:18', '2016-11-30 03:14:18', NULL),
(100, 'Heymann', '', '1', 0, '2016-11-30 03:14:28', '2016-11-30 03:14:28', NULL),
(101, 'Apanage', '', '1', 0, '2016-11-30 03:15:18', '2016-11-30 03:15:18', NULL),
(102, 'Zaffiri', '', '1', 0, '2016-11-30 03:15:30', '2016-11-30 03:15:30', NULL),
(103, 'Pierre Cardin', '', '1', 0, '2016-11-30 03:15:45', '2016-11-30 03:15:45', NULL),
(104, 'Passport', '', '1', 0, '2016-11-30 03:15:58', '2016-11-30 03:15:58', NULL),
(105, 'Jean Paul', '', '1', 0, '2016-11-30 03:16:12', '2016-11-30 03:16:12', NULL),
(106, 'Eterna', '', '1', 0, '2016-11-30 03:16:20', '2016-11-30 03:16:20', NULL),
(107, 'Erfo', '', '1', 0, '2016-11-30 03:16:31', '2016-11-30 03:16:31', NULL),
(108, 'Mybc', '', '1', 0, '2016-11-30 03:16:41', '2016-11-30 03:16:41', NULL),
(109, 'Lauren Vidal', '', '1', 0, '2016-11-30 03:16:57', '2016-11-30 03:16:57', NULL),
(110, 'Milano', '', '1', 0, '2016-11-30 03:17:07', '2016-11-30 03:17:07', NULL),
(111, 'Lavand', '', '1', 0, '2016-11-30 03:17:18', '2016-11-30 03:17:18', NULL),
(112, 'Gaudi', '', '1', 0, '2016-11-30 03:17:40', '2016-11-30 03:17:40', NULL),
(113, 'Malvin', '', '1', 0, '2016-11-30 03:17:53', '2016-11-30 03:17:53', NULL),
(114, 'Gelco', '', '1', 0, '2016-11-30 03:18:06', '2016-11-30 03:18:06', NULL),
(115, 'Apriori', '', '1', 0, '2016-11-30 03:18:18', '2016-11-30 03:18:18', NULL),
(116, 'Kapalua', '', '1', 0, '2016-11-30 03:18:31', '2016-11-30 03:18:31', NULL),
(117, 'Geisha', '', '1', 0, '2016-11-30 03:18:39', '2016-11-30 03:18:39', NULL),
(118, 'Foresti', '', '1', 0, '2016-11-30 03:18:50', '2016-11-30 03:18:50', NULL),
(119, 'Verpass', '', '1', 0, '2016-11-30 03:19:00', '2016-11-30 03:19:00', NULL),
(120, 'Barbara Becker', '', '1', 0, '2016-11-30 03:19:11', '2016-11-30 03:19:11', NULL),
(121, 'MAC', '', '1', 0, '2016-11-30 03:19:20', '2016-11-30 03:19:20', NULL),
(122, 'Toni', '', '1', 0, '2016-11-30 03:19:30', '2016-11-30 03:19:30', NULL),
(123, 'Steilmann', '', '1', 0, '2016-11-30 03:19:42', '2016-11-30 03:19:42', NULL),
(124, 'Gabriel', '', '1', 0, '2016-11-30 03:19:51', '2016-11-30 03:19:51', NULL),
(125, 'Anna Rita', '', '1', 0, '2016-11-30 03:20:03', '2016-11-30 03:20:56', '2016-11-30 03:20:56'),
(126, 'Feiler', '', '1', 0, '2016-11-30 03:20:50', '2016-11-30 03:20:50', NULL),
(127, 'Anthoni Crown', '', '1', 0, '2016-11-30 03:22:30', '2016-11-30 03:23:28', '2016-11-30 03:23:28'),
(128, 'Atelier Torino', '', '1', 0, '2016-11-30 03:22:47', '2016-11-30 03:22:47', NULL),
(129, 'Atelier Torino', '', '1', 0, '2016-11-30 03:22:47', '2016-11-30 03:23:36', '2016-11-30 03:23:36'),
(130, 'Adhoc', '', '1', 0, '2016-11-30 03:23:02', '2016-11-30 03:23:28', '2016-11-30 03:23:28'),
(131, 'Alberto', '', '1', 0, '2016-11-30 03:23:16', '2016-11-30 03:23:16', NULL),
(132, 'Barker ', '', '1', 0, '2016-11-30 03:24:00', '2016-11-30 03:24:00', NULL),
(133, 'Brax', '', '1', 0, '2016-11-30 03:24:21', '2016-11-30 03:24:21', NULL),
(134, 'Bugatti', '', '1', 0, '2016-11-30 03:24:30', '2016-11-30 03:24:30', NULL),
(135, 'Casa Moda', '', '1', 0, '2016-11-30 03:24:54', '2016-11-30 03:24:54', NULL),
(136, 'Cerruti', '', '1', 0, '2016-11-30 03:25:10', '2016-11-30 03:25:10', NULL),
(137, 'Ciprioni', '', '1', 0, '2016-11-30 03:25:24', '2016-11-30 03:25:24', NULL),
(138, 'CLUB of COMFORT', '', '1', 0, '2016-11-30 03:26:17', '2016-11-30 03:26:17', NULL),
(139, 'Digel', '', '1', 0, '2016-11-30 03:26:37', '2016-11-30 03:26:37', NULL),
(140, 'Dimensione', '', '1', 0, '2016-11-30 03:26:47', '2016-11-30 03:26:47', NULL),
(141, 'Eterna', '', '1', 0, '2016-11-30 03:27:11', '2016-11-30 03:27:11', NULL),
(142, 'Fabio Inghirami', '', '1', 0, '2016-11-30 03:27:35', '2016-11-30 03:27:35', NULL),
(143, 'Frankie Morello', '', '1', 0, '2016-11-30 03:28:03', '2016-11-30 03:28:03', NULL),
(144, 'Feraud', '', '1', 0, '2016-11-30 03:28:13', '2016-11-30 03:28:13', NULL),
(145, 'Gianfranco Lattanzi', '', '1', 0, '2016-11-30 03:28:41', '2016-11-30 03:28:54', NULL),
(146, 'Galotti', '', '1', 0, '2016-11-30 03:29:06', '2016-11-30 03:29:06', NULL),
(147, 'Gioferrari', '', '1', 0, '2016-11-30 03:29:20', '2016-11-30 03:29:20', NULL),
(148, 'Henry Cottons', '', '1', 0, '2016-11-30 03:29:38', '2016-11-30 03:29:38', NULL),
(149, 'Jupiter', '', '1', 0, '2016-11-30 03:29:58', '2016-11-30 03:29:58', NULL),
(150, 'Luciano Ilary', '', '1', 0, '2016-11-30 03:30:23', '2016-11-30 03:30:23', NULL),
(151, 'Luigi Morini', '', '1', 0, '2016-11-30 03:30:49', '2016-11-30 03:30:49', NULL),
(152, 'Lab4style', '', '1', 0, '2016-11-30 03:31:03', '2016-11-30 03:31:16', NULL),
(153, 'Marina Yachting', '', '1', 0, '2016-11-30 03:32:20', '2016-11-30 03:32:20', NULL),
(154, 'Mabrun', '', '1', 0, '2016-11-30 03:32:30', '2016-11-30 03:32:30', NULL),
(155, 'Maestrami', '', '1', 0, '2016-11-30 03:32:41', '2016-11-30 03:32:41', NULL),
(156, 'Maglia ', '', '1', 0, '2016-11-30 03:32:49', '2016-11-30 03:32:49', NULL),
(157, 'Marcello Marabotti', '', '1', 0, '2016-11-30 03:33:04', '2016-11-30 03:33:04', NULL),
(158, 'Maros', '', '1', 0, '2016-11-30 03:33:17', '2016-11-30 03:33:17', NULL),
(159, 'Marvelis', '', '1', 0, '2016-11-30 03:33:26', '2016-11-30 03:33:26', NULL),
(160, 'Milestone', '', '1', 0, '2016-11-30 03:33:53', '2016-11-30 03:33:53', NULL),
(161, 'Mixture', '', '1', 0, '2016-11-30 03:34:02', '2016-11-30 03:34:02', NULL),
(162, 'Montecore', '', '1', 0, '2016-11-30 03:34:14', '2016-11-30 03:34:14', NULL),
(163, 'Mora', '', '1', 0, '2016-11-30 03:34:59', '2016-11-30 03:34:59', NULL),
(164, 'Morgano', '', '1', 0, '2016-11-30 03:35:05', '2016-11-30 03:35:05', NULL),
(165, 'Navigare', '', '1', 0, '2016-11-30 03:35:26', '2016-11-30 03:35:26', NULL),
(166, 'Olymp', '', '1', 0, '2016-11-30 03:35:32', '2016-11-30 03:35:32', NULL),
(167, 'Pure', '', '1', 0, '2016-11-30 03:35:57', '2016-11-30 03:35:57', NULL),
(168, 'Roy Robson', '', '1', 0, '2016-11-30 03:36:08', '2016-11-30 03:36:08', NULL),
(169, 'Roberto Rossi', '', '1', 0, '2016-11-30 03:36:20', '2016-11-30 03:36:20', NULL),
(170, 'Rossi', '', '1', 0, '2016-11-30 03:36:32', '2016-11-30 03:36:32', NULL),
(171, 'Stones', '', '1', 0, '2016-11-30 03:36:45', '2016-11-30 03:36:45', NULL),
(172, 'Venti', '', '1', 0, '2016-11-30 03:37:19', '2016-11-30 03:37:19', NULL),
(173, 'Wilvorst', '', '0', 0, '2016-11-30 03:37:30', '2017-12-28 04:23:44', NULL);

-- --------------------------------------------------------

--
-- Структура таблицы `category`
--

CREATE TABLE `category` (
  `category_id` int(10) UNSIGNED NOT NULL,
  `category_name_ru` varchar(255) COLLATE utf8_unicode_ci NOT NULL,
  `category_name_kz` varchar(255) COLLATE utf8_unicode_ci DEFAULT NULL,
  `category_name_en` varchar(255) COLLATE utf8_unicode_ci DEFAULT NULL,
  `category_url` varchar(300) COLLATE utf8_unicode_ci NOT NULL,
  `main_category_id` int(11) UNSIGNED DEFAULT NULL,
  `category_level` int(11) DEFAULT '1',
  `is_male` varchar(20) COLLATE utf8_unicode_ci DEFAULT '1',
  `is_show` varchar(1) COLLATE utf8_unicode_ci DEFAULT '1',
  `is_show_main` varchar(20) COLLATE utf8_unicode_ci DEFAULT '0' COMMENT 'показать на главной странице',
  `has_child` varchar(20) COLLATE utf8_unicode_ci DEFAULT '1',
  `sort_num` int(11) DEFAULT '0',
  `created_at` timestamp NULL DEFAULT NULL,
  `updated_at` timestamp NULL DEFAULT NULL,
  `deleted_at` timestamp NULL DEFAULT NULL
) ENGINE=InnoDB DEFAULT CHARSET=utf8 COLLATE=utf8_unicode_ci;

--
-- Дамп данных таблицы `category`
--

INSERT INTO `category` (`category_id`, `category_name_ru`, `category_name_kz`, `category_name_en`, `category_url`, `main_category_id`, `category_level`, `is_male`, `is_show`, `is_show_main`, `has_child`, `sort_num`, `created_at`, `updated_at`, `deleted_at`) VALUES
(1, 'Аксессуары', NULL, NULL, 'aksessuary', NULL, 1, '0', '1', '1', '1', 3, '2016-07-27 02:51:54', '2016-11-18 09:00:00', '2016-11-18 09:00:00'),
(2, 'Женская обувь', NULL, NULL, 'dgenskaya-obuv', NULL, 1, '0', '1', '1', '1', 2, '2016-07-27 02:53:39', '2016-11-18 08:59:59', '2016-11-18 08:59:59'),
(3, 'Женская одежда', NULL, NULL, 'dgenskaya-odedgda', NULL, 1, '0', '1', '1', '1', 1, '2016-07-27 02:53:49', '2016-11-18 08:59:58', '2016-11-18 08:59:58'),
(4, 'Аксессуары', NULL, NULL, 'aksessuary', NULL, 1, '1', '1', '1', '1', 3, '2016-07-27 03:23:11', '2016-11-18 08:59:57', '2016-11-18 08:59:57'),
(5, 'Мужская обувь', NULL, NULL, 'mudgskaya-obuv', NULL, 1, '1', '1', '1', '1', 2, '2016-07-27 03:23:24', '2016-11-18 08:59:56', '2016-11-18 08:59:56'),
(6, 'Мужская одежда', NULL, NULL, 'mudgskaya-odedgda', NULL, 1, '1', '1', '1', '1', 1, '2016-07-27 03:23:44', '2016-11-18 08:59:55', '2016-11-18 08:59:55'),
(7, 'Юбки', NULL, NULL, 'yubki', 3, 2, '1', '1', '1', '1', 1, '2016-07-27 04:11:34', '2016-11-18 09:15:29', '2016-11-18 09:15:29'),
(8, 'Брюки', NULL, NULL, 'bryuki', 3, 2, '1', '1', '1', '1', 2, '2016-07-27 04:12:43', '2016-11-18 09:15:36', '2016-11-18 09:15:36'),
(9, 'Джинсы', NULL, NULL, 'ddginsy', 3, 2, '1', '1', '1', '1', 3, '2016-07-27 04:13:50', '2016-11-18 09:15:38', '2016-11-18 09:15:38'),
(10, 'Шорты', NULL, NULL, 'shorty', 3, 2, '1', '1', '1', '1', 4, '2016-07-27 04:14:04', '2016-11-18 09:15:40', '2016-11-18 09:15:40'),
(11, 'Блузки', NULL, NULL, 'bluzki', 3, 2, '1', '1', '1', '1', 5, '2016-07-27 04:14:16', '2016-11-18 09:17:44', '2016-11-18 09:17:44'),
(12, 'Рубажки', NULL, NULL, 'rubadgki', 3, 2, '1', '1', '1', '1', 6, '2016-07-27 04:14:37', '2016-11-18 09:17:43', '2016-11-18 09:17:43'),
(13, 'Название блузки', NULL, NULL, 'nazvanie-bluzki', 11, 3, '1', '1', '0', '1', 1, '2016-07-27 05:27:57', '2016-11-18 09:18:38', '2016-11-18 09:18:38'),
(14, 'товар222', NULL, NULL, 'tovar222', 8, 3, '1', '1', '0', '1', 2, '2016-08-02 07:14:37', '2016-11-18 09:18:38', '2016-11-18 09:18:38'),
(15, 'Прямые', NULL, NULL, 'pryamye', 7, 3, '1', '1', '0', '1', 1, '2016-08-06 01:08:34', '2016-11-18 09:18:14', '2016-11-18 09:18:14'),
(16, 'Мини', NULL, NULL, 'mini', 7, 3, '1', '1', '0', '1', 2, '2016-08-06 01:08:57', '2016-11-18 09:18:14', '2016-11-18 09:18:14'),
(17, 'Макси', NULL, NULL, 'maksi', 7, 3, '1', '1', '0', '1', 3, '2016-08-06 01:09:27', '2016-11-18 09:18:14', '2016-11-18 09:18:14'),
(18, 'Узкие', NULL, NULL, 'uzkie', 7, 3, '1', '1', '0', '1', 4, '2016-08-06 01:09:49', '2016-11-18 09:18:14', '2016-11-18 09:18:14'),
(19, 'www', NULL, NULL, 'www', 3, 2, '1', '1', '1', '0', 0, '2016-08-23 03:24:03', '2016-11-18 09:17:43', '2016-11-18 09:17:43'),
(21, 'www', NULL, NULL, 'www', 19, 3, '1', '1', '1', '1', -1, '2016-08-23 03:26:56', '2016-08-23 03:26:56', NULL),
(22, 'qqqq', NULL, NULL, 'qqqq', 3, 2, '1', '1', '0', '0', 0, '2016-08-23 03:27:04', '2016-11-18 09:17:42', '2016-11-18 09:17:42'),
(23, 'qqqq', NULL, NULL, 'qqqq', 22, 3, '1', '1', '0', '1', -1, '2016-08-23 03:27:04', '2016-08-23 03:27:04', NULL),
(24, 'sss', NULL, NULL, 'sss', 3, 2, '1', '1', '1', '1', 0, '2016-08-23 05:29:10', '2016-11-18 09:17:41', '2016-11-18 09:17:41'),
(25, 'sss', NULL, NULL, 'sss', 3, 2, '1', '1', '0', '1', 0, '2016-08-23 05:29:42', '2016-11-18 09:17:40', '2016-11-18 09:17:40'),
(26, '21312312', NULL, NULL, '21312312', 11, 3, '1', '1', '0', '1', 2, '2016-08-23 05:36:58', '2016-11-18 09:18:13', '2016-11-18 09:18:13'),
(27, 'sss', NULL, NULL, 'sss', 24, 3, '1', '1', '1', '1', -1, '2016-08-23 05:45:23', '2016-11-18 09:18:13', '2016-11-18 09:18:13'),
(28, 'Сумки', NULL, NULL, 'sumki', NULL, 1, '0', '1', '0', '1', 4, '2016-10-29 04:31:41', '2016-11-18 08:59:55', '2016-11-18 08:59:55'),
(29, 'Украшения', NULL, NULL, 'ukrasheniya', NULL, 1, '0', '1', '1', '1', 5, '2016-10-29 04:32:28', '2016-11-18 08:59:54', '2016-11-18 08:59:54'),
(30, 'Сумки', NULL, NULL, 'sumki', NULL, 1, '1', '1', '0', '1', 4, '2016-10-29 04:33:12', '2016-11-18 08:59:52', '2016-11-18 08:59:52'),
(31, 'Костюмы', NULL, NULL, 'kostyumy', 6, 2, '1', '1', '1', '1', 1, '2016-10-29 04:37:49', '2016-11-18 09:17:35', '2016-11-18 09:17:35'),
(32, 'Пиджаки', NULL, NULL, 'piddgaki', 6, 2, '1', '1', '1', '1', 2, '2016-10-29 04:39:10', '2016-11-18 09:17:34', '2016-11-18 09:17:34'),
(33, 'Брюки и слаксы', NULL, NULL, 'bryuki-i-slaksy', 6, 2, '1', '1', '1', '1', 3, '2016-10-29 04:39:39', '2016-11-18 09:17:33', '2016-11-18 09:17:33'),
(34, 'Рубашки', NULL, NULL, 'rubashki', 6, 2, '1', '1', '1', '1', 4, '2016-10-29 04:39:59', '2016-11-18 09:17:33', '2016-11-18 09:17:33'),
(35, 'Свитера', NULL, NULL, 'svitera', 6, 2, '1', '1', '1', '1', 5, '2016-10-29 04:41:57', '2016-11-18 09:17:32', '2016-11-18 09:17:32'),
(36, 'Батники', NULL, NULL, 'batniki', 6, 2, '1', '1', '1', '0', 6, '2016-10-29 04:44:18', '2016-11-18 09:17:31', '2016-11-18 09:17:31'),
(37, 'Батники', NULL, NULL, 'batniki', 36, 3, '1', '1', '1', '1', -1, '2016-10-29 04:44:18', '2016-10-29 04:44:18', NULL),
(38, 'Джинсы', NULL, NULL, 'ddginsy', 6, 2, '1', '1', '1', '1', 7, '2016-10-29 04:45:06', '2016-11-18 09:17:31', '2016-11-18 09:17:31'),
(39, 'Шорты', NULL, NULL, 'shorty', 6, 2, '1', '1', '1', '1', 8, '2016-10-29 04:45:26', '2016-11-18 09:17:30', '2016-11-18 09:17:30'),
(40, 'Спортивная одежда', NULL, NULL, 'sportivnaya-odedgda', 6, 2, '1', '1', '1', '1', 9, '2016-10-29 04:45:50', '2016-11-18 09:17:25', '2016-11-18 09:17:25'),
(41, 'Футболки', NULL, NULL, 'futbolki', 6, 2, '1', '1', '1', '1', 10, '2016-10-29 04:46:33', '2016-11-18 09:17:24', '2016-11-18 09:17:24'),
(42, 'Пляжная одежда', NULL, NULL, 'plyadgnaya-odedgda', 6, 2, '1', '1', '0', '1', 11, '2016-10-29 04:47:02', '2016-11-18 09:17:24', '2016-11-18 09:17:24'),
(43, 'Верхняя одежда', NULL, NULL, 'verkhnyaya-odedgda', 6, 2, '1', '1', '1', '1', 12, '2016-10-29 04:47:31', '2016-11-18 09:17:23', '2016-11-18 09:17:23'),
(44, 'Белье', NULL, NULL, 'bele', 6, 2, '1', '1', '1', '1', 13, '2016-10-29 04:47:58', '2016-11-18 09:17:22', '2016-11-18 09:17:22'),
(45, 'Носки и гетры', NULL, NULL, 'noski-i-getry', 6, 2, '1', '1', '1', '0', 14, '2016-10-29 04:48:42', '2016-11-18 09:17:21', '2016-11-18 09:17:21'),
(46, 'Носки и гетры', NULL, NULL, 'noski-i-getry', 45, 3, '1', '1', '1', '1', -1, '2016-10-29 04:48:42', '2016-10-29 04:48:42', NULL),
(47, 'Домашняя одежда', NULL, NULL, 'domashnyaya-odedgda', 6, 2, '1', '1', '0', '1', 15, '2016-10-29 04:49:26', '2016-11-18 09:17:20', '2016-11-18 09:17:20'),
(48, 'Ботинки', NULL, NULL, 'botinki', 5, 2, '1', '1', '1', '1', 1, '2016-10-29 04:54:28', '2016-11-18 09:17:17', '2016-11-18 09:17:17'),
(49, 'Туфли', NULL, NULL, 'tufli', 5, 2, '1', '1', '1', '1', 2, '2016-10-29 04:54:53', '2016-11-18 09:17:09', '2016-11-18 09:17:09'),
(50, 'Кроссовки и кеды', NULL, NULL, 'krossovki-i-kedy', 5, 2, '1', '1', '1', '1', 3, '2016-10-29 04:56:05', '2016-11-18 09:17:06', '2016-11-18 09:17:06'),
(51, 'Мокасины', NULL, NULL, 'mokasiny', 5, 2, '1', '1', '1', '1', 4, '2016-10-29 04:56:35', '2016-11-18 09:17:05', '2016-11-18 09:17:05'),
(52, 'Летняя обувь', NULL, NULL, 'letnyaya-obuv', 5, 2, '1', '1', '1', '1', 5, '2016-10-29 04:56:59', '2016-11-18 09:17:05', '2016-11-18 09:17:05'),
(53, 'Домашние тапочки', NULL, NULL, 'domashnie-tapochki', 5, 2, '1', '1', '0', '0', 6, '2016-10-29 04:57:22', '2016-11-18 09:17:04', '2016-11-18 09:17:04'),
(54, 'Головные уборы', NULL, NULL, 'golovnye-ubory', 4, 2, '1', '1', '1', '1', 1, '2016-10-29 04:57:57', '2016-11-18 09:17:03', '2016-11-18 09:17:03'),
(55, 'Перчатки', NULL, NULL, 'perchatki', 4, 2, '1', '1', '1', '1', 2, '2016-10-29 04:58:33', '2016-11-18 09:17:00', '2016-11-18 09:17:00'),
(56, 'Шарфы и платки', NULL, NULL, 'sharfy-i-platki', 4, 2, '1', '1', '1', '1', 3, '2016-10-29 04:59:00', '2016-11-18 09:17:00', '2016-11-18 09:17:00'),
(57, 'Ремни', NULL, NULL, 'remni', 4, 2, '1', '1', '1', '1', 4, '2016-10-29 04:59:47', '2016-11-18 09:16:35', '2016-11-18 09:16:35'),
(58, 'Галстуки и бабочки', NULL, NULL, 'galstuki-i-babochki', 4, 2, '1', '1', '1', '1', 5, '2016-10-29 05:00:16', '2016-11-18 09:16:33', '2016-11-18 09:16:33'),
(59, 'Портмоне и кошельки', NULL, NULL, 'portmone-i-koshelki', 4, 2, '1', '1', '0', '1', 6, '2016-10-29 05:00:59', '2016-11-18 09:16:31', '2016-11-18 09:16:31'),
(60, 'Дорожные сумки', NULL, NULL, 'dorodgnye-sumki', 30, 2, '1', '1', '0', '0', 1, '2016-10-29 05:03:28', '2016-11-18 09:16:31', '2016-11-18 09:16:31'),
(61, 'Спортивные сумки', NULL, NULL, 'sportivnye-sumki', 30, 2, '1', '1', '0', '0', 2, '2016-10-29 05:03:55', '2016-11-18 09:16:30', '2016-11-18 09:16:30'),
(62, 'Спортивные сумки', NULL, NULL, 'sportivnye-sumki', 61, 3, '1', '1', '0', '1', -1, '2016-10-29 05:03:55', '2016-10-29 05:03:55', NULL),
(63, 'Дорожные сумки', NULL, NULL, 'dorodgnye-sumki', 60, 3, '1', '1', '0', '1', -1, '2016-10-29 05:04:06', '2016-10-29 05:04:06', NULL),
(64, 'Рюкзаки', NULL, NULL, 'ryukzaki', 30, 2, '1', '1', '0', '0', 3, '2016-10-29 05:04:26', '2016-11-18 09:16:29', '2016-11-18 09:16:29'),
(65, 'Рюкзаки', NULL, NULL, 'ryukzaki', 64, 3, '1', '1', '0', '1', -1, '2016-10-29 05:04:26', '2016-10-29 05:04:26', NULL),
(66, 'Барсетки', NULL, NULL, 'barsetki', 30, 2, '1', '1', '0', '0', 4, '2016-10-29 05:04:44', '2016-11-18 09:16:28', '2016-11-18 09:16:28'),
(67, 'Барсетки', NULL, NULL, 'barsetki', 66, 3, '1', '1', '0', '1', -1, '2016-10-29 05:04:44', '2016-10-29 05:04:44', NULL),
(68, 'Чехлы для планшетов', NULL, NULL, 'chekhly-dlya-planshetov', 30, 2, '1', '1', '0', '0', 5, '2016-10-29 05:05:14', '2016-11-18 09:16:27', '2016-11-18 09:16:27'),
(69, 'Чехлы для планшетов', NULL, NULL, 'chekhly-dlya-planshetov', 68, 3, '1', '1', '0', '1', -1, '2016-10-29 05:05:14', '2016-10-29 05:05:14', NULL),
(70, 'Классические костюмы', NULL, NULL, 'klassicheskie-kostyumy', 31, 3, '1', '1', '0', '1', 1, '2016-10-30 03:53:11', '2016-11-18 09:18:13', '2016-11-18 09:18:13'),
(71, 'Полуприталенные костюмы', NULL, NULL, 'polupritalennye-kostyumy', 31, 3, '1', '1', '0', '1', 2, '2016-10-30 03:54:24', '2016-11-18 09:18:13', '2016-11-18 09:18:13'),
(72, 'Приталенные костюмы', NULL, NULL, 'pritalennye-kostyumy', 31, 3, '1', '1', '0', '1', 3, '2016-10-30 03:54:52', '2016-11-18 09:18:13', '2016-11-18 09:18:13'),
(73, 'Пиджаки', NULL, NULL, 'piddgaki', 32, 3, '1', '1', '0', '1', 1, '2016-10-30 04:15:55', '2016-11-18 09:18:13', '2016-11-18 09:18:13'),
(74, 'Классические брюки', NULL, NULL, 'klassicheskie-bryuki', 33, 3, '1', '1', '0', '1', 1, '2016-10-30 04:30:06', '2016-11-18 09:18:26', '2016-11-18 09:18:26'),
(75, 'Слаксы', NULL, NULL, 'slaksy', 33, 3, '1', '1', '0', '1', 2, '2016-10-30 04:30:40', '2016-11-18 09:18:26', '2016-11-18 09:18:26'),
(76, 'Рубашки с короткими рукавами', NULL, NULL, 'rubashki-s-korotkimi-rukavami', 34, 3, '1', '1', '0', '1', 1, '2016-10-30 04:43:18', '2016-11-18 09:18:26', '2016-11-18 09:18:26'),
(77, 'Рубашки с длинными рукавами', NULL, NULL, 'rubashki-s-dlinnymi-rukavami', 34, 3, '1', '1', '0', '1', 2, '2016-10-30 04:46:01', '2016-11-18 09:18:26', '2016-11-18 09:18:26'),
(78, 'Рубашки со стойким воротником', NULL, NULL, 'rubashki-so-stoykim-vorotnikom', 34, 3, '1', '1', '0', '1', 3, '2016-10-30 04:46:32', '2016-11-18 09:18:26', '2016-11-18 09:18:26'),
(79, 'Свитера', NULL, NULL, 'svitera', 35, 3, '1', '1', '0', '1', 1, '2016-10-30 04:53:06', '2016-11-18 09:18:26', '2016-11-18 09:18:26'),
(80, 'Демперы и пуловеры', NULL, NULL, 'dempery-i-pulovery', 35, 3, '1', '1', '0', '1', 2, '2016-10-30 04:53:43', '2016-11-18 09:18:26', '2016-11-18 09:18:26'),
(81, 'Классические джинсы', NULL, NULL, 'klassicheskie-ddginsy', 38, 3, '1', '1', '0', '1', 1, '2016-10-30 04:55:43', '2016-11-18 09:18:25', '2016-11-18 09:18:25'),
(82, 'Зауженные джинсы', NULL, NULL, 'zaudgennye-ddginsy', 38, 3, '1', '1', '0', '1', 2, '2016-10-30 04:56:13', '2016-11-18 09:18:25', '2016-11-18 09:18:25'),
(83, 'Прямые джинсы', NULL, NULL, 'pryamye-ddginsy', 38, 3, '1', '1', '0', '1', 3, '2016-10-30 04:56:39', '2016-11-18 09:18:25', '2016-11-18 09:18:25'),
(84, 'Спортивные костюмы', NULL, NULL, 'sportivnye-kostyumy', 40, 3, '1', '1', '0', '1', 1, '2016-10-30 04:57:47', '2016-11-18 09:18:07', '2016-11-18 09:18:07'),
(85, 'Олимпийки и толстовки', NULL, NULL, 'olimpiyki-i-tolstovki', 40, 3, '1', '1', '0', '1', 2, '2016-10-30 04:58:14', '2016-11-18 09:18:07', '2016-11-18 09:18:07'),
(86, 'Спортивные брюки', NULL, NULL, 'sportivnye-bryuki', 40, 3, '1', '1', '0', '1', 3, '2016-10-30 04:58:39', '2016-11-18 09:18:07', '2016-11-18 09:18:07'),
(87, 'Футболки с длинным рукавом', NULL, NULL, 'futbolki-s-dlinnym-rukavom', 41, 3, '1', '1', '0', '1', 1, '2016-10-30 05:04:38', '2016-11-18 09:18:07', '2016-11-18 09:18:07'),
(88, 'Пуховики и зимние куртки', NULL, NULL, 'pukhoviki-i-zimnie-kurtki', 43, 3, '1', '1', '0', '1', 1, '2016-10-30 05:05:56', '2016-11-18 09:18:06', '2016-11-18 09:18:06'),
(89, 'Дубленки', NULL, NULL, 'dublenki', 43, 3, '1', '1', '0', '1', 2, '2016-10-30 05:06:15', '2016-11-18 09:18:06', '2016-11-18 09:18:06'),
(90, 'Демисезонные куртки', NULL, NULL, 'demisezonnye-kurtki', 43, 3, '1', '1', '0', '1', 3, '2016-10-30 05:06:40', '2016-11-18 09:18:06', '2016-11-18 09:18:06'),
(91, 'Классические куртки', NULL, NULL, 'klassicheskie-kurtki', 43, 3, '1', '1', '0', '1', 4, '2016-10-30 05:07:06', '2016-11-18 09:18:06', '2016-11-18 09:18:06'),
(92, 'Плащи', NULL, NULL, 'plaschi', 43, 3, '1', '1', '0', '1', 5, '2016-10-30 05:08:28', '2016-11-18 09:18:06', '2016-11-18 09:18:06'),
(93, 'Кожаные куртки', NULL, NULL, 'kodganye-kurtki', 43, 3, '1', '1', '0', '1', 6, '2016-10-30 05:08:56', '2016-11-18 09:18:06', '2016-11-18 09:18:06'),
(94, 'Безрукавки', NULL, NULL, 'bezrukavki', 43, 3, '1', '1', '0', '1', 7, '2016-10-30 05:09:20', '2016-11-18 09:18:20', '2016-11-18 09:18:20'),
(95, 'Легкие куртки и ветровки', NULL, NULL, 'legkie-kurtki-i-vetrovki', 43, 3, '1', '1', '0', '1', 8, '2016-10-30 05:09:43', '2016-11-18 09:18:20', '2016-11-18 09:18:20'),
(96, 'Футболки и майки', NULL, NULL, 'futbolki-i-mayki', 44, 3, '1', '1', '0', '1', 1, '2016-10-30 05:11:22', '2016-11-18 09:18:20', '2016-11-18 09:18:20'),
(97, 'Утягивающие майки', NULL, NULL, 'utyagivayuschie-mayki', 44, 3, '1', '1', '0', '1', 2, '2016-10-30 05:11:45', '2016-11-18 09:18:20', '2016-11-18 09:18:20'),
(98, 'трусы', NULL, NULL, 'trusy', 44, 3, '1', '1', '0', '1', 3, '2016-10-30 05:12:12', '2016-11-18 09:18:19', '2016-11-18 09:18:19'),
(99, 'Сапоги и ботинки', NULL, NULL, 'sapogi-i-botinki', 48, 3, '1', '1', '0', '1', 1, '2016-10-30 05:13:08', '2016-11-18 09:18:19', '2016-11-18 09:18:19'),
(100, 'Осенние ботинки', NULL, NULL, 'osennie-botinki', 48, 3, '1', '1', '0', '1', 2, '2016-10-30 05:13:30', '2016-11-18 09:18:19', '2016-11-18 09:18:19'),
(101, 'Туфли', NULL, NULL, 'tufli', 49, 3, '1', '1', '0', '1', 1, '2016-10-30 05:16:00', '2016-11-18 09:18:19', '2016-11-18 09:18:19'),
(102, 'Кроссовки', NULL, NULL, 'krossovki', 50, 3, '1', '1', '0', '1', 1, '2016-10-30 05:16:18', '2016-11-18 09:18:19', '2016-11-18 09:18:19'),
(103, 'Кеды', NULL, NULL, 'kedy', 50, 3, '1', '1', '0', '1', 2, '2016-10-30 05:16:36', '2016-11-18 09:18:19', '2016-11-18 09:18:19'),
(104, 'Мокасины', NULL, NULL, 'mokasiny', 51, 3, '1', '1', '0', '1', 1, '2016-10-30 05:18:19', '2016-11-18 09:18:00', '2016-11-18 09:18:00'),
(105, 'Кепки', NULL, NULL, 'kepki', 54, 3, '1', '1', '0', '1', 1, '2016-10-30 05:19:14', '2016-11-18 09:18:00', '2016-11-18 09:18:00'),
(106, 'Шапки', NULL, NULL, 'shapki', 54, 3, '1', '1', '0', '1', 2, '2016-10-30 05:19:35', '2016-11-18 09:18:00', '2016-11-18 09:18:00'),
(107, 'Текстильные перчатки', NULL, NULL, 'tekstilnye-perchatki', 55, 3, '1', '1', '0', '1', 1, '2016-10-30 05:19:56', '2016-11-18 09:17:59', '2016-11-18 09:17:59'),
(108, 'Кожаные перчатки', NULL, NULL, 'kodganye-perchatki', 55, 3, '1', '1', '0', '1', 3, '2016-10-30 05:20:19', '2016-11-18 09:17:59', '2016-11-18 09:17:59'),
(109, 'Шарфы', NULL, NULL, 'sharfy', 56, 3, '1', '1', '0', '1', 1, '2016-10-30 05:20:48', '2016-11-18 09:17:59', '2016-11-18 09:17:59'),
(110, 'Носовые платки', NULL, NULL, 'nosovye-platki', 56, 3, '1', '1', '0', '1', 2, '2016-10-30 05:21:09', '2016-11-18 09:17:59', '2016-11-18 09:17:59'),
(111, 'Ремни', NULL, NULL, 'remni', 57, 3, '1', '1', '0', '1', 1, '2016-10-30 05:22:20', '2016-11-18 09:17:59', '2016-11-18 09:17:59'),
(112, 'Галстуки', NULL, NULL, 'galstuki', 58, 3, '1', '1', '0', '1', 1, '2016-10-30 05:22:44', '2016-11-18 09:17:59', '2016-11-18 09:17:59'),
(113, 'Бабочки', NULL, NULL, 'babochki', 58, 3, '1', '1', '0', '1', 2, '2016-10-30 05:23:02', '2016-11-18 09:17:58', '2016-11-18 09:17:58'),
(114, 'Домашние тапочки', NULL, NULL, 'domashnie-tapochki', 53, 3, '1', '1', '0', '1', -1, '2016-10-30 08:20:37', '2016-10-30 08:20:37', NULL),
(115, 'Женская одежда', NULL, NULL, 'dgenskaya-odedgda', NULL, 1, '0', '1', '1', '1', 1, '2016-11-18 09:00:22', '2016-11-18 09:03:07', NULL),
(116, 'Женская обувь', NULL, NULL, 'dgenskaya-obuv', NULL, 1, '0', '1', '1', '1', 2, '2016-11-18 09:01:37', '2016-11-18 09:01:37', NULL),
(117, 'Сумки', NULL, NULL, 'sumki', NULL, 1, '0', '1', '1', '1', 3, '2016-11-18 09:03:24', '2018-02-12 09:09:57', NULL),
(118, 'Аксессуары', NULL, NULL, 'aksessuary', NULL, 1, '0', '1', '1', '1', 4, '2016-11-18 09:03:46', '2016-11-18 09:03:46', NULL),
(119, 'Украшения', NULL, NULL, 'ukrasheniya', NULL, 1, '0', '1', '1', '1', 5, '2016-11-18 09:04:06', '2016-11-18 09:04:06', NULL),
(120, 'Мужская одежда ', NULL, NULL, 'mudgskaya-odedgda', NULL, 1, '1', '1', '1', '1', 1, '2016-11-18 09:04:27', '2016-11-18 09:04:27', NULL),
(121, 'Мужская обувь', NULL, NULL, 'mudgskaya-obuv', NULL, 1, '1', '1', '1', '1', 2, '2016-11-18 09:05:10', '2016-11-18 09:05:10', NULL),
(122, 'Аксессуары', NULL, NULL, 'aksessuary', NULL, 1, '1', '1', '1', '1', 3, '2016-11-18 09:05:26', '2016-11-18 09:05:26', NULL),
(123, 'Сумки', NULL, NULL, 'sumki', NULL, 1, '1', '1', '1', '1', 4, '2016-11-18 09:05:40', '2016-11-18 09:05:40', NULL),
(124, 'Платья', NULL, NULL, 'platya', 115, 2, '1', '1', '1', '1', 1, '2016-11-18 09:07:04', '2016-11-18 09:07:04', NULL),
(125, 'Юбки', NULL, NULL, 'yubki', 115, 2, '1', '1', '1', '1', 2, '2016-11-18 09:07:40', '2016-11-18 09:07:59', NULL),
(126, 'Брюки', NULL, NULL, 'bryuki', 115, 2, '1', '1', '1', '1', 3, '2016-11-18 09:08:20', '2016-11-18 09:08:20', NULL),
(127, 'Джинсы', NULL, NULL, 'ddginsy', 115, 2, '1', '1', '1', '1', 4, '2016-11-18 09:08:40', '2016-11-18 09:08:40', NULL),
(128, 'Шорты', NULL, NULL, 'shorty', 115, 2, '1', '1', '1', '1', 5, '2016-11-18 09:08:55', '2016-11-18 09:08:55', NULL),
(129, 'Блузки и рубашки', NULL, NULL, 'bluzki-i-rubashki', 115, 2, '1', '1', '1', '1', 6, '2016-11-18 09:11:06', '2016-11-18 09:11:06', NULL),
(130, 'Свитера и кардиганы', NULL, NULL, 'svitera-i-kardigany', 115, 2, '1', '1', '1', '1', 7, '2016-11-18 09:11:26', '2016-11-18 09:11:26', NULL),
(131, 'Футболки и поло', NULL, NULL, 'futbolki-i-polo', 115, 2, '1', '1', '1', '1', 8, '2016-11-18 09:11:43', '2016-11-18 09:11:43', NULL),
(132, 'Пиджаки и жилеты', NULL, NULL, 'piddgaki-i-dgilety', 115, 2, '1', '1', '1', '1', 9, '2016-11-18 09:12:03', '2016-11-18 09:12:03', NULL),
(133, 'Костюмы', NULL, NULL, 'kostyumy', 115, 2, '1', '1', '1', '1', 10, '2016-11-18 09:12:21', '2016-11-18 09:12:21', NULL),
(134, 'Спортивная одежда', NULL, NULL, 'sportivnaya-odedgda', 115, 2, '1', '1', '1', '1', 11, '2016-11-18 09:13:25', '2016-11-18 09:13:25', NULL),
(135, 'Верхняя одежда', NULL, NULL, 'verkhnyaya-odedgda', 115, 2, '1', '1', '1', '1', 12, '2016-11-18 09:13:43', '2016-11-18 09:13:43', NULL),
(136, 'Вечерние платья', NULL, NULL, 'vechernie-platya', 124, 3, '1', '1', '0', '1', 1, '2016-11-18 09:20:37', '2016-11-18 09:20:37', NULL),
(137, 'Коктейльные платья', NULL, NULL, 'kokteylnye-platya', 124, 3, '1', '1', '0', '1', 2, '2016-11-18 09:21:12', '2016-11-18 09:21:12', NULL),
(138, 'Платья – макси', NULL, NULL, 'platya-–-maksi', 124, 3, '1', '1', '0', '1', 3, '2016-11-18 09:21:29', '2016-11-18 09:21:29', NULL),
(139, 'Платья – миди', NULL, NULL, 'platya-–-midi', 124, 3, '1', '1', '0', '1', 4, '2016-11-18 09:21:48', '2016-11-18 09:21:48', NULL),
(140, 'Вязаные и трикотажные платья ', NULL, NULL, 'vyazanye-i-trikotadgnye-platya', 124, 3, '1', '1', '0', '1', 5, '2016-11-18 09:22:14', '2016-11-18 09:22:14', NULL),
(141, 'Джинсовые платья', NULL, NULL, 'ddginsovye-platya', 124, 3, '1', '1', '0', '1', 6, '2016-11-18 09:22:35', '2016-11-18 09:22:35', NULL),
(142, 'Спортивные платья', NULL, NULL, 'sportivnye-platya', 124, 3, '1', '1', '0', '1', 7, '2016-11-18 09:29:33', '2016-11-18 09:29:33', NULL),
(143, 'Юбка – шорты', NULL, NULL, 'yubka-–-shorty', 125, 3, '1', '1', '0', '1', 1, '2016-11-18 09:30:48', '2016-11-18 09:30:48', NULL),
(144, 'Джинсовые юбки ', NULL, NULL, 'ddginsovye-yubki', 125, 3, '1', '1', '0', '1', 2, '2016-11-18 09:31:15', '2016-11-18 09:31:15', NULL),
(145, 'Юбки – макси ', NULL, NULL, 'yubki-–-maksi', 125, 3, '1', '1', '0', '1', 3, '2016-11-18 09:35:33', '2016-11-18 09:35:33', NULL),
(146, 'Юбки – миди', NULL, NULL, 'yubki-–-midi', 125, 3, '1', '1', '0', '1', 4, '2016-11-18 09:35:53', '2016-11-18 09:35:53', NULL),
(147, 'Прямые юбки', NULL, NULL, 'pryamye-yubki', 125, 3, '1', '1', '0', '1', 5, '2016-11-18 09:36:23', '2016-11-18 09:36:23', NULL),
(148, 'Юбки – карандаш', NULL, NULL, 'yubki-–-karandash', 125, 3, '1', '1', '0', '1', 6, '2016-11-18 09:38:58', '2016-11-18 09:38:58', NULL),
(149, 'Расклешенные юбки', NULL, NULL, 'raskleshennye-yubki', 125, 3, '1', '1', '0', '1', 7, '2016-11-18 09:39:15', '2016-11-18 09:39:15', NULL),
(150, 'Классические брюки', NULL, NULL, 'klassicheskie-bryuki', 126, 3, '1', '1', '0', '1', 1, '2016-11-18 09:39:56', '2016-11-18 09:39:56', NULL),
(151, 'Зауженные брюки', NULL, NULL, 'zaudgennye-bryuki', 126, 3, '1', '1', '0', '1', 2, '2016-11-18 09:40:11', '2016-11-18 09:40:11', NULL),
(152, 'Прямые брюки', NULL, NULL, 'pryamye-bryuki', 126, 3, '1', '1', '0', '1', 3, '2016-11-18 09:40:32', '2016-11-18 09:40:32', NULL),
(153, 'Широкие и расклешенные брюки', NULL, NULL, 'shirokie-i-raskleshennye-bryuki', 126, 3, '1', '1', '0', '1', 4, '2016-11-18 09:41:02', '2016-11-18 09:41:02', NULL),
(154, 'Утепленные брюки ', NULL, NULL, 'uteplennye-bryuki', 126, 3, '1', '1', '0', '1', 5, '2016-11-18 09:41:21', '2016-11-18 09:41:21', NULL),
(155, 'Бриджи и капри', NULL, NULL, 'briddgi-i-kapri', 126, 3, '1', '1', '0', '1', 6, '2016-11-18 09:41:40', '2016-11-18 09:41:40', NULL),
(156, 'Леггинсы', NULL, NULL, 'legginsy', 126, 3, '1', '1', '0', '1', 7, '2016-11-18 09:42:02', '2016-11-18 09:42:02', NULL),
(157, 'Джинсы – бойфренды', NULL, NULL, 'ddginsy-–-boyfrendy', 127, 3, '1', '1', '0', '1', 1, '2016-11-18 09:42:22', '2016-11-18 09:42:22', NULL),
(158, 'Джинсы с высокой талией', NULL, NULL, 'ddginsy-s-vysokoy-taliey', 127, 3, '1', '1', '0', '1', 3, '2016-11-18 09:42:39', '2017-12-25 15:01:43', NULL),
(159, 'Узкие джинсы', NULL, NULL, 'uzkie-ddginsy', 127, 3, '1', '1', '0', '1', 4, '2016-11-18 09:42:57', '2017-12-25 15:02:57', NULL),
(160, 'Прямые джинсы', NULL, NULL, 'pryamye-ddginsy', 127, 3, '1', '1', '0', '1', 4, '2016-11-18 09:43:16', '2016-11-18 09:43:16', NULL),
(161, 'Спортивные шорты', NULL, NULL, 'sportivnye-shorty', 128, 3, '1', '1', '0', '1', 1, '2016-11-18 09:45:17', '2016-11-18 09:45:17', NULL),
(162, 'Джинсовые шорты', NULL, NULL, 'ddginsovye-shorty', 128, 3, '1', '1', '0', '1', 2, '2016-11-18 09:45:35', '2016-11-18 09:45:35', NULL),
(163, 'Рубашки', NULL, NULL, 'rubashki', 129, 3, '1', '1', '0', '1', 1, '2016-11-18 09:46:08', '2016-11-18 09:46:08', NULL),
(164, 'Джинсовые рубашки', NULL, NULL, 'ddginsovye-rubashki', 129, 3, '1', '1', '0', '1', 2, '2016-11-18 09:46:24', '2016-11-18 09:46:24', NULL),
(165, 'Блузки', NULL, NULL, 'bluzki', 129, 3, '1', '1', '0', '1', 3, '2016-11-18 09:46:42', '2016-11-18 09:46:42', NULL),
(166, 'Блузы', NULL, NULL, 'bluzy', 129, 3, '1', '1', '0', '1', 4, '2016-11-18 09:46:58', '2016-11-18 09:46:58', NULL),
(167, 'Джемперы и пуловеры', NULL, NULL, 'ddgempery-i-pulovery', 130, 3, '1', '1', '0', '1', 1, '2016-11-18 09:47:18', '2016-11-18 09:47:18', NULL),
(168, 'Свитеры', NULL, NULL, 'svitery', 130, 3, '1', '1', '0', '1', 2, '2016-11-18 09:47:37', '2016-11-18 09:47:37', NULL),
(169, 'Кардиганы', NULL, NULL, 'kardigany', 130, 3, '1', '1', '0', '1', 3, '2016-11-18 09:47:55', '2016-11-18 09:47:55', NULL),
(170, 'Пончо, жилеты и накидки', NULL, NULL, 'poncho-dgilety-i-nakidki', 130, 3, '1', '1', '0', '1', 4, '2016-11-18 09:48:13', '2016-11-18 09:48:13', NULL),
(171, 'Водолазки', NULL, NULL, 'vodolazki', 130, 3, '1', '1', '0', '1', 5, '2016-11-18 09:48:34', '2016-11-18 09:48:34', NULL),
(172, 'Поло', NULL, NULL, 'polo', 131, 3, '1', '1', '0', '1', 1, '2016-11-18 09:48:55', '2016-11-18 09:48:55', NULL),
(173, 'Футболки с надписями', NULL, NULL, 'futbolki-s-nadpisyami', 131, 3, '1', '1', '0', '1', 2, '2016-11-18 09:49:16', '2016-11-18 09:49:16', NULL),
(174, 'Футболки с фотопринтами', NULL, NULL, 'futbolki-s-fotoprintami', 131, 3, '1', '1', '0', '1', 3, '2016-11-18 09:49:38', '2016-11-18 09:49:38', NULL),
(175, 'Спортивные футболки', NULL, NULL, 'sportivnye-futbolki', 131, 3, '1', '1', '0', '1', 4, '2016-11-18 09:50:14', '2016-11-18 09:50:14', NULL),
(176, 'Футболки с короткими рукавами', NULL, NULL, 'futbolki-s-korotkimi-rukavami', 131, 3, '1', '1', '0', '1', 5, '2016-11-18 09:50:35', '2016-11-18 09:50:35', NULL),
(177, 'Футболки с длинными рукавами', NULL, NULL, 'futbolki-s-dlinnymi-rukavami', 131, 3, '1', '1', '0', '1', 6, '2016-11-18 09:50:55', '2016-11-18 09:50:55', NULL),
(178, 'Жилеты', NULL, NULL, 'dgilety', 132, 3, '1', '1', '0', '1', 1, '2016-11-18 09:51:24', '2016-11-18 09:51:24', NULL),
(179, 'Жакеты и пиджаки', NULL, NULL, 'dgakety-i-piddgaki', 132, 3, '1', '1', '0', '1', 2, '2016-11-18 09:51:45', '2016-11-18 09:51:45', NULL),
(180, 'Костюмы с юбкой', NULL, NULL, 'kostyumy-s-yubkoy', 133, 3, '1', '1', '0', '1', 1, '2016-11-18 09:52:04', '2016-11-18 09:52:04', NULL),
(181, 'Костюмы с брюками', NULL, NULL, 'kostyumy-s-bryukami', 133, 3, '1', '1', '0', '1', 2, '2016-11-18 09:52:26', '2016-11-18 09:52:26', NULL),
(182, 'Спортивные костюмы', NULL, NULL, 'sportivnye-kostyumy', 134, 3, '1', '1', '0', '1', 1, '2016-11-18 09:52:57', '2016-11-18 09:52:57', NULL),
(183, 'Спортивные брюки', NULL, NULL, 'sportivnye-bryuki', 134, 3, '1', '1', '0', '1', 2, '2016-11-18 09:53:22', '2016-11-18 09:53:22', NULL),
(184, 'Безрукавка', NULL, NULL, 'bezrukavka', 135, 3, '1', '1', '0', '1', 1, '2016-11-18 09:53:51', '2016-11-18 09:53:51', NULL),
(185, 'Накидки и пончо', NULL, NULL, 'nakidki-i-poncho', 135, 3, '1', '1', '0', '1', 2, '2016-11-18 09:54:09', '2016-11-18 09:54:09', NULL),
(186, 'Легкие куртки и ветровки', NULL, NULL, 'legkie-kurtki-i-vetrovki', 135, 3, '1', '1', '0', '1', 3, '2016-11-18 09:54:29', '2016-11-18 09:54:29', NULL),
(187, 'Кожаные куртки', NULL, NULL, 'kodganye-kurtki', 135, 3, '1', '1', '0', '1', 4, '2016-11-18 09:54:45', '2016-11-18 09:54:45', NULL),
(188, 'Джинсовые куртки', NULL, NULL, 'ddginsovye-kurtki', 135, 3, '1', '1', '0', '1', 5, '2016-11-18 09:55:09', '2016-11-18 09:55:09', NULL),
(189, 'Плащи и тренчкоты', NULL, NULL, 'plaschi-i-trenchkoty', 135, 3, '1', '1', '0', '1', 6, '2016-11-18 09:55:35', '2016-11-18 09:55:35', NULL),
(190, 'Пальто', NULL, NULL, 'palto', 135, 3, '1', '1', '0', '1', 7, '2016-11-18 09:55:56', '2016-11-18 09:55:56', NULL),
(191, 'Демисезонные куртки', NULL, NULL, 'demisezonnye-kurtki', 135, 3, '1', '1', '0', '1', 8, '2016-11-18 09:56:26', '2016-11-18 09:56:26', NULL),
(192, 'Парки', NULL, NULL, 'parki', 135, 3, '1', '1', '0', '1', 9, '2016-11-18 09:56:44', '2016-11-18 09:56:44', NULL),
(193, 'Пуховики и зимние куртки', NULL, NULL, 'pukhoviki-i-zimnie-kurtki', 135, 3, '1', '1', '0', '1', 10, '2016-11-18 09:57:01', '2016-11-18 09:57:01', NULL),
(194, 'Балетки ', NULL, NULL, 'baletki', 116, 2, '1', '1', '1', '0', 1, '2016-11-18 09:58:19', '2017-12-28 05:52:45', NULL),
(195, 'Туфли', NULL, NULL, 'tufli', 116, 2, '1', '1', '1', '1', 2, '2016-11-18 09:58:35', '2016-11-18 09:58:35', NULL),
(196, 'Басоножки', NULL, NULL, 'basonodgki', 116, 2, '1', '1', '1', '1', 3, '2016-11-18 09:58:50', '2016-11-18 09:58:50', NULL),
(197, 'Пляжная обувь', NULL, NULL, 'plyadgnaya-obuv', 116, 2, '1', '1', '1', '1', 4, '2016-11-18 09:59:10', '2016-11-18 09:59:10', NULL),
(198, 'Кроссовки', NULL, NULL, 'krossovki', 116, 2, '1', '1', '1', '1', 5, '2016-11-18 09:59:39', '2016-11-18 09:59:39', NULL),
(199, 'Ботильоны', NULL, NULL, 'botilony', 116, 2, '1', '1', '1', '1', 6, '2016-11-18 09:59:59', '2016-11-18 09:59:59', NULL),
(200, 'Ботинки', NULL, NULL, 'botinki', 116, 2, '1', '1', '1', '1', 7, '2016-11-18 10:00:31', '2016-11-18 10:00:31', NULL),
(201, 'Сапоги', NULL, NULL, 'sapogi', 116, 2, '1', '1', '1', '1', 8, '2016-11-18 10:00:48', '2016-11-18 10:00:48', NULL),
(202, 'Лодочки', NULL, NULL, 'lodochki', 195, 3, '1', '1', '0', '1', 1, '2016-11-18 10:01:21', '2016-11-18 10:01:21', NULL),
(203, 'Лофер', NULL, NULL, 'lofer', 195, 3, '1', '1', '0', '1', 2, '2016-11-18 10:01:41', '2016-11-18 10:01:41', NULL),
(204, 'Шлепанцы', NULL, NULL, 'shlepantsy', 197, 3, '1', '1', '0', '1', 1, '2016-11-18 10:02:39', '2016-11-18 10:02:39', NULL),
(205, 'Слипоны', NULL, NULL, 'slipony', 198, 3, '1', '1', '0', '1', 1, '2016-11-18 10:03:04', '2016-11-18 10:03:04', NULL),
(206, 'Кеды', NULL, NULL, 'kedy', 198, 3, '1', '1', '0', '1', 2, '2016-11-18 10:03:23', '2016-11-18 10:03:23', NULL),
(207, 'Кроссовки', NULL, NULL, 'krossovki', 198, 3, '1', '1', '0', '1', 3, '2016-11-18 10:03:47', '2016-11-18 10:03:47', NULL),
(208, 'Ботинки', NULL, NULL, 'botinki', 200, 3, '1', '1', '0', '1', 1, '2016-11-18 10:04:08', '2016-11-18 10:04:08', NULL),
(209, 'Спортивные ботинки', NULL, NULL, 'sportivnye-botinki', 200, 3, '1', '1', '0', '1', 2, '2016-11-18 10:04:39', '2016-11-18 10:04:39', NULL),
(210, 'Спортивные ботинки', NULL, NULL, 'sportivnye-botinki', 200, 3, '1', '1', '0', '1', 2, '2016-11-18 10:04:39', '2016-11-18 10:05:14', '2016-11-18 10:05:14'),
(211, 'Ботфорты', NULL, NULL, 'botforty', 201, 3, '1', '1', '0', '1', 1, '2016-11-18 10:05:32', '2016-11-18 10:05:32', NULL),
(212, 'Полусапоги', NULL, NULL, 'polusapogi', 201, 3, '1', '1', '0', '1', 2, '2016-11-18 10:05:51', '2016-11-18 10:05:51', NULL),
(213, 'Замшевые сапоги', NULL, NULL, 'zamshevye-sapogi', 201, 3, '1', '1', '0', '1', 3, '2016-11-18 10:06:10', '2016-11-18 10:06:10', NULL),
(214, 'Кожаные сапоги ', NULL, NULL, 'kodganye-sapogi', 201, 3, '1', '1', '0', '1', 4, '2016-11-18 10:06:50', '2016-11-18 10:06:50', NULL),
(215, 'Классические сапоги ', NULL, NULL, 'klassicheskie-sapogi', 201, 3, '1', '1', '0', '1', 5, '2016-11-18 10:07:10', '2016-11-18 10:07:10', NULL),
(216, 'Кожаные сумки', NULL, NULL, 'kodganye-sumki', 117, 2, '1', '1', '1', '1', 1, '2016-11-18 10:07:37', '2016-11-18 10:07:37', NULL),
(217, 'Текстильные сумки', NULL, NULL, 'tekstilnye-sumki', 117, 2, '1', '1', '1', '1', 2, '2016-11-18 10:08:09', '2016-11-18 10:08:09', NULL),
(218, 'Большие сумки', NULL, NULL, 'bolshie-sumki', 117, 2, '1', '1', '1', '1', 3, '2016-11-18 10:08:30', '2016-11-18 10:08:30', NULL),
(219, 'Маленькие сумки', NULL, NULL, 'malenkie-sumki', 117, 2, '1', '1', '1', '1', 4, '2016-11-18 10:09:02', '2016-11-18 10:09:02', NULL),
(220, 'Спортивные сумки', NULL, NULL, 'sportivnye-sumki', 117, 2, '1', '1', '1', '1', 5, '2016-11-18 10:09:24', '2016-11-18 10:09:44', NULL),
(221, 'Летние сумки', NULL, NULL, 'letnie-sumki', 117, 2, '1', '1', '1', '1', 6, '2016-11-18 10:10:03', '2016-11-18 10:10:03', NULL),
(222, 'Клатчи', NULL, NULL, 'klatchi', 117, 2, '1', '1', '1', '1', 7, '2016-11-18 10:10:25', '2016-11-18 10:10:25', NULL),
(223, 'Головные уборы', NULL, NULL, 'golovnye-ubory', 118, 2, '1', '1', '1', '1', 1, '2016-11-18 10:11:08', '2016-11-18 10:13:37', NULL),
(224, 'Перчатки', NULL, NULL, 'perchatki', 118, 2, '1', '1', '1', '1', 2, '2016-11-18 10:14:12', '2016-11-18 10:14:12', NULL),
(225, 'Шарфы и платки', NULL, NULL, 'sharfy-i-platki', 118, 2, '1', '1', '1', '1', 3, '2016-11-18 10:14:38', '2016-11-18 10:14:38', NULL),
(226, 'Ремни', NULL, NULL, 'remni', 118, 2, '1', '1', '1', '1', 4, '2016-11-18 10:14:54', '2016-11-18 10:14:54', NULL),
(227, 'Шапки', NULL, NULL, 'shapki', 223, 3, '1', '1', '0', '1', 1, '2016-11-18 10:15:34', '2016-11-18 10:15:34', NULL),
(228, 'Шляпы', NULL, NULL, 'shlyapy', 223, 3, '1', '1', '0', '1', 2, '2016-11-18 10:16:06', '2016-11-18 10:16:06', NULL),
(229, 'Кожаные перчатки', NULL, NULL, 'kodganye-perchatki', 224, 3, '1', '1', '0', '1', 1, '2016-11-18 10:16:24', '2016-11-18 10:16:24', NULL),
(230, 'Текстильные перчатки', NULL, NULL, 'tekstilnye-perchatki', 224, 3, '1', '1', '0', '1', 2, '2016-11-18 10:16:55', '2016-11-18 10:16:55', NULL),
(231, 'Шарфы', NULL, NULL, 'sharfy', 225, 3, '1', '1', '0', '1', 1, '2016-11-18 10:17:15', '2016-11-18 10:17:15', NULL),
(232, 'Платки', NULL, NULL, 'platki', 225, 3, '1', '1', '0', '1', 2, '2016-11-18 10:17:32', '2016-11-18 10:17:32', NULL),
(233, 'Палантины, шали', NULL, NULL, 'palantiny-shali', 225, 3, '1', '1', '0', '1', 3, '2016-11-18 10:17:56', '2016-11-18 10:17:56', NULL),
(234, 'Ремни', NULL, NULL, 'remni', 226, 3, '1', '1', '0', '1', 1, '2016-11-18 10:18:12', '2016-11-18 10:18:12', NULL),
(235, 'Пояса', NULL, NULL, 'poyasa', 226, 3, '1', '0', '0', '1', 2, '2016-11-18 10:18:30', '2017-12-28 04:04:31', NULL),
(236, 'Костюмы', NULL, NULL, 'kostyumy', 120, 2, '1', '1', '1', '0', 1, '2016-11-18 11:02:29', '2017-12-28 07:34:12', NULL),
(237, 'Пиджаки', NULL, NULL, 'piddgaki', 120, 2, '1', '1', '1', '1', 2, '2016-11-18 11:02:55', '2016-11-18 11:02:55', NULL),
(238, 'Ботинки', NULL, NULL, 'botinki', 121, 2, '1', '0', '1', '0', 0, '2017-08-28 07:41:59', '2018-01-08 01:48:53', NULL),
(239, 'Ботинки', NULL, NULL, 'botinki', 238, 3, '1', '1', '1', '1', -1, '2017-08-28 07:41:59', '2017-12-28 04:01:25', NULL),
(240, 'брюки-girlfriend', NULL, NULL, 'bryuki-girlfriend', 126, 3, '1', '1', '0', '1', 3, '2017-12-25 14:55:13', '2017-12-25 14:56:21', '2017-12-25 14:56:21'),
(241, 'Джинсы - girlfriend', NULL, NULL, 'ddginsy---girlfriend', 127, 3, '1', '1', '0', '1', 2, '2017-12-25 14:57:45', '2017-12-25 15:02:09', NULL),
(242, 'Туфли', NULL, NULL, 'tufli', 121, 2, '1', '1', '1', '0', 2, '2017-12-28 04:03:33', '2017-12-28 04:03:33', NULL),
(243, 'Туфли', NULL, NULL, 'tufli', 242, 3, '1', '1', '1', '1', -1, '2017-12-28 04:03:33', '2017-12-28 04:03:33', NULL),
(244, 'Балетки ', NULL, NULL, 'baletki', 194, 3, '1', '1', '1', '1', -1, '2017-12-28 05:52:45', '2017-12-28 05:52:45', NULL),
(245, 'Костюмы', NULL, NULL, 'kostyumy', 236, 3, '1', '1', '1', '1', -1, '2017-12-28 07:34:12', '2017-12-28 07:34:12', NULL);

-- --------------------------------------------------------

--
-- Структура таблицы `category_feature`
--

CREATE TABLE `category_feature` (
  `category_feature_id` int(10) UNSIGNED NOT NULL,
  `category_id` int(11) UNSIGNED DEFAULT NULL,
  `feature_id` int(11) UNSIGNED DEFAULT NULL,
  `item_id` int(11) UNSIGNED DEFAULT NULL,
  `created_at` timestamp NULL DEFAULT NULL,
  `updated_at` timestamp NULL DEFAULT NULL,
  `deleted_at` timestamp NULL DEFAULT NULL
) ENGINE=InnoDB DEFAULT CHARSET=utf8 COLLATE=utf8_unicode_ci;

--
-- Дамп данных таблицы `category_feature`
--

INSERT INTO `category_feature` (`category_feature_id`, `category_id`, `feature_id`, `item_id`, `created_at`, `updated_at`, `deleted_at`) VALUES
(8, 22, 1, NULL, '2016-08-23 05:23:51', '2016-08-23 05:23:51', NULL),
(9, 22, 3, NULL, '2016-08-23 05:23:51', '2016-08-23 05:23:51', NULL),
(10, 22, NULL, 19, '2016-08-23 05:23:51', '2016-08-23 05:23:51', NULL),
(11, 22, NULL, 13, '2016-08-23 05:23:51', '2016-08-23 05:23:51', NULL),
(12, 22, NULL, 21, '2016-08-23 05:23:51', '2016-08-23 05:23:51', NULL),
(13, 25, 1, NULL, '2016-08-23 05:29:42', '2016-08-23 05:29:42', NULL),
(14, 25, 3, NULL, '2016-08-23 05:29:42', '2016-08-23 05:29:42', NULL),
(15, 25, NULL, 16, '2016-08-23 05:29:42', '2016-08-23 05:29:42', NULL),
(16, 25, NULL, 15, '2016-08-23 05:29:42', '2016-08-23 05:29:42', NULL),
(17, 25, NULL, 20, '2016-08-23 05:29:42', '2016-08-23 05:29:42', NULL),
(23, 18, 1, NULL, '2016-08-23 05:36:27', '2016-08-23 05:36:27', NULL),
(24, 18, 3, NULL, '2016-08-23 05:36:27', '2016-08-23 05:36:27', NULL),
(25, 18, NULL, 19, '2016-08-23 05:36:27', '2016-08-23 05:36:27', NULL),
(26, 18, NULL, 18, '2016-08-23 05:36:27', '2016-08-23 05:36:27', NULL),
(27, 18, NULL, 14, '2016-08-23 05:36:27', '2016-08-23 05:36:27', NULL),
(28, 18, NULL, 20, '2016-08-23 05:36:27', '2016-08-23 05:36:27', NULL),
(29, 26, 1, NULL, '2016-08-23 05:36:58', '2016-08-23 05:36:58', NULL),
(30, 26, NULL, 13, '2016-08-23 05:36:58', '2016-08-23 05:36:58', NULL),
(34, 7, 1, NULL, '2016-08-23 06:13:29', '2016-08-23 06:13:29', NULL),
(35, 7, 3, NULL, '2016-08-23 06:13:30', '2016-08-23 06:13:30', NULL),
(36, 7, NULL, 16, '2016-08-23 06:13:30', '2016-08-23 06:13:30', NULL),
(37, 7, NULL, 15, '2016-08-23 06:13:30', '2016-08-23 06:13:30', NULL),
(38, 7, NULL, 14, '2016-08-23 06:13:30', '2016-08-23 06:13:30', NULL),
(39, 7, NULL, 13, '2016-08-23 06:13:30', '2016-08-23 06:13:30', NULL),
(40, 7, NULL, 21, '2016-08-23 06:13:30', '2016-08-23 06:13:30', NULL),
(41, 7, NULL, 20, '2016-08-23 06:13:30', '2016-08-23 06:13:30', NULL),
(42, 242, 9, NULL, '2017-12-28 04:03:33', '2017-12-28 04:03:33', NULL),
(43, 242, 10, NULL, '2017-12-28 04:03:33', '2017-12-28 04:03:33', NULL),
(44, 242, 11, NULL, '2017-12-28 04:03:33', '2017-12-28 04:03:33', NULL),
(45, 242, NULL, 38, '2017-12-28 04:03:33', '2017-12-28 04:03:33', NULL),
(46, 242, NULL, 37, '2017-12-28 04:03:33', '2017-12-28 04:03:33', NULL),
(47, 242, NULL, 42, '2017-12-28 04:03:33', '2017-12-28 04:03:33', NULL),
(48, 242, NULL, 41, '2017-12-28 04:03:33', '2017-12-28 04:03:33', NULL),
(49, 242, NULL, 40, '2017-12-28 04:03:33', '2017-12-28 04:03:33', NULL),
(50, 242, NULL, 39, '2017-12-28 04:03:33', '2017-12-28 04:03:33', NULL),
(51, 242, NULL, 49, '2017-12-28 04:03:33', '2017-12-28 04:03:33', NULL),
(52, 242, NULL, 48, '2017-12-28 04:03:33', '2017-12-28 04:03:33', NULL),
(53, 242, NULL, 47, '2017-12-28 04:03:33', '2017-12-28 04:03:33', NULL),
(54, 242, NULL, 46, '2017-12-28 04:03:33', '2017-12-28 04:03:33', NULL),
(55, 242, NULL, 45, '2017-12-28 04:03:33', '2017-12-28 04:03:33', NULL),
(56, 242, NULL, 44, '2017-12-28 04:03:33', '2017-12-28 04:03:33', NULL),
(57, 242, NULL, 43, '2017-12-28 04:03:33', '2017-12-28 04:03:33', NULL);

-- --------------------------------------------------------

--
-- Структура таблицы `city`
--

CREATE TABLE `city` (
  `city_id` int(10) UNSIGNED NOT NULL,
  `city_name_ru` varchar(50) COLLATE utf8_unicode_ci NOT NULL,
  `city_name_kz` varchar(50) COLLATE utf8_unicode_ci DEFAULT NULL,
  `city_name_en` varchar(50) COLLATE utf8_unicode_ci DEFAULT NULL,
  `created_at` timestamp NULL DEFAULT NULL,
  `updated_at` timestamp NULL DEFAULT NULL,
  `deleted_at` timestamp NULL DEFAULT NULL,
  `region_id` int(11) UNSIGNED DEFAULT NULL
) ENGINE=InnoDB DEFAULT CHARSET=utf8 COLLATE=utf8_unicode_ci;

--
-- Дамп данных таблицы `city`
--

INSERT INTO `city` (`city_id`, `city_name_ru`, `city_name_kz`, `city_name_en`, `created_at`, `updated_at`, `deleted_at`, `region_id`) VALUES
(1, 'Алматы', 'Алматы', 'Алматы', NULL, NULL, NULL, 1),
(2, 'Астана', NULL, NULL, NULL, NULL, NULL, NULL),
(3, 'Караганда', NULL, NULL, NULL, NULL, NULL, NULL);

-- --------------------------------------------------------

--
-- Структура таблицы `color`
--

CREATE TABLE `color` (
  `id` int(11) NOT NULL,
  `title_color` varchar(255) NOT NULL,
  `code_color` text NOT NULL
) ENGINE=InnoDB DEFAULT CHARSET=utf8;

--
-- Дамп данных таблицы `color`
--

INSERT INTO `color` (`id`, `title_color`, `code_color`) VALUES
(2, 'Зеленый', '#006400'),
(3, 'Чёрный', '#000000'),
(4, 'Красный', '#CC0000'),
(5, 'Голубой', '#00BFFF'),
(7, 'Белый', '#ffffff'),
(8, 'Бежевый', '#F5F5DC'),
(9, 'Желтый', '#ffff00');

-- --------------------------------------------------------

--
-- Структура таблицы `comment`
--

CREATE TABLE `comment` (
  `comment_id` int(10) UNSIGNED NOT NULL,
  `message` text COLLATE utf8_unicode_ci,
  `user_id` int(11) NOT NULL DEFAULT '0',
  `user_name` varchar(200) COLLATE utf8_unicode_ci DEFAULT NULL,
  `email` varchar(200) COLLATE utf8_unicode_ci DEFAULT NULL,
  `product_id` int(10) UNSIGNED DEFAULT NULL,
  `is_show` varchar(1) COLLATE utf8_unicode_ci DEFAULT '0',
  `created_at` timestamp NULL DEFAULT NULL,
  `updated_at` timestamp NULL DEFAULT NULL,
  `deleted_at` timestamp NULL DEFAULT NULL
) ENGINE=InnoDB DEFAULT CHARSET=utf8 COLLATE=utf8_unicode_ci;

--
-- Дамп данных таблицы `comment`
--

INSERT INTO `comment` (`comment_id`, `message`, `user_id`, `user_name`, `email`, `product_id`, `is_show`, `created_at`, `updated_at`, `deleted_at`) VALUES
(39, 'ewfewfewfewf', 0, 'admin@admin.com', 'admin@admin.com', 44, '1', '2017-09-10 06:38:06', '2017-09-10 06:41:25', NULL),
(40, 'ewwew', 0, 'admin@admin.com', 'admin@admin.com', 44, '1', '2017-09-10 06:41:09', '2017-09-10 06:41:18', NULL),
(41, 'первый отзыв', 0, 'Коша', 'dominant.atyrau@mail.ru', 45, '1', '2017-09-11 09:36:25', '2017-12-28 05:27:45', NULL),
(44, 'Испытание — опытное определение количественных и (или) качественных свойств предмета испытаний как результата воздействий на него, при его функционировании, при моделировании предмета и (или) воздействий[1]. Испытания обычно проводят с целью получения сведений, необходимых для принятия решения о соответствии предмета испытаний заданным требованиям. Также испытания проводят с научными целями, с целью изучения предмета, с целью установления цены изделия и т. д. Отдельные виды испытаний имеют исторически сложившиеся названия: химический анализ, органолептический анализ, металлографические исследования, микробиологический анализ, геммологическая диагностика, измерение и др. Испытания классифицируют:', 0, 'Коша', 'dominant.atyrau@mail.ru', 45, '1', '2017-09-11 09:38:30', '2017-10-30 11:41:30', NULL),
(45, 'Xff', 0, 'Cc me ', '', 45, '0', '2018-01-06 18:38:52', '2018-01-23 08:40:11', NULL),
(46, 'as', 64, 'Loot NAN', 'dcmsnick@gmail.com', 45, '1', '2018-02-11 01:33:47', '2018-02-11 01:34:47', NULL),
(47, 'as', 64, 'Loot NAN', 'dcmsnick@gmail.com', 45, '1', '2018-02-11 01:34:31', '2018-02-11 01:34:46', NULL);

-- --------------------------------------------------------

--
-- Структура таблицы `delivery`
--

CREATE TABLE `delivery` (
  `delivery_id` int(10) UNSIGNED NOT NULL,
  `name` varchar(200) COLLATE utf8_unicode_ci NOT NULL,
  `title` varchar(200) COLLATE utf8_unicode_ci NOT NULL,
  `delivery_text` text COLLATE utf8_unicode_ci,
  `created_at` timestamp NULL DEFAULT NULL,
  `updated_at` timestamp NULL DEFAULT NULL,
  `deleted_at` timestamp NULL DEFAULT NULL
) ENGINE=InnoDB DEFAULT CHARSET=utf8 COLLATE=utf8_unicode_ci;

--
-- Дамп данных таблицы `delivery`
--

INSERT INTO `delivery` (`delivery_id`, `name`, `title`, `delivery_text`, `created_at`, `updated_at`, `deleted_at`) VALUES
(5, '', 'wedwe', 'wedewdewd', '2017-09-10 05:36:00', '2017-09-10 05:36:00', NULL),
(6, '', 'Приключения', 'trgrtgrtgr', '2017-09-10 05:37:36', '2017-09-10 05:37:36', NULL),
(7, '', 'проверка рассылки', 'проверка рассылки', '2017-09-11 09:33:53', '2017-09-11 09:33:53', NULL),
(8, '', 'проба', '<img src=\"http://shopita.kz/wysiwyg/plugins/emoticons/images/4.gif\" border=\"0\" alt=\"\" />', '2017-09-11 09:34:37', '2017-09-11 09:34:37', NULL),
(9, '', 'цуацацу', 'цуацацуцу', '2017-09-14 01:17:42', '2017-09-14 01:17:42', NULL),
(10, '', 'тестирую', 'скоро скидки!', '2017-12-28 04:10:12', '2017-12-28 04:10:12', NULL),
(11, '', 'Скидки', '<p>\r\n	Магазин Шопита дарит скидки 50%!\r\n</p>\r\n<p>\r\n	<img src=\"/public/wysiwyg/image/image/20171228/20171228110000_60399.png\" alt=\"\" />\r\n</p>', '2017-12-28 05:00:08', '2017-12-28 05:00:08', NULL),
(12, '', 'Скидки', '<img src=\"/public/wysiwyg/image/image/20171228/20171228110826_63716.jpg\" alt=\"\" />', '2017-12-28 05:09:28', '2017-12-28 05:09:28', NULL),
(13, '', 'd', 'd', '2018-01-08 05:48:36', '2018-01-08 05:49:09', '2018-01-08 05:49:09'),
(14, '', 'Test', '<img src=\"/public/wysiwyg/image/image/20180108/20180108124645_51331.jpg\" alt=\"\" />', '2018-01-08 06:46:53', '2018-01-08 06:46:53', NULL),
(15, '', 'Test', '<img src=\"/public/wysiwyg/image/image/20180108/20180108124645_51331.jpg\" alt=\"\" />', '2018-01-08 06:46:56', '2018-01-08 06:46:56', NULL),
(16, '', 'Rus', '<img src=\"/public/wysiwyg/image/image/20180108/20180108125419_16895.jpg\" alt=\"\" />', '2018-01-08 06:54:36', '2018-01-08 06:54:36', NULL),
(17, '', 'test', '<img src=\"/public/wysiwyg/image/image/20180109/20180109061119_54154.jpg\" alt=\"\" />', '2018-01-09 00:11:42', '2018-01-09 00:11:42', NULL),
(18, '', 'test', '<img src=\"/public/wysiwyg/image/image/20180109/20180109061538_15478.jpg\" alt=\"\" />', '2018-01-09 00:15:45', '2018-01-09 00:15:45', NULL),
(19, '', 'test', '<img src=\"/public/wysiwyg/image/image/20180109/20180109061800_99380.jpg\" alt=\"\" />', '2018-01-09 00:18:06', '2018-01-09 00:18:06', NULL);

-- --------------------------------------------------------

--
-- Структура таблицы `delivery_kind`
--

CREATE TABLE `delivery_kind` (
  `delivery_kind_id` int(10) UNSIGNED NOT NULL,
  `delivery_kind_name` varchar(200) COLLATE utf8_unicode_ci NOT NULL,
  `is_show` varchar(20) COLLATE utf8_unicode_ci DEFAULT '0',
  `created_at` timestamp NULL DEFAULT NULL,
  `updated_at` timestamp NULL DEFAULT NULL,
  `deleted_at` timestamp NULL DEFAULT NULL
) ENGINE=InnoDB DEFAULT CHARSET=utf8 COLLATE=utf8_unicode_ci;

--
-- Дамп данных таблицы `delivery_kind`
--

INSERT INTO `delivery_kind` (`delivery_kind_id`, `delivery_kind_name`, `is_show`, `created_at`, `updated_at`, `deleted_at`) VALUES
(12, 'Одежда', '0', '2017-09-01 08:05:33', '2017-09-01 08:05:33', NULL),
(13, 'Обувь', '0', '2017-09-01 08:05:40', '2017-09-01 08:05:40', NULL),
(14, 'Аксессуары', '0', '2017-09-01 08:05:46', '2017-09-01 08:05:46', NULL),
(15, 'Скидки', '0', '2017-09-01 08:05:53', '2017-09-01 08:05:53', NULL),
(16, 'Купоны', '0', '2017-09-01 08:06:00', '2017-09-01 08:06:00', NULL),
(17, 'bbbbbb', '0', '2017-09-11 09:32:27', '2017-09-11 09:32:27', NULL),
(18, 'тестовая рассылка', '0', '2017-12-28 04:54:52', '2017-12-28 04:54:52', NULL),
(19, 'test', '0', '2018-01-09 00:10:03', '2018-01-09 00:10:03', NULL);

-- --------------------------------------------------------

--
-- Структура таблицы `delivery_kind_user`
--

CREATE TABLE `delivery_kind_user` (
  `delivery_kind_user_id` int(10) UNSIGNED NOT NULL,
  `user_id` int(11) DEFAULT NULL,
  `delivery_kind_id` int(11) UNSIGNED DEFAULT NULL,
  `created_at` timestamp NULL DEFAULT NULL,
  `updated_at` timestamp NULL DEFAULT NULL,
  `deleted_at` timestamp NULL DEFAULT NULL
) ENGINE=InnoDB DEFAULT CHARSET=utf8 COLLATE=utf8_unicode_ci;

--
-- Дамп данных таблицы `delivery_kind_user`
--

INSERT INTO `delivery_kind_user` (`delivery_kind_user_id`, `user_id`, `delivery_kind_id`, `created_at`, `updated_at`, `deleted_at`) VALUES
(138, 39, 12, NULL, NULL, NULL),
(139, 39, 13, NULL, NULL, NULL),
(140, 39, 14, NULL, NULL, NULL),
(141, 39, 15, NULL, NULL, NULL),
(142, 39, 16, NULL, NULL, NULL),
(143, 41, 12, NULL, NULL, NULL),
(144, 41, 13, NULL, NULL, NULL),
(145, 41, 14, NULL, NULL, NULL),
(146, 41, 15, NULL, NULL, NULL),
(147, 41, 16, NULL, NULL, NULL),
(148, 43, 12, NULL, NULL, NULL),
(149, 43, 13, NULL, NULL, NULL),
(150, 43, 14, NULL, NULL, NULL),
(151, 43, 15, NULL, NULL, NULL),
(152, 43, 16, NULL, NULL, NULL),
(153, 43, 17, NULL, NULL, NULL);

-- --------------------------------------------------------

--
-- Структура таблицы `discounts`
--

CREATE TABLE `discounts` (
  `id` int(11) NOT NULL,
  `name` varchar(512) NOT NULL,
  `percent` int(11) NOT NULL,
  `active` tinyint(1) NOT NULL DEFAULT '1',
  `image` varchar(512) NOT NULL
) ENGINE=InnoDB DEFAULT CHARSET=utf8;

--
-- Дамп данных таблицы `discounts`
--

INSERT INTO `discounts` (`id`, `name`, `percent`, `active`, `image`) VALUES
(1, 'Осенний листопад', 9, 1, '/image/discount/20180206092955000000--5a7975930305a.png'),
(2, 'Loot', 10, 1, '/image/discount/20180206092947000000--5a79758b363fb.png'),
(3, 'rfgdf', 10, 1, '/image/discount/20180206092936000000--5a79758092f51.png');

-- --------------------------------------------------------

--
-- Структура таблицы `feature`
--

CREATE TABLE `feature` (
  `feature_id` int(10) UNSIGNED NOT NULL,
  `feature_name_ru` varchar(250) COLLATE utf8_unicode_ci NOT NULL,
  `feature_desc` text COLLATE utf8_unicode_ci,
  `kind_id` int(11) UNSIGNED DEFAULT NULL,
  `sort_num` int(11) DEFAULT '1',
  `visual_kind` varchar(20) COLLATE utf8_unicode_ci DEFAULT '1' COMMENT '1 - круглый вид\r\n2 - выборка\r\n3 - цвет',
  `created_at` timestamp NULL DEFAULT NULL,
  `updated_at` timestamp NULL DEFAULT NULL,
  `deleted_at` timestamp NULL DEFAULT NULL
) ENGINE=InnoDB DEFAULT CHARSET=utf8 COLLATE=utf8_unicode_ci;

--
-- Дамп данных таблицы `feature`
--

INSERT INTO `feature` (`feature_id`, `feature_name_ru`, `feature_desc`, `kind_id`, `sort_num`, `visual_kind`, `created_at`, `updated_at`, `deleted_at`) VALUES
(1, 'Цвет', '', 1, 1, '3', NULL, '2016-12-01 22:00:40', '2016-12-01 22:00:40'),
(2, 'Состав ', '', 3, 1, '1', NULL, '2016-08-03 07:30:20', NULL),
(3, 'Материал подкладки ', '', 3, 1, '1', NULL, '2016-10-30 07:43:54', NULL),
(7, 'Утеплитель', '', 3, 1, '1', '2016-11-30 03:39:29', '2016-11-30 03:39:29', NULL),
(8, 'Застежка', '', 3, 1, '1', '2016-11-30 03:41:00', '2016-11-30 03:41:09', NULL),
(9, 'Коллекция', '', 1, 0, '2', '2016-11-30 03:43:17', '2016-11-30 03:43:17', NULL),
(10, 'Сезон', '', 1, 0, '2', '2016-11-30 03:44:54', '2016-11-30 03:44:54', NULL),
(11, 'Стиль', '', 1, 0, '2', '2016-11-30 03:49:08', '2016-11-30 03:49:08', NULL),
(12, 'Страна производства', '', 3, 0, '1', '2016-11-30 03:50:12', '2016-11-30 03:50:12', NULL),
(13, 'Посадка', '', 3, 0, '1', '2016-11-30 03:54:20', '2016-11-30 03:54:20', NULL),
(14, 'Длина', '', 3, 0, '1', '2016-11-30 03:54:41', '2016-11-30 03:54:41', NULL),
(15, 'Длина рукава', '', 3, 0, '1', '2016-11-30 03:55:03', '2016-11-30 03:55:03', NULL),
(16, 'Рукав', '\r\n\r\n', 3, 0, '1', '2016-11-30 03:55:20', '2016-11-30 03:55:20', NULL),
(17, 'Тип трикотажа', '\r\n', 3, 0, '1', '2016-11-30 03:56:01', '2016-11-30 03:56:01', NULL),
(18, 'Детали одежды', '', 3, 0, '1', '2016-11-30 03:56:29', '2016-11-30 03:56:29', NULL),
(19, 'Длина по боковому шву', '', 3, 0, '1', '2016-11-30 03:56:58', '2016-11-30 03:56:58', NULL),
(20, 'Длина по внутреннему шву', '', 3, 0, '1', '2016-11-30 03:57:17', '2016-11-30 03:57:17', NULL),
(21, 'Высота', '', 3, 0, '1', '2016-11-30 03:57:31', '2016-11-30 03:57:39', NULL),
(22, 'Обхват по бедрам', '', 3, 0, '1', '2016-11-30 04:00:10', '2016-11-30 04:00:10', NULL),
(23, 'Ширина по низу', '', 3, 0, '1', '2016-11-30 04:00:29', '2016-11-30 04:00:29', NULL),
(24, 'Обхват по талии', '', 3, 0, '1', '2016-11-30 04:00:48', '2016-11-30 04:00:48', NULL),
(25, 'Талия', '', 3, 0, '1', '2016-11-30 04:01:27', '2016-11-30 04:01:27', NULL),
(26, 'Рост', '', 3, 0, '1', '2016-11-30 04:01:40', '2016-11-30 04:01:40', NULL),
(27, 'Детали аксессуара', '', 3, 0, '1', '2016-11-30 04:02:10', '2016-11-30 04:02:10', NULL),
(28, 'Ширина', '', 3, 0, '1', '2016-11-30 04:02:32', '2016-11-30 04:02:32', NULL),
(29, 'Материал верха', '', 3, 0, '1', '2016-11-30 04:03:27', '2016-11-30 04:03:27', NULL),
(30, 'Внутренний материал', '', 3, 0, '1', '2016-11-30 04:03:52', '2016-11-30 04:03:52', NULL),
(31, 'Материал стельки', '', 3, 0, '1', '2016-11-30 04:04:37', '2016-11-30 04:04:37', NULL),
(32, 'Материал подошвы', '', 3, 0, '1', '2016-11-30 04:05:02', '2016-11-30 04:05:02', NULL),
(33, 'Высота голенища', '', 3, 0, '1', '2016-11-30 04:05:35', '2016-11-30 04:05:35', NULL),
(34, 'Детали обуви', '', 3, 0, '1', '2016-11-30 04:06:11', '2016-11-30 04:06:11', NULL),
(35, 'Тип каблука', '', 3, 0, '1', '2016-11-30 04:06:28', '2016-11-30 04:06:28', NULL),
(36, 'Высота каблука', '', 3, 0, '1', '2016-11-30 04:06:41', '2016-11-30 04:06:41', NULL),
(37, 'Ширина ремня', '', 3, 0, '1', '2016-11-30 04:07:04', '2016-11-30 04:07:04', NULL),
(38, 'Ширина дна', '', 3, 0, '1', '2016-11-30 04:07:29', '2016-11-30 04:07:29', NULL),
(39, 'Длина ручек', '', 3, 0, '1', '2016-11-30 04:07:52', '2016-11-30 04:07:52', NULL),
(40, 'Плечевой ремень', '', 3, 0, '1', '2016-11-30 04:08:16', '2016-11-30 04:08:16', NULL),
(41, 'Формат А4', '', 3, 0, '1', '2016-11-30 04:09:29', '2016-11-30 04:09:29', NULL),
(42, 'Детали сумок', '', 3, 0, '1', '2016-11-30 04:09:56', '2016-11-30 04:09:56', NULL),
(43, 'Высота платформы', '', 3, 0, '1', '2016-11-30 04:10:18', '2016-11-30 04:10:18', NULL),
(44, 'Высота голенища/задника', '', 3, 0, '1', '2016-11-30 04:10:46', '2016-11-30 04:10:46', NULL),
(45, 'Обхват голенища', '', 3, 0, '1', '2016-11-30 04:11:12', '2016-11-30 04:11:12', NULL);

-- --------------------------------------------------------

--
-- Структура таблицы `image`
--

CREATE TABLE `image` (
  `image_id` int(10) UNSIGNED NOT NULL,
  `image_url` varchar(150) COLLATE utf8_unicode_ci NOT NULL,
  `product_id` int(11) UNSIGNED DEFAULT NULL,
  `image_token` varchar(200) COLLATE utf8_unicode_ci DEFAULT NULL,
  `is_main` varchar(1) COLLATE utf8_unicode_ci DEFAULT '0',
  `created_at` timestamp NULL DEFAULT NULL,
  `updated_at` timestamp NULL DEFAULT NULL,
  `deleted_at` timestamp NULL DEFAULT NULL
) ENGINE=InnoDB DEFAULT CHARSET=utf8 COLLATE=utf8_unicode_ci;

--
-- Дамп данных таблицы `image`
--

INSERT INTO `image` (`image_id`, `image_url`, `product_id`, `image_token`, `is_main`, `created_at`, `updated_at`, `deleted_at`) VALUES
(17, '20160801155632000000.jpg', NULL, NULL, '0', '2016-08-01 09:56:32', '2016-08-01 09:56:32', NULL),
(18, '20160801155724000000.jpg', NULL, NULL, '0', '2016-08-01 09:57:24', '2016-08-01 09:57:24', NULL),
(19, '20160801155747000000.jpg', NULL, NULL, '0', '2016-08-01 09:57:47', '2016-08-01 09:57:47', NULL),
(34, '20160802135141000000.jpg', NULL, 'hYz5eeqw7Abx1DPgrbyBPkQbFshqEDF4K4AysNht', '1', '2016-08-02 07:51:41', '2016-08-02 08:08:05', NULL),
(35, '20160802135145000000.jpg', NULL, 'hYz5eeqw7Abx1DPgrbyBPkQbFshqEDF4K4AysNht', '0', '2016-08-02 07:51:45', '2016-08-02 08:08:05', NULL),
(36, '20160802140644000000.jpg', NULL, 'hYz5eeqw7Abx1DPgrbyBPkQbFshqEDF4K4AysNht', '0', '2016-08-02 08:06:44', '2016-08-02 08:06:44', NULL),
(66, '20161201081753000000.jpg', 25, NULL, '1', '2016-12-01 02:17:53', '2016-12-01 02:17:53', NULL),
(67, '20161201081754000000.jpg', 25, NULL, '0', '2016-12-01 02:17:55', '2016-12-01 02:17:55', NULL),
(68, '20161201081757000000.jpg', 25, NULL, '0', '2016-12-01 02:17:57', '2016-12-01 02:17:57', NULL),
(69, '20161201081800000000.jpg', 25, NULL, '0', '2016-12-01 02:18:00', '2016-12-01 02:18:00', NULL),
(70, 'BE031EWNDO28_4093896_1_v2.jpg', 26, NULL, '1', '2016-12-01 02:28:46', '2016-12-01 02:29:12', NULL),
(71, 'BE031EWNDO28_4097365_6_v1.jpg', 26, NULL, '0', '2016-12-01 02:28:49', '2016-12-01 02:29:12', NULL),
(72, 'BE031EWNDO28_4097367_8_v1.jpg', 26, NULL, '0', '2016-12-01 02:29:00', '2016-12-01 02:29:12', NULL),
(73, 'BE031EWNDO28_4097366_7_v1.jpg', 26, NULL, '0', '2016-12-01 02:29:05', '2016-12-01 02:29:12', NULL),
(74, 'GE347EWJZU39_3897428_1_v2.jpg', 27, NULL, '1', '2016-12-01 02:32:31', '2016-12-01 02:32:31', NULL),
(75, 'GE347EWJZU39_3899103_6_v1.jpg', 27, NULL, '0', '2016-12-01 02:32:33', '2016-12-01 02:32:33', NULL),
(76, 'GE347EWJZU39_3899104_7_v1.jpg', 27, NULL, '0', '2016-12-01 02:32:35', '2016-12-01 02:32:35', NULL),
(77, 'GE347EWJZU39_3899105_8_v1.jpg', 27, NULL, '0', '2016-12-01 02:32:37', '2016-12-01 02:32:37', NULL),
(78, '20170315082418000000.jpg', 28, NULL, '1', '2017-03-15 05:24:18', '2017-03-15 05:29:18', NULL),
(79, '20170315082423000000.jpg', 28, NULL, '0', '2017-03-15 05:24:23', '2017-03-15 05:29:18', NULL),
(80, '20170315082426000000.jpg', 28, NULL, '0', '2017-03-15 05:24:26', '2017-03-15 05:29:18', NULL),
(81, '20170315082429000000.jpg', 28, NULL, '0', '2017-03-15 05:24:29', '2017-03-15 05:29:18', NULL),
(83, 'Screenshot from 2017-02-17 10-44-12.png', 29, NULL, '1', '2017-03-26 07:36:10', '2017-03-26 07:37:23', NULL),
(84, 'Screenshot from 2016-11-21 15-00-35.png', 29, NULL, '0', '2017-03-26 07:36:40', '2017-03-26 07:37:23', NULL),
(85, '58e0ccb473a4915b2e1fa0fa.png', 30, NULL, '1', '2017-08-09 10:06:51', '2017-08-09 10:06:55', NULL),
(86, '20170810095407000000.jpg', 30, NULL, '0', '2017-08-10 06:54:07', '2017-08-10 06:54:07', NULL),
(87, 'BU014AMWFN28_5147697_1_v1.jpg', 35, NULL, '1', '2017-08-28 07:11:04', '2017-08-28 07:11:18', NULL),
(88, 'BU014AMWFN28_5147698_2_v1.jpg', 35, NULL, '0', '2017-08-28 07:11:07', '2017-08-28 07:11:18', NULL),
(89, 'BU014AMWFN28_5147700_4_v1.jpg', 35, NULL, '0', '2017-08-28 07:11:12', '2017-08-28 07:11:18', NULL),
(90, 'BU014AMWFN28_5158864_9_v1.jpg', 35, NULL, '0', '2017-08-28 07:11:14', '2017-08-28 07:11:18', NULL),
(91, '20170828104746000000.jpg', 36, NULL, '1', '2017-08-28 07:47:46', '2017-08-28 07:48:03', NULL),
(92, '20170828104749000000.jpg', 36, NULL, '0', '2017-08-28 07:47:49', '2017-08-28 07:48:03', NULL),
(93, '20170828104750000000.jpg', 36, NULL, '0', '2017-08-28 07:47:50', '2017-08-28 07:48:03', NULL),
(94, '20170828104753000000.jpg', 36, NULL, '0', '2017-08-28 07:47:53', '2017-08-28 07:48:03', NULL),
(96, 'HE012AMLUD32_1_v1 (2).jpg', 37, NULL, '1', '2017-08-29 01:50:35', '2017-08-29 01:50:47', NULL),
(97, 'HE012AMLUD32_2_v1.jpg', 37, NULL, '0', '2017-08-29 01:50:38', '2017-08-29 01:50:38', NULL),
(99, 'TV001EWPMH43_4199341_6_v1.jpg', 38, NULL, '0', '2017-09-01 16:36:39', '2017-09-01 16:36:39', NULL),
(100, 'TV001EWPMH43_4199342_7_v1.jpg', 38, NULL, '0', '2017-09-01 16:36:43', '2017-09-01 16:36:43', NULL),
(101, 'TV001EWPMH43_4197644_1_v2.jpg', 38, NULL, '1', '2017-09-01 16:36:59', '2017-09-01 16:37:01', NULL),
(102, '20170901201648000000.jpg', 39, NULL, '1', '2017-09-01 17:16:48', '2017-09-01 17:16:48', NULL),
(103, '20170901201651000000.jpg', 39, NULL, '0', '2017-09-01 17:16:51', '2017-09-01 17:16:51', NULL),
(104, '20170901201654000000.jpg', 39, NULL, '0', '2017-09-01 17:16:54', '2017-09-01 17:16:54', NULL),
(105, '20170901204202000000.jpg', 40, NULL, '1', '2017-09-01 17:42:02', '2017-09-01 17:42:02', NULL),
(106, '20170901204207000000.jpg', 40, NULL, '0', '2017-09-01 17:42:07', '2017-09-01 17:42:07', NULL),
(107, '20170901204212000000.jpg', 40, NULL, '0', '2017-09-01 17:42:12', '2017-09-01 17:42:12', NULL),
(108, '20170901205231000000.jpg', 41, NULL, '1', '2017-09-01 17:52:31', '2017-09-01 17:53:13', NULL),
(109, '20170901205235000000.jpg', 41, NULL, '0', '2017-09-01 17:52:35', '2017-09-01 17:53:13', NULL),
(110, '20170901205238000000.jpg', 41, NULL, '0', '2017-09-01 17:52:38', '2017-09-01 17:53:13', NULL),
(111, '20170901205532000000.jpg', 42, NULL, '1', '2017-09-01 17:55:32', '2017-09-01 17:55:32', NULL),
(112, '20170901205536000000.jpg', 42, NULL, '0', '2017-09-01 17:55:36', '2017-09-01 17:55:36', NULL),
(113, '20170901205539000000.jpg', 42, NULL, '0', '2017-09-01 17:55:39', '2017-09-01 17:55:39', NULL),
(114, 'BE031EWUXN96_5172073_1_v1.jpg', 43, NULL, '1', '2017-09-06 02:22:45', '2017-09-06 02:26:23', NULL),
(115, 'BE031EWUXN96_5172074_2_v1.jpg', 43, NULL, '0', '2017-09-06 02:22:49', '2017-09-06 02:26:23', NULL),
(116, 'BE031EWUXN96_5172075_3_v1.jpg', 43, NULL, '0', '2017-09-06 02:22:53', '2017-09-06 02:26:23', NULL),
(117, 'BE031EWUXN96_5172076_4_v1.jpg', 43, NULL, '0', '2017-09-06 02:22:56', '2017-09-06 02:26:23', NULL),
(118, 'SI386EWVIG57_5079918_1_v2.jpg', 44, NULL, '0', '2017-09-06 04:11:43', '2017-09-06 04:13:05', NULL),
(119, 'SI386EWVIG57_5079919_2_v2.jpg', 44, NULL, '1', '2017-09-06 04:11:47', '2017-09-06 04:13:05', NULL),
(120, 'SI386EWVIG57_5079920_3_v2.jpg', 44, NULL, '0', '2017-09-06 04:11:51', '2017-09-06 04:13:05', NULL),
(121, 'SI386EWVIG57_5079921_4_v2.jpg', 44, NULL, '0', '2017-09-06 04:11:57', '2017-09-06 04:13:05', NULL),
(122, 'BE031EWUXN88_5097165_1_v1 (1).jpg', 45, NULL, '1', '2017-09-06 04:18:32', '2017-09-06 04:18:32', NULL),
(123, 'BE031EWUXN88_5097165_1_v1.jpg', 45, NULL, '0', '2017-09-06 04:18:36', '2017-09-06 04:18:36', NULL),
(124, 'BE031EWUXN88_5097167_3_v1.jpg', 45, NULL, '0', '2017-09-06 04:18:40', '2017-09-06 04:18:40', NULL),
(125, 'BE031EWUXN88_5097168_4_v1.jpg', 45, NULL, '0', '2017-09-06 04:18:45', '2017-09-06 04:18:45', NULL),
(126, 'AL006EMVZY30_5504747_1_v3.jpg', 46, NULL, '1', '2017-12-25 07:14:16', '2017-12-25 07:15:53', NULL),
(127, 'AL006EMVZY30_5507769_6_v1.jpg', 46, NULL, '0', '2017-12-25 07:14:22', '2017-12-25 07:15:53', NULL),
(128, 'AL006EMVZY30_5507770_7_v1.jpg', 46, NULL, '0', '2017-12-25 07:14:26', '2017-12-25 07:15:53', NULL),
(129, '1452736497_yumor12.jpg', 47, NULL, '1', '2017-12-25 15:05:15', '2017-12-25 15:12:03', NULL),
(130, 'zhivotnie-0026.jpg', 47, NULL, '0', '2017-12-25 15:05:30', '2017-12-25 15:12:03', NULL),
(131, '20171226171157000000.jpg', 47, NULL, '0', '2017-12-26 14:11:57', '2017-12-26 14:11:57', NULL);

-- --------------------------------------------------------

--
-- Структура таблицы `item`
--

CREATE TABLE `item` (
  `item_id` int(10) UNSIGNED NOT NULL,
  `item_name_ru` varchar(250) COLLATE utf8_unicode_ci NOT NULL,
  `feature_id` int(11) UNSIGNED DEFAULT NULL,
  `item_desc` varchar(200) COLLATE utf8_unicode_ci DEFAULT NULL,
  `item_token` varchar(200) COLLATE utf8_unicode_ci DEFAULT NULL,
  `item_info` varchar(200) COLLATE utf8_unicode_ci DEFAULT NULL,
  `sort_num` int(11) DEFAULT '1',
  `created_at` timestamp NULL DEFAULT NULL,
  `updated_at` timestamp NULL DEFAULT NULL,
  `deleted_at` timestamp NULL DEFAULT NULL
) ENGINE=InnoDB DEFAULT CHARSET=utf8 COLLATE=utf8_unicode_ci;

--
-- Дамп данных таблицы `item`
--

INSERT INTO `item` (`item_id`, `item_name_ru`, `feature_id`, `item_desc`, `item_token`, `item_info`, `sort_num`, `created_at`, `updated_at`, `deleted_at`) VALUES
(13, 'красный', 1, '#FF496F', NULL, NULL, 1, '2016-08-03 07:48:20', '2016-08-03 07:50:41', NULL),
(14, 'зеленый', 1, 'green', NULL, NULL, 1, '2016-08-03 07:48:47', '2016-08-03 07:48:47', NULL),
(15, 'синий', 1, 'blue', NULL, NULL, 1, '2016-08-03 07:49:22', '2016-08-03 07:49:22', NULL),
(16, 'голубой', 1, '#CBD1D5', NULL, NULL, 1, '2016-08-03 07:50:24', '2016-08-03 07:50:24', NULL),
(17, 'черный', 1, 'black', NULL, NULL, 1, '2016-08-03 07:50:57', '2016-08-03 07:50:57', NULL),
(18, 'белый', 1, 'white', NULL, NULL, 1, '2016-08-03 07:51:06', '2016-08-03 07:51:06', NULL),
(19, 'желтый', 1, 'yellow', NULL, NULL, 1, '2016-08-03 07:51:21', '2016-08-03 07:51:21', NULL),
(20, '111', 3, '', NULL, NULL, 1, '2016-08-04 12:01:18', '2016-10-30 07:43:32', '2016-10-30 07:43:32'),
(21, '222', 3, '', NULL, NULL, 1, '2016-08-04 12:01:21', '2016-10-30 07:43:28', '2016-10-30 07:43:28'),
(22, 'fhgfhffhgf', 3, '', NULL, NULL, 1, '2016-09-14 00:08:46', '2016-10-30 07:43:16', '2016-10-30 07:43:16'),
(23, 'ggjh', 3, '', NULL, NULL, 1, '2016-09-14 00:09:10', '2016-10-30 07:43:13', '2016-10-30 07:43:13'),
(30, '1', NULL, '', 'WgnvFbvfBm68cFWlC7cNlw2NIOTbpWXm0cOzdeK1', NULL, 1, '2016-10-28 04:53:44', '2016-10-28 04:53:44', NULL),
(31, '37', NULL, '', 'WgnvFbvfBm68cFWlC7cNlw2NIOTbpWXm0cOzdeK1', NULL, 1, '2016-10-28 04:54:05', '2016-10-28 04:54:05', NULL),
(32, '38', NULL, '', 'WgnvFbvfBm68cFWlC7cNlw2NIOTbpWXm0cOzdeK1', NULL, 1, '2016-10-28 04:54:10', '2016-10-28 04:54:10', NULL),
(33, 'bhujb', NULL, '35', 'SIWrw5XjjEldU4pnN0txN4nbgavjWbEL3zGzeA5W', NULL, 1, '2016-11-03 00:35:24', '2016-11-03 00:35:34', '2016-11-03 00:35:34'),
(34, '33', NULL, '', 'SIWrw5XjjEldU4pnN0txN4nbgavjWbEL3zGzeA5W', NULL, 1, '2016-11-03 00:35:31', '2016-11-03 00:35:31', NULL),
(35, '32', NULL, '', 'SIWrw5XjjEldU4pnN0txN4nbgavjWbEL3zGzeA5W', NULL, 1, '2016-11-03 00:35:39', '2016-11-03 00:35:39', NULL),
(37, 'Весна - лето', 9, '', NULL, NULL, 1, '2016-11-30 03:42:04', '2016-11-30 03:43:17', NULL),
(38, 'Осень - Зима', 9, '', NULL, NULL, 1, '2016-11-30 03:42:19', '2016-11-30 03:43:17', NULL),
(39, 'Зима', 10, '', NULL, NULL, 1, '2016-11-30 03:44:14', '2016-11-30 03:44:54', NULL),
(40, 'Лето', 10, '', NULL, NULL, 1, '2016-11-30 03:44:20', '2016-11-30 03:44:54', NULL),
(41, 'Демисезон', 10, '', NULL, NULL, 1, '2016-11-30 03:44:43', '2016-11-30 03:44:54', NULL),
(42, 'Мульти', 10, '', NULL, NULL, 1, '2016-11-30 03:44:50', '2016-11-30 03:44:54', NULL),
(43, 'Спортивный', 11, '', NULL, NULL, 1, '2016-11-30 03:47:46', '2016-11-30 03:49:08', NULL),
(44, 'Выход в свет', 11, '', NULL, NULL, 1, '2016-11-30 03:47:58', '2016-11-30 03:49:08', NULL),
(45, 'Романтический', 11, '', NULL, NULL, 1, '2016-11-30 03:48:14', '2016-11-30 03:49:08', NULL),
(46, 'Повседневный', 11, '', NULL, NULL, 1, '2016-11-30 03:48:28', '2016-11-30 03:49:08', NULL),
(47, 'Деловой', 11, '', NULL, NULL, 1, '2016-11-30 03:48:38', '2016-11-30 03:49:08', NULL),
(48, 'Базовый гардеров', 11, '', NULL, NULL, 1, '2016-11-30 03:48:55', '2016-11-30 03:49:08', NULL),
(49, 'Ультрамодный', 11, '', NULL, NULL, 1, '2016-11-30 03:49:03', '2016-11-30 03:49:08', NULL);

-- --------------------------------------------------------

--
-- Структура таблицы `kind`
--

CREATE TABLE `kind` (
  `kind_id` int(10) UNSIGNED NOT NULL,
  `kind_name` varchar(250) COLLATE utf8_unicode_ci NOT NULL,
  `kind_code` varchar(250) COLLATE utf8_unicode_ci NOT NULL,
  `created_at` timestamp NULL DEFAULT NULL,
  `updated_at` timestamp NULL DEFAULT NULL,
  `deleted_at` timestamp NULL DEFAULT NULL
) ENGINE=InnoDB DEFAULT CHARSET=utf8 COLLATE=utf8_unicode_ci;

--
-- Дамп данных таблицы `kind`
--

INSERT INTO `kind` (`kind_id`, `kind_name`, `kind_code`, `created_at`, `updated_at`, `deleted_at`) VALUES
(1, 'Мультивыборка', 'feature', NULL, NULL, NULL),
(2, 'Одна выборка', 'feature', NULL, NULL, NULL),
(3, 'Текст', 'feature', NULL, NULL, NULL);

-- --------------------------------------------------------

--
-- Структура таблицы `main_page_text`
--

CREATE TABLE `main_page_text` (
  `id` int(11) NOT NULL,
  `page_text` text,
  `created_at` timestamp NULL DEFAULT NULL,
  `updated_at` timestamp NULL DEFAULT NULL
) ENGINE=MyISAM DEFAULT CHARSET=utf8;

--
-- Дамп данных таблицы `main_page_text`
--

INSERT INTO `main_page_text` (`id`, `page_text`, `created_at`, `updated_at`) VALUES
(1, '<p>\r\n	Любой гардероб не мыслим без модных одежд. Выглядеть стильно и модно сегодня хотят не только женщины, но и сильный пол. Предлагаем Вашему вниманию наш интернет-магазин – shopita.kz.\r\n</p>\r\n<p>\r\n	Shopita.kz – представляет одежду не только отечественных марок, но и немецких и итальянских знаменитых брендов. В этом огромном каталоге одежды Вы можете выбрать определенную вещь и подобрать готовый комплект для комбинирования, созданный профессиональными стилистами.\r\n</p>\r\n<p>\r\n	Чувственная роскошь и изысканная простота, загадка и эфирность – наряды из многих коллекции подойдут как для светских раутов, похода в театр, так и для скромных семейных торжеств, свиданий с любимым.\r\n</p>\r\n<p>\r\n	Shopita.kz – это гарантия качества и обслуживания высокого качества!\r\n</p>', NULL, '2018-01-08 04:09:17');

-- --------------------------------------------------------

--
-- Структура таблицы `migrations`
--

CREATE TABLE `migrations` (
  `migration` varchar(255) COLLATE utf8_unicode_ci NOT NULL,
  `batch` int(11) NOT NULL
) ENGINE=InnoDB DEFAULT CHARSET=utf8 COLLATE=utf8_unicode_ci;

--
-- Дамп данных таблицы `migrations`
--

INSERT INTO `migrations` (`migration`, `batch`) VALUES
('2016_11_15_055625_create_basket_table', 1),
('2016_11_20_091317_create_name_size_table', 2),
('2016_11_20_091446_create_type_size_table', 2),
('2016_11_20_091708_create_size_table', 2),
('2016_11_20_092008_rollback', 3),
('2016_11_20_092124_rollback', 4),
('2017_09_01_053511_create_promo_code_table', 5);

-- --------------------------------------------------------

--
-- Структура таблицы `orders`
--

CREATE TABLE `orders` (
  `id` int(11) NOT NULL,
  `price` tinyint(4) NOT NULL,
  `success` tinyint(4) NOT NULL
) ENGINE=MyISAM DEFAULT CHARSET=utf8;

-- --------------------------------------------------------

--
-- Структура таблицы `page`
--

CREATE TABLE `page` (
  `page_id` int(10) UNSIGNED NOT NULL,
  `page_name_ru` varchar(255) COLLATE utf8_unicode_ci NOT NULL,
  `page_name_kz` varchar(255) COLLATE utf8_unicode_ci DEFAULT NULL,
  `page_name_en` varchar(255) COLLATE utf8_unicode_ci DEFAULT NULL,
  `page_text_kz` longtext COLLATE utf8_unicode_ci,
  `page_text_ru` longtext COLLATE utf8_unicode_ci,
  `page_text_en` longtext COLLATE utf8_unicode_ci,
  `page_image` varchar(200) COLLATE utf8_unicode_ci DEFAULT NULL,
  `page_url` varchar(300) COLLATE utf8_unicode_ci NOT NULL,
  `page_position` int(11) DEFAULT '0',
  `page_kind` int(11) DEFAULT '1',
  `is_show` varchar(1) COLLATE utf8_unicode_ci DEFAULT '1',
  `created_at` timestamp NULL DEFAULT NULL,
  `updated_at` timestamp NULL DEFAULT NULL,
  `deleted_at` timestamp NULL DEFAULT NULL
) ENGINE=InnoDB DEFAULT CHARSET=utf8 COLLATE=utf8_unicode_ci;

--
-- Дамп данных таблицы `page`
--

INSERT INTO `page` (`page_id`, `page_name_ru`, `page_name_kz`, `page_name_en`, `page_text_kz`, `page_text_ru`, `page_text_en`, `page_image`, `page_url`, `page_position`, `page_kind`, `is_show`, `created_at`, `updated_at`, `deleted_at`) VALUES
(1, 'Как сделать заказ?', NULL, NULL, '', '<p>\r\n	<br />\r\n</p>\r\n<p class=\"MsoNormal\" style=\"margin-left:0cm;\">\r\n	<div style=\"text-align:left;\">\r\n		<b><br />\r\n</b>\r\n	</div>\r\n<b>\r\n	<div style=\"text-align:left;\">\r\n		<b>Сделать заказ на сайте Shopita просто. Для этого нужно:</b>\r\n	</div>\r\n</b>\r\n</p>\r\n<p class=\"MsoListParagraph\" style=\"text-align:left;margin-left:36pt;text-indent:-18pt;\">\r\n	<b>1.&nbsp;&nbsp;&nbsp;&nbsp; </b>Выбрать инструкцию для наиболее удобной\r\nдля вас платформы:\r\n</p>\r\n<p class=\"MsoNormal\" style=\"text-align:left;margin-left:18pt;\">\r\n	описание оформления заказа на сайте\r\nнаходится ниже\r\n</p>\r\n<p class=\"MsoNormal\" style=\"text-align:left;margin-left:36pt;text-indent:-18pt;\">\r\n	<strong>·&nbsp;&nbsp;&nbsp;&nbsp;&nbsp;&nbsp;&nbsp;\r\nмобильная версия сайта</strong>\r\n</p>\r\n<p class=\"MsoNormal\" style=\"text-align:left;margin-left:36pt;text-indent:-18pt;\">\r\n	<strong>·&nbsp;&nbsp;&nbsp;&nbsp;&nbsp;&nbsp;&nbsp;\r\nверсия для ПК</strong>\r\n</p>\r\n<p class=\"MsoListParagraphCxSpFirst\" style=\"text-align:left;margin-left:36pt;text-indent:-18pt;\">\r\n	<b>2.&nbsp;&nbsp;&nbsp;&nbsp; </b>Выбрать необходимый размер. Для\r\nэтого&nbsp;используйте гид по определению размера\r\n</p>\r\n<p class=\"MsoListParagraphCxSpMiddle\" style=\"text-align:left;margin-left:36pt;text-indent:-18pt;\">\r\n	<b>3.&nbsp;&nbsp;&nbsp;&nbsp; </b>Нажать&nbsp;на кнопку «Добавить в\r\nкорзину»;\r\n</p>\r\n<p class=\"MsoListParagraphCxSpMiddle\" style=\"text-align:left;margin-left:36pt;text-indent:-18pt;\">\r\n	<b>4.&nbsp;&nbsp;&nbsp;&nbsp; </b>На экране появится всплывающее окно, в\r\nкотором&nbsp;будет возможность либо&nbsp;вернуться к покупкам, нажав кнопку\r\n«Продолжить покупки», либо&nbsp;перейти к оформлению заказа, нажав кнопку\r\n«Оформить заказ» внизу. Выберите необходимое&nbsp;действие;\r\n</p>\r\n<p class=\"MsoListParagraphCxSpMiddle\" style=\"text-align:left;margin-left:36pt;text-indent:-18pt;\">\r\n	<b>5.&nbsp;&nbsp;&nbsp;&nbsp; </b>Чтобы удалить из Корзины ненужные\r\nпозиции, наведите курсор на эту позицию, справа появится кнопка «Удалить»;\r\n</p>\r\n<p class=\"MsoListParagraphCxSpMiddle\" style=\"text-align:left;margin-left:36pt;text-indent:-18pt;\">\r\n	<b>6.&nbsp;&nbsp;&nbsp;&nbsp; </b>На странице оформления нужно внести все\r\nконтактные данные;\r\n</p>\r\n<p class=\"MsoListParagraphCxSpMiddle\" style=\"text-align:left;margin-left:36pt;text-indent:-18pt;\">\r\n	<b>7.&nbsp;&nbsp;&nbsp;&nbsp; </b>Чтобы применить промо-код, укажите код\r\nкупона в поле «Промо-код» и нажмите кнопку «Применить»;\r\n</p>\r\n<p class=\"MsoListParagraphCxSpMiddle\" style=\"text-align:left;margin-left:36pt;text-indent:-18pt;\">\r\n	<b>8.&nbsp;&nbsp;&nbsp;&nbsp; </b>Выберите удобный вариант оплаты;\r\n</p>\r\n<p class=\"MsoListParagraphCxSpMiddle\" style=\"text-align:left;margin-left:36pt;text-indent:-18pt;\">\r\n	<b>9.&nbsp;&nbsp;&nbsp;&nbsp; </b>Нажмите кнопку «Отправить заказ»;\r\n</p>\r\n<p class=\"MsoListParagraphCxSpLast\" style=\"text-align:left;margin-left:36pt;text-indent:-18pt;\">\r\n	<b>10.&nbsp;&nbsp;&nbsp;</b>После нажатия кнопки «Отправить заказ»\r\nпоявится сообщение об успешно завершенной процедуре оформления заказа.\r\n</p>\r\n<p class=\"MsoNormal\" style=\"text-align:left;margin-left:0cm;\">\r\n	<br />\r\n</p>\r\n<p class=\"MsoNormal\" style=\"text-align:left;\">\r\n	<br />\r\n</p>\r\n<p>\r\n	<br />\r\n</p>\r\n<p style=\"text-align:left;\">\r\n	<span style=\"color:#222222;font-family:\" font-size:14px;background-color:#ffffff;\"=\"\"><br />\r\n</span> \r\n</p>', NULL, NULL, 'kak-sdelat-zakaz', 1, 1, '1', '2016-07-19 08:33:20', '2017-11-13 08:15:27', NULL),
(3, 'Как оплатить заказ?', NULL, NULL, '', '<p>\r\n	...\r\n</p>', NULL, NULL, 'kak-oplatit-zakaz', 1, 1, '1', '2016-07-19 08:56:25', '2017-11-13 08:22:01', NULL),
(4, 'Условия доставки', NULL, NULL, '', 'test', NULL, NULL, 'usloviya-dostavki', 1, 1, '1', '2016-07-19 08:56:43', '2017-11-13 08:16:16', NULL),
(5, 'Возврат', NULL, NULL, '', '<p>\r\n	<br />\r\n</p>\r\n<h1 class=\"help-center__article-title\" style=\"text-align: center; font-weight: 100; font-size: 40px;\" background-color:#ffffff;\"=\"\">\r\n		Как мне вернуть товар?\r\n	</h1>\r\n<div class=\"help-center-banner\" style=\"color:#222222;font-family:\" font-size:13px;background-color:#ffffff;\"=\"\">\r\n		</div>\r\n<div class=\"help-center-article__article-text\" style=\"color:#222222;font-family:\" font-size:13px;background-color:#ffffff;\"=\"\">\r\n		<p style=\"text-align:left;font-size:14px;\">\r\n			Любой товар, заказанный на Shopita.kz и не подошедший по каким-либо причинам (фасон, размер, цвет), может быть возвращен&nbsp;<strong>в течение 14 дней,&nbsp;не считая дня покупки</strong>.\r\n		</p>\r\n		<h2 style=\"text-align:left;font-size:18px;font-family:Helvetica, Arial;\">\r\n			<strong>Для оформления возврата вам необходимо:</strong> \r\n		</h2>\r\n		<p style=\"font-size:14px;\">\r\n			<div style=\"text-align:left;\">\r\n				1. Перейти в раздел “мои заказы” на сайте.\r\n			</div>\r\n			<div style=\"text-align:left;\">\r\n				2. Выбрать заказ и товар из заказа, который нужно вернуть.\r\n			</div>\r\n			<div style=\"text-align:left;\">\r\n				3. Заполнить заявление на возврат в виде online-формы. Инструкцию по заполнению формы&nbsp;можно найти в соответствующей статье.\r\n			</div>\r\n			<div style=\"text-align:left;\">\r\n				4. Распечатать и обязательно&nbsp;<strong>подписать</strong>&nbsp;заявление.\r\n			</div>\r\n			<div style=\"text-align:left;\">\r\n				5. Собрать посылку, состоящую из:\r\n			</div>\r\n		</p>\r\n		<ul>\r\n			<li style=\"text-align:left;\">\r\n				<strong>товара</strong> \r\n			</li>\r\n			<li style=\"text-align:left;\">\r\n				<strong>подписанного заявления на возврат</strong> \r\n			</li>\r\n			<li style=\"text-align:left;\">\r\n				<strong>чека*</strong> \r\n			</li>\r\n			<li style=\"text-align:left;\">\r\n				<strong>удостоверение личности**</strong> \r\n			</li>\r\n		</ul>\r\n		<p style=\"font-size:14px;\">\r\n			<div style=\"text-align:left;\">\r\n				6.&nbsp;Отправить посылку удобным для вас способом (возможные способы отправления посылки указаны ниже).\r\n			</div>\r\n			<div style=\"text-align:left;\">\r\n				7.&nbsp;Дождаться смс уведомления о поступлении возврата на склад. Денежные средства будут переведены в течение 10 дней с даты поступления товара на склад.\r\n			</div>\r\n		</p>\r\n		<h2 style=\"text-align:left;font-size:18px;font-family:Helvetica, Arial;\">\r\n			<strong>Возможные способы отправки посылки</strong> \r\n		</h2>\r\n		<h3 style=\"text-align:left;font-size:13px;font-family:Helvetica, Arial;\">\r\n			<strong>Возврат Почтой</strong> \r\n		</h3>\r\n		<p style=\"font-size:14px;\">\r\n			<div style=\"text-align:left;\">\r\n				Адрес возврата 060000, Атырауская область, г. Атырау, ул. Сатпаева 32/57\r\n			</div>\r\n			<div style=\"text-align:left;\">\r\n				Обращаем ваше внимание, что отправить товар необходимо не позднее 14 дней, не считая дня покупки,&nbsp;простым почтовым отправлением, не наложенным платежом! Информацию о тарифах и сроках доставки уточняйте в отделениях АО «Казпочта» или на сайте&nbsp;<a href=\"http://kazpost.kz/\">www.kazpost.kz</a>.\r\n			</div>\r\n		</p>\r\n	</div>\r\n	<p>\r\n		<br />\r\n	</p>', NULL, NULL, 'vozvrat', 1, 1, '1', '2016-07-19 08:57:16', '2017-11-13 08:14:37', NULL),
(6, 'Контакты', NULL, NULL, '', '<p style=\"text-align:left;\">\r\n	<strong>У Вас есть вопросы, предложения или отзыв? Наши менеджеры всегда готовы принять от вас звонок!</strong> \r\n</p>\r\n<h3 style=\"text-align:left;\">\r\n	<b>+7 (7122) 317 843</b> \r\n</h3>\r\n<p style=\"text-align:left;\">\r\n	<b>Или же Вы всегда можете написать нам на почту:</b> \r\n</p>\r\n<p style=\"text-align:left;\">\r\n	support@shopita.kz\r\n</p>\r\n<p style=\"text-align:left;\">\r\n	<br />\r\n</p>\r\n<p style=\"text-align:left;\">\r\n	<br />\r\n</p>', NULL, NULL, 'kontakty', 1, 1, '1', '2016-07-19 08:58:19', '2017-11-13 08:18:45', NULL),
(7, 'О нас', NULL, NULL, '', '<p>\r\n	Любой гардероб не мыслим без модных одежд. Выглядеть стильно и модно\r\n сегодня хотят не только женщины, но и сильный пол. Предлагаем Вашему \r\nвниманию наш интернет-магазин – shopita.kz.\r\n</p>\r\n<p>\r\n	<b>Shopita.kz</b> – это не просто\r\n магазин одежды, это магазин женской и мужской одежды. В этом огромном \r\nкаталоге одежды Вы можете выбрать определенную вещь и подобрать готовый \r\nкомплект для комбинирования, созданный профессиональными стилистами.\r\n</p>\r\n<p>\r\n	Наш интернет-магазин представляет\r\n женскую и мужскую одежду популярных и самых модных мировых брендов. \r\nЧувственная роскошь и изысканная простота, загадка и эфирность – наряды \r\nиз многих коллекции подойдут как для светских раутов, похода в театр, \r\nтак и для скромных семейных торжеств, свиданий с любимым.\r\n</p>\r\n<p>\r\n	<b>Shopita.kz </b>– это гарантия качества и обслуживания высокого качества!\r\n</p>\r\n<p>\r\n	...\r\n</p>', NULL, NULL, 'o-nas', 1, 1, '1', '2016-07-19 09:01:32', '2017-12-28 04:08:38', NULL),
(8, 'Публичная оферта', NULL, NULL, '', '<p>\r\n	Любой гардероб не мыслим без модных одежд. Выглядеть стильно и модно\r\n сегодня хотят не только женщины, но и сильный пол. Предлагаем Вашему \r\nвниманию наш интернет-магазин – shopita.kz.з\r\n</p>\r\n<p>\r\n	<b>Shopita.kz</b> – это не просто\r\n магазин одежды, это магазин женской и мужской одежды. В этом огромном \r\nкаталоге одежды Вы можете выбрать определенную вещь и подобрать готовый \r\nкомплект для комбинирования, созданный профессиональными стилистами.\r\n</p>\r\n<p>\r\n	Наш интернет-магазин представляет\r\n женскую и мужскую одежду популярных и самых модных мировых брендов. \r\nЧувственная роскошь и изысканная простота, загадка и эфирность – наряды \r\nиз многих коллекции подойдут как для светских раутов, похода в театр, \r\nтак и для скромных семейных торжеств, свиданий с любимым.\r\n</p>\r\n<p>\r\n	<b>Shopita.kz </b>– это гарантия и обслуживания высокого качества!!!\r\n</p>\r\n<p>\r\n	<br />\r\n</p>\r\n<p>\r\n	1\r\n</p>', NULL, NULL, 'publichnaya-oferta', 1, 1, '1', '2016-07-19 09:11:46', '2017-12-28 04:31:57', NULL),
(9, 'Конфиденциальность', NULL, NULL, '', '<p>\r\n	test&nbsp;Конфиденциальность\r\n</p>', NULL, NULL, 'konfidentsialnost', 1, 1, '1', '2016-07-19 09:12:07', '2017-04-27 04:25:57', NULL),
(11, 'first blog', NULL, NULL, '', 'blog text<br />', NULL, '20160720072708000000.jpg', 'first-blog', 1, 2, '1', '2016-07-20 01:27:09', '2016-07-20 01:27:09', NULL),
(12, 'Публичной оферты', NULL, NULL, '', 'его текст<br />', NULL, 'default.jpg', 'publichnoy-oferty', 1, 2, '1', '2016-07-20 01:28:34', '2017-09-01 09:27:45', NULL),
(15, 'dolge and gabbana', NULL, NULL, NULL, NULL, NULL, 'brend1.png', 'http://google.kz', 0, 4, '1', '2016-07-20 02:39:28', '2016-07-20 02:39:28', NULL),
(16, 'Giorgio Armani', NULL, NULL, NULL, NULL, NULL, 'brend2.png', 'http://google.kz', 0, 4, '1', '2016-07-20 02:40:02', '2016-10-30 09:02:51', NULL),
(17, 'Puma', NULL, NULL, NULL, NULL, NULL, 'brend3.png', 'http://google.kz', 0, 4, '1', '2016-07-20 02:40:17', '2016-07-20 02:40:17', NULL),
(18, 'Louis Vution', NULL, NULL, NULL, NULL, NULL, 'brend4.png', 'http://google.kz', 0, 4, '1', '2016-07-20 02:40:42', '2016-07-20 02:40:42', NULL),
(19, 'DKNY', NULL, NULL, NULL, NULL, NULL, 'brend5.png', 'http://google.kz', 0, 4, '1', '2016-07-20 02:41:03', '2017-12-28 04:16:51', '2017-12-28 04:16:51'),
(25, 'Акция №1', NULL, NULL, NULL, '<div class=\"col-md-3 col-sm-3\">\r\n	<img src=\"/image/in_style.png\" class=\"img-responsive center-block\" alt=\"\" /> \r\n</div>\r\n<div class=\"col-md-6 col-sm-6\">\r\n	<p>\r\n		A’GACI is a lifestyle brand created for young fashion lovers who rock it well and march to their own beat. Simply put, we are a brand that reflects who you are. Our goal at A’GACI is to make you feel sexy, feminine and confident.\r\n	</p>\r\n	<p>\r\n		We started back in 1971 and A’GACI is now one of fashion’s fastest growing brands. We feature an online fashion haven and high energy stores nationwide with new locations opening every year.\r\n	</p>\r\n</div>\r\n<div class=\"col-md-3 col-sm-3 hidden-xs\">\r\n	<img src=\"/image/in_style2.png\" class=\"img-responsive center-block\" alt=\"\" /> \r\n</div>\r\n<div class=\"col-md-3 col-sm-3\">\r\n	<img src=\"/image/in_style.png\" class=\"img-responsive center-block\" alt=\"\" /> \r\n</div>\r\n<div class=\"col-md-6 col-sm-6\">\r\n	<p>\r\n		A’GACI is a lifestyle brand created for young fashion lovers who rock it well and march to their own beat. Simply put, we are a brand that reflects who you are. Our goal at A’GACI is to make you feel sexy, feminine and confident.\r\n	</p>\r\n	<p>\r\n		We started back in 1971 and A’GACI is now one of fashion’s fastest growing brands. We feature an online fashion haven and high energy stores nationwide with new locations opening every year.\r\n	</p>\r\n</div>\r\n<div class=\"col-md-3 col-sm-3 hidden-xs\">\r\n	<img src=\"/image/in_style2.png\" class=\"img-responsive center-block\" alt=\"\" /> \r\n</div>', NULL, 'Безымянный1111.png', 'aktsiya-№1', 1, 3, '1', '2016-07-20 04:11:43', '2017-11-13 08:13:12', NULL),
(26, 'Акция №2', NULL, NULL, NULL, '<div class=\"col-md-3 col-sm-3\">\r\n	<img src=\"/image/in_style.png\" class=\"img-responsive center-block\" alt=\"\" /> \r\n</div>\r\n<div class=\"col-md-6 col-sm-6\">\r\n	<p>\r\n		A’GACI is a lifestyle brand created for young fashion lovers who rock it well and march to their own beat. Simply put, we are a brand that reflects who you are. Our goal at A’GACI is to make you feel sexy, feminine and confident.\r\n	</p>\r\n	<p>\r\n		We started back in 1971 and A’GACI is now one of fashion’s fastest growing brands. We feature an online fashion haven and high energy stores nationwide with new locations opening every year.\r\n	</p>\r\n</div>\r\n<div class=\"col-md-3 col-sm-3 hidden-xs\">\r\n	<img src=\"/image/in_style2.png\" class=\"img-responsive center-block\" alt=\"\" /> \r\n</div>\r\n\r\n\r\n<div class=\"col-md-3 col-sm-3\">\r\n	<img src=\"/image/in_style.png\" class=\"img-responsive center-block\" alt=\"\" /> \r\n</div>\r\n<div class=\"col-md-6 col-sm-6\">\r\n	<p>\r\n		A’GACI is a lifestyle brand created for young fashion lovers who rock it well and march to their own beat. Simply put, we are a brand that reflects who you are. Our goal at A’GACI is to make you feel sexy, feminine and confident.\r\n	</p>\r\n	<p>\r\n		We started back in 1971 and A’GACI is now one of fashion’s fastest growing brands. We feature an online fashion haven and high energy stores nationwide with new locations opening every year.\r\n	</p>\r\n</div>\r\n<div class=\"col-md-3 col-sm-3 hidden-xs\">\r\n	<img src=\"/image/in_style2.png\" class=\"img-responsive center-block\" alt=\"\" /> \r\n</div>', NULL, 'slid1.png', 'aktsiya-№2', 1, 3, '1', '2016-07-20 04:46:30', '2016-07-20 04:50:03', NULL),
(27, 'Акция №3', NULL, NULL, NULL, '<div class=\"col-md-3 col-sm-3\">\r\n	<img src=\"/image/in_style.png\" class=\"img-responsive center-block\" alt=\"\" /> \r\n</div>\r\n<div class=\"col-md-6 col-sm-6\">\r\n	<p>\r\n		A’GACI is a lifestyle brand created for young fashion lovers who rock it well and march to their own beat. Simply put, we are a brand that reflects who you are. Our goal at A’GACI is to make you feel sexy, feminine and confident.\r\n	</p>\r\n	<p>\r\n		We started back in 1971 and A’GACI is now one of fashion’s fastest growing brands. We feature an online fashion haven and high energy stores nationwide with new locations opening every year.\r\n	</p>\r\n</div>\r\n<div class=\"col-md-3 col-sm-3 hidden-xs\">\r\n	<img src=\"/image/in_style2.png\" class=\"img-responsive center-block\" alt=\"\" /> \r\n</div>\r\n\r\n\r\n<div class=\"col-md-3 col-sm-3\">\r\n	<img src=\"/image/in_style.png\" class=\"img-responsive center-block\" alt=\"\" /> \r\n</div>\r\n<div class=\"col-md-6 col-sm-6\">\r\n	<p>\r\n		A’GACI is a lifestyle brand created for young fashion lovers who rock it well and march to their own beat. Simply put, we are a brand that reflects who you are. Our goal at A’GACI is to make you feel sexy, feminine and confident.\r\n	</p>\r\n	<p>\r\n		We started back in 1971 and A’GACI is now one of fashion’s fastest growing brands. We feature an online fashion haven and high energy stores nationwide with new locations opening every year.\r\n	</p>\r\n</div>\r\n<div class=\"col-md-3 col-sm-3 hidden-xs\">\r\n	<img src=\"/image/in_style2.png\" class=\"img-responsive center-block\" alt=\"\" /> \r\n</div>', NULL, 'img1.png', 'aktsiya-№3', 2, 3, '1', '2016-07-20 04:47:13', '2016-07-20 04:50:03', NULL),
(28, 'Акция №4', NULL, NULL, NULL, '<div class=\"col-md-3 col-sm-3\">\r\n	<img src=\"/image/in_style.png\" class=\"img-responsive center-block\" alt=\"\" /> \r\n</div>\r\n<div class=\"col-md-6 col-sm-6\">\r\n	<p>\r\n		A’GACI is a lifestyle brand created for young fashion lovers who rock it well and march to their own beat. Simply put, we are a brand that reflects who you are. Our goal at A’GACI is to make you feel sexy, feminine and confident.\r\n	</p>\r\n	<p>\r\n		We started back in 1971 and A’GACI is now one of fashion’s fastest growing brands. We feature an online fashion haven and high energy stores nationwide with new locations opening every year.\r\n	</p>\r\n</div>\r\n<div class=\"col-md-3 col-sm-3 hidden-xs\">\r\n	<img src=\"/image/in_style2.png\" class=\"img-responsive center-block\" alt=\"\" /> \r\n</div>\r\n\r\n\r\n<div class=\"col-md-3 col-sm-3\">\r\n	<img src=\"/image/in_style.png\" class=\"img-responsive center-block\" alt=\"\" /> \r\n</div>\r\n<div class=\"col-md-6 col-sm-6\">\r\n	<p>\r\n		A’GACI is a lifestyle brand created for young fashion lovers who rock it well and march to their own beat. Simply put, we are a brand that reflects who you are. Our goal at A’GACI is to make you feel sexy, feminine and confident.\r\n	</p>\r\n	<p>\r\n		We started back in 1971 and A’GACI is now one of fashion’s fastest growing brands. We feature an online fashion haven and high energy stores nationwide with new locations opening every year.\r\n	</p>\r\n</div>\r\n<div class=\"col-md-3 col-sm-3 hidden-xs\">\r\n	<img src=\"/image/in_style2.png\" class=\"img-responsive center-block\" alt=\"\" /> \r\n</div>', NULL, 'img2.png', 'aktsiya-№4', 4, 3, '1', '2016-07-20 04:48:00', '2016-07-20 04:50:03', NULL),
(29, 'Акция №5', NULL, NULL, NULL, '<div class=\"col-md-3 col-sm-3\">\r\n	<img src=\"/image/in_style.png\" class=\"img-responsive center-block\" alt=\"\" /> \r\n</div>\r\n<div class=\"col-md-6 col-sm-6\">\r\n	<p>\r\n		A’GACI is a lifestyle brand created for young fashion lovers who rock it well and march to their own beat. Simply put, we are a brand that reflects who you are. Our goal at A’GACI is to make you feel sexy, feminine and confident.\r\n	</p>\r\n	<p>\r\n		We started back in 1971 and A’GACI is now one of fashion’s fastest growing brands. We feature an online fashion haven and high energy stores nationwide with new locations opening every year.\r\n	</p>\r\n</div>\r\n<div class=\"col-md-3 col-sm-3 hidden-xs\">\r\n	<img src=\"/image/in_style2.png\" class=\"img-responsive center-block\" alt=\"\" /> \r\n</div>\r\n\r\n\r\n<div class=\"col-md-3 col-sm-3\">\r\n	<img src=\"/image/in_style.png\" class=\"img-responsive center-block\" alt=\"\" /> \r\n</div>\r\n<div class=\"col-md-6 col-sm-6\">\r\n	<p>\r\n		A’GACI is a lifestyle brand created for young fashion lovers who rock it well and march to their own beat. Simply put, we are a brand that reflects who you are. Our goal at A’GACI is to make you feel sexy, feminine and confident.\r\n	</p>\r\n	<p>\r\n		We started back in 1971 and A’GACI is now one of fashion’s fastest growing brands. We feature an online fashion haven and high energy stores nationwide with new locations opening every year.\r\n	</p>\r\n</div>\r\n<div class=\"col-md-3 col-sm-3 hidden-xs\">\r\n	<img src=\"/image/in_style2.png\" class=\"img-responsive center-block\" alt=\"\" /> \r\n</div>', NULL, 'img3.png', 'aktsiya-№5', 3, 3, '1', '2016-07-20 04:48:41', '2016-07-20 04:50:03', NULL),
(30, 'Акция №6', NULL, NULL, NULL, '<div class=\"col-md-3 col-sm-3\">\r\n	<img src=\"/image/in_style.png\" class=\"img-responsive center-block\" alt=\"\" /> \r\n</div>\r\n<div class=\"col-md-6 col-sm-6\">\r\n	<p>\r\n		A’GACI is a lifestyle brand created for young fashion lovers who rock it well and march to their own beat. Simply put, we are a brand that reflects who you are. Our goal at A’GACI is to make you feel sexy, feminine and confident.\r\n	</p>\r\n	<p>\r\n		We started back in 1971 and A’GACI is now one of fashion’s fastest growing brands. We feature an online fashion haven and high energy stores nationwide with new locations opening every year.\r\n	</p>\r\n</div>\r\n<div class=\"col-md-3 col-sm-3 hidden-xs\">\r\n	<img src=\"/image/in_style2.png\" class=\"img-responsive center-block\" alt=\"\" /> \r\n</div>\r\n\r\n\r\n<div class=\"col-md-3 col-sm-3\">\r\n	<img src=\"/image/in_style.png\" class=\"img-responsive center-block\" alt=\"\" /> \r\n</div>\r\n<div class=\"col-md-6 col-sm-6\">\r\n	<p>\r\n		A’GACI is a lifestyle brand created for young fashion lovers who rock it well and march to their own beat. Simply put, we are a brand that reflects who you are. Our goal at A’GACI is to make you feel sexy, feminine and confident.\r\n	</p>\r\n	<p>\r\n		We started back in 1971 and A’GACI is now one of fashion’s fastest growing brands. We feature an online fashion haven and high energy stores nationwide with new locations opening every year.\r\n	</p>\r\n</div>\r\n<div class=\"col-md-3 col-sm-3 hidden-xs\">\r\n	<img src=\"/image/in_style2.png\" class=\"img-responsive center-block\" alt=\"\" /> \r\n</div>', NULL, 'img4.png', 'aktsiya-№6', 5, 3, '0', '2016-07-20 04:49:15', '2017-09-21 06:22:16', '2017-09-21 06:22:16'),
(31, 'Акция №6', NULL, NULL, NULL, '<div class=\"col-md-3 col-sm-3\">\r\n	<img src=\"/image/in_style.png\" class=\"img-responsive center-block\" alt=\"\" /> \r\n</div>\r\n<div class=\"col-md-6 col-sm-6\">\r\n	<p>\r\n		A’GACI is a lifestyle brand created for young fashion lovers who rock it well and march to their own beat. Simply put, we are a brand that reflects who you are. Our goal at A’GACI is to make you feel sexy, feminine and confident.\r\n	</p>\r\n	<p>\r\n		We started back in 1971 and A’GACI is now one of fashion’s fastest growing brands. We feature an online fashion haven and high energy stores nationwide with new locations opening every year.\r\n	</p>\r\n</div>\r\n<div class=\"col-md-3 col-sm-3 hidden-xs\">\r\n	<img src=\"/image/in_style2.png\" class=\"img-responsive center-block\" alt=\"\" /> \r\n</div>\r\n<div class=\"col-md-3 col-sm-3\">\r\n	<img src=\"/image/in_style.png\" class=\"img-responsive center-block\" alt=\"\" /> \r\n</div>\r\n<div class=\"col-md-6 col-sm-6\">\r\n	<p>\r\n		A’GACI is a lifestyle brand created for young fashion lovers who rock it well and march to their own beat. Simply put, we are a brand that reflects who you are. Our goal at A’GACI is to make you feel sexy, feminine and confident.\r\n	</p>\r\n	<p>\r\n		We started back in 1971 and A’GACI is now one of fashion’s fastest growing brands. We feature an online fashion haven and high energy stores nationwide with new locations opening every year.\r\n	</p>\r\n</div>\r\n<div class=\"col-md-3 col-sm-3 hidden-xs\">\r\n	<img src=\"/image/in_style2.png\" class=\"img-responsive center-block\" alt=\"\" /> \r\n</div>', NULL, 'zhivotnie-0026.jpg', 'aktsiya-№6', 6, 3, '1', '2016-07-20 04:49:38', '2018-01-09 06:53:30', NULL),
(32, 'Женская мода 2016 года только для вас! Посмотрите.', NULL, NULL, NULL, '<div class=\"col-md-3 col-sm-3\">\r\n	<img src=\"/image/in_style.png\" class=\"img-responsive center-block\" alt=\"\" /> \r\n</div>\r\n<div class=\"col-md-6 col-sm-6\">\r\n	<p>\r\n		A’GACI is a lifestyle brand created for young fashion lovers who rock it well and march to their own beat. Simply put, we are a brand that reflects who you are. Our goal at A’GACI is to make you feel sexy, feminine and confident.\r\n	</p>\r\n	<p>\r\n		We started back in 1971 and A’GACI is now one of fashion’s fastest growing brands. We feature an online fashion haven and high energy stores nationwide with new locations opening every year.\r\n	</p>\r\n</div>\r\n<div class=\"col-md-3 col-sm-3 hidden-xs\">\r\n	<img src=\"/image/in_style2.png\" class=\"img-responsive center-block\" alt=\"\" /> \r\n</div>\r\n\r\n\r\n<div class=\"col-md-3 col-sm-3\">\r\n	<img src=\"/image/in_style.png\" class=\"img-responsive center-block\" alt=\"\" /> \r\n</div>\r\n<div class=\"col-md-6 col-sm-6\">\r\n	<p>\r\n		A’GACI is a lifestyle brand created for young fashion lovers who rock it well and march to their own beat. Simply put, we are a brand that reflects who you are. Our goal at A’GACI is to make you feel sexy, feminine and confident.\r\n	</p>\r\n	<p>\r\n		We started back in 1971 and A’GACI is now one of fashion’s fastest growing brands. We feature an online fashion haven and high energy stores nationwide with new locations opening every year.\r\n	</p>\r\n</div>\r\n<div class=\"col-md-3 col-sm-3 hidden-xs\">\r\n	<img src=\"/image/in_style2.png\" class=\"img-responsive center-block\" alt=\"\" /> \r\n</div>', NULL, 'stylish1.png', 'dgenskaya-moda-2016-goda-tolko-dlya-vas!-posmotrite', 0, 2, '1', '2016-07-21 01:51:17', '2016-07-21 01:51:17', NULL),
(33, 'Как можно иллюстрировать вашу одежду под цвет?', NULL, NULL, NULL, '<div class=\"col-md-3 col-sm-3\">\r\n	<img src=\"/image/in_style.png\" class=\"img-responsive center-block\" alt=\"\" /> \r\n</div>\r\n<div class=\"col-md-6 col-sm-6\">\r\n	<p>\r\n		A’GACI is a lifestyle brand created for young fashion lovers who rock it well and march to their own beat. Simply put, we are a brand that reflects who you are. Our goal at A’GACI is to make you feel sexy, feminine and confident.\r\n	</p>\r\n	<p>\r\n		We started back in 1971 and A’GACI is now one of fashion’s fastest growing brands. We feature an online fashion haven and high energy stores nationwide with new locations opening every year.\r\n	</p>\r\n</div>\r\n<div class=\"col-md-3 col-sm-3 hidden-xs\">\r\n	<img src=\"/image/in_style2.png\" class=\"img-responsive center-block\" alt=\"\" /> \r\n</div>\r\n\r\n\r\n<div class=\"col-md-3 col-sm-3\">\r\n	<img src=\"/image/in_style.png\" class=\"img-responsive center-block\" alt=\"\" /> \r\n</div>\r\n<div class=\"col-md-6 col-sm-6\">\r\n	<p>\r\n		A’GACI is a lifestyle brand created for young fashion lovers who rock it well and march to their own beat. Simply put, we are a brand that reflects who you are. Our goal at A’GACI is to make you feel sexy, feminine and confident.\r\n	</p>\r\n	<p>\r\n		We started back in 1971 and A’GACI is now one of fashion’s fastest growing brands. We feature an online fashion haven and high energy stores nationwide with new locations opening every year.\r\n	</p>\r\n</div>\r\n<div class=\"col-md-3 col-sm-3 hidden-xs\">\r\n	<img src=\"/image/in_style2.png\" class=\"img-responsive center-block\" alt=\"\" /> \r\n</div>', NULL, 'stylish2.png', 'kak-modgno-illyustrirovat-vashu-odedgdu-pod-tsvet', 0, 2, '1', '2016-07-21 01:51:38', '2016-07-21 01:51:38', NULL),
(34, 'Хотите купить костюм? Дорого? ', NULL, NULL, NULL, '<div class=\"col-md-3 col-sm-3\">\r\n	<img src=\"/image/in_style.png\" class=\"img-responsive center-block\" alt=\"\" /> \r\n</div>\r\n<div class=\"col-md-6 col-sm-6\">\r\n	<p>\r\n		A’GACI is a lifestyle brand created for young fashion lovers who rock it well and march to their own beat. Simply put, we are a brand that reflects who you are. Our goal at A’GACI is to make you feel sexy, feminine and confident.\r\n	</p>\r\n	<p>\r\n		We started back in 1971 and A’GACI is now one of fashion’s fastest growing brands. We feature an online fashion haven and high energy stores nationwide with new locations opening every year.\r\n	</p>\r\n</div>\r\n<div class=\"col-md-3 col-sm-3 hidden-xs\">\r\n	<img src=\"/image/in_style2.png\" class=\"img-responsive center-block\" alt=\"\" /> \r\n</div>\r\n\r\n\r\n<div class=\"col-md-3 col-sm-3\">\r\n	<img src=\"/image/in_style.png\" class=\"img-responsive center-block\" alt=\"\" /> \r\n</div>\r\n<div class=\"col-md-6 col-sm-6\">\r\n	<p>\r\n		A’GACI is a lifestyle brand created for young fashion lovers who rock it well and march to their own beat. Simply put, we are a brand that reflects who you are. Our goal at A’GACI is to make you feel sexy, feminine and confident.\r\n	</p>\r\n	<p>\r\n		We started back in 1971 and A’GACI is now one of fashion’s fastest growing brands. We feature an online fashion haven and high energy stores nationwide with new locations opening every year.\r\n	</p>\r\n</div>\r\n<div class=\"col-md-3 col-sm-3 hidden-xs\">\r\n	<img src=\"/image/in_style2.png\" class=\"img-responsive center-block\" alt=\"\" /> \r\n</div>', NULL, 'zoom3.png', 'khotite-kupit-kostyum-dorogo', 0, 2, '1', '2016-07-21 01:51:59', '2016-07-21 01:51:59', NULL),
(35, 'Красная одежда. Чем надеть?', NULL, NULL, NULL, '<div class=\"col-md-3 col-sm-3\">\r\n	<img src=\"/image/in_style.png\" class=\"img-responsive center-block\" alt=\"\" /> \r\n</div>\r\n<div class=\"col-md-6 col-sm-6\">\r\n	<p>\r\n		A’GACI is a lifestyle brand created for young fashion lovers who rock it well and march to their own beat. Simply put, we are a brand that reflects who you are. Our goal at A’GACI is to make you feel sexy, feminine and confident.\r\n	</p>\r\n	<p>\r\n		We started back in 1971 and A’GACI is now one of fashion’s fastest growing brands. We feature an online fashion haven and high energy stores nationwide with new locations opening every year.\r\n	</p>\r\n</div>\r\n<div class=\"col-md-3 col-sm-3 hidden-xs\">\r\n	<img src=\"/image/in_style2.png\" class=\"img-responsive center-block\" alt=\"\" /> \r\n</div>\r\n\r\n\r\n<div class=\"col-md-3 col-sm-3\">\r\n	<img src=\"/image/in_style.png\" class=\"img-responsive center-block\" alt=\"\" /> \r\n</div>\r\n<div class=\"col-md-6 col-sm-6\">\r\n	<p>\r\n		A’GACI is a lifestyle brand created for young fashion lovers who rock it well and march to their own beat. Simply put, we are a brand that reflects who you are. Our goal at A’GACI is to make you feel sexy, feminine and confident.\r\n	</p>\r\n	<p>\r\n		We started back in 1971 and A’GACI is now one of fashion’s fastest growing brands. We feature an online fashion haven and high energy stores nationwide with new locations opening every year.\r\n	</p>\r\n</div>\r\n<div class=\"col-md-3 col-sm-3 hidden-xs\">\r\n	<img src=\"/image/in_style2.png\" class=\"img-responsive center-block\" alt=\"\" /> \r\n</div>', NULL, 'sale1.png', 'krasnaya-odedgda-chem-nadet', 0, 2, '1', '2016-07-21 01:52:21', '2016-07-21 01:52:21', NULL),
(36, 'Скоро уже осень! А вы уже готовы моде?!', NULL, NULL, NULL, '<div class=\"col-md-3 col-sm-3\">\r\n	<img src=\"/image/in_style.png\" class=\"img-responsive center-block\" alt=\"\" /> \r\n</div>\r\n<div class=\"col-md-6 col-sm-6\">\r\n	<p>\r\n		A’GACI is a lifestyle brand created for young fashion lovers who rock it well and march to their own beat. Simply put, we are a brand that reflects who you are. Our goal at A’GACI is to make you feel sexy, feminine and confident.\r\n	</p>\r\n	<p>\r\n		We started back in 1971 and A’GACI is now one of fashion’s fastest growing brands. We feature an online fashion haven and high energy stores nationwide with new locations opening every year.\r\n	</p>\r\n</div>\r\n<div class=\"col-md-3 col-sm-3 hidden-xs\">\r\n	<img src=\"/image/in_style2.png\" class=\"img-responsive center-block\" alt=\"\" /> \r\n</div>\r\n\r\n\r\n<div class=\"col-md-3 col-sm-3\">\r\n	<img src=\"/image/in_style.png\" class=\"img-responsive center-block\" alt=\"\" /> \r\n</div>\r\n<div class=\"col-md-6 col-sm-6\">\r\n	<p>\r\n		A’GACI is a lifestyle brand created for young fashion lovers who rock it well and march to their own beat. Simply put, we are a brand that reflects who you are. Our goal at A’GACI is to make you feel sexy, feminine and confident.\r\n	</p>\r\n	<p>\r\n		We started back in 1971 and A’GACI is now one of fashion’s fastest growing brands. We feature an online fashion haven and high energy stores nationwide with new locations opening every year.\r\n	</p>\r\n</div>\r\n<div class=\"col-md-3 col-sm-3 hidden-xs\">\r\n	<img src=\"/image/in_style2.png\" class=\"img-responsive center-block\" alt=\"\" /> \r\n</div>', NULL, 'sale7.png', 'skoro-udge-osen!-a-vy-udge-gotovy-mode!', 0, 2, '1', '2016-07-21 01:52:37', '2016-07-21 01:52:37', NULL),
(37, 'Мода 80х возвращается ', NULL, NULL, NULL, '<div class=\"col-md-3 col-sm-3\">\r\n	<img src=\"/image/in_style.png\" class=\"img-responsive center-block\" alt=\"\" /> \r\n</div>\r\n<div class=\"col-md-6 col-sm-6\">\r\n	<p>\r\n		A’GACI is a lifestyle brand created for young fashion lovers who rock it well and march to their own beat. Simply put, we are a brand that reflects who you are. Our goal at A’GACI is to make you feel sexy, feminine and confident.\r\n	</p>\r\n	<p>\r\n		We started back in 1971 and A’GACI is now one of fashion’s fastest growing brands. We feature an online fashion haven and high energy stores nationwide with new locations opening every year.\r\n	</p>\r\n</div>\r\n<div class=\"col-md-3 col-sm-3 hidden-xs\">\r\n	<img src=\"/image/in_style2.png\" class=\"img-responsive center-block\" alt=\"\" /> \r\n</div>\r\n\r\n\r\n<div class=\"col-md-3 col-sm-3\">\r\n	<img src=\"/image/in_style.png\" class=\"img-responsive center-block\" alt=\"\" /> \r\n</div>\r\n<div class=\"col-md-6 col-sm-6\">\r\n	<p>\r\n		A’GACI is a lifestyle brand created for young fashion lovers who rock it well and march to their own beat. Simply put, we are a brand that reflects who you are. Our goal at A’GACI is to make you feel sexy, feminine and confident.\r\n	</p>\r\n	<p>\r\n		We started back in 1971 and A’GACI is now one of fashion’s fastest growing brands. We feature an online fashion haven and high energy stores nationwide with new locations opening every year.\r\n	</p>\r\n</div>\r\n<div class=\"col-md-3 col-sm-3 hidden-xs\">\r\n	<img src=\"/image/in_style2.png\" class=\"img-responsive center-block\" alt=\"\" /> \r\n</div>', NULL, 'stylish6.png', 'moda-80kh-vozvraschaetsya', 0, 2, '1', '2016-07-21 01:52:54', '2016-07-21 01:52:54', NULL),
(38, 'Хотите купить костюм? Дорого? ', NULL, NULL, NULL, '<div class=\"col-md-3 col-sm-3\">\r\n	<img src=\"/image/in_style.png\" class=\"img-responsive center-block\" alt=\"\" /> \r\n</div>\r\n<div class=\"col-md-6 col-sm-6\">\r\n	<p>\r\n		A’GACI is a lifestyle brand created for young fashion lovers who rock it well and march to their own beat. Simply put, we are a brand that reflects who you are. Our goal at A’GACI is to make you feel sexy, feminine and confident.\r\n	</p>\r\n	<p>\r\n		We started back in 1971 and A’GACI is now one of fashion’s fastest growing brands. We feature an online fashion haven and high energy stores nationwide with new locations opening every year.\r\n	</p>\r\n</div>\r\n<div class=\"col-md-3 col-sm-3 hidden-xs\">\r\n	<img src=\"/image/in_style2.png\" class=\"img-responsive center-block\" alt=\"\" /> \r\n</div>\r\n\r\n\r\n<div class=\"col-md-3 col-sm-3\">\r\n	<img src=\"/image/in_style.png\" class=\"img-responsive center-block\" alt=\"\" /> \r\n</div>\r\n<div class=\"col-md-6 col-sm-6\">\r\n	<p>\r\n		A’GACI is a lifestyle brand created for young fashion lovers who rock it well and march to their own beat. Simply put, we are a brand that reflects who you are. Our goal at A’GACI is to make you feel sexy, feminine and confident.\r\n	</p>\r\n	<p>\r\n		We started back in 1971 and A’GACI is now one of fashion’s fastest growing brands. We feature an online fashion haven and high energy stores nationwide with new locations opening every year.\r\n	</p>\r\n</div>\r\n<div class=\"col-md-3 col-sm-3 hidden-xs\">\r\n	<img src=\"/image/in_style2.png\" class=\"img-responsive center-block\" alt=\"\" /> \r\n</div>', NULL, 'stylish8.png', 'khotite-kupit-kostyum-dorogo', 0, 2, '1', '2016-07-21 01:53:07', '2016-07-21 01:53:07', NULL),
(39, 'Хотите купить костюм? Дорого? ', NULL, NULL, NULL, '<div class=\"col-md-3 col-sm-3\">\r\n	<img src=\"/image/in_style.png\" class=\"img-responsive center-block\" alt=\"\" /> \r\n</div>\r\n<div class=\"col-md-6 col-sm-6\">\r\n	<p>\r\n		A’GACI is a lifestyle brand created for young fashion lovers who rock it well and march to their own beat. Simply put, we are a brand that reflects who you are. Our goal at A’GACI is to make you feel sexy, feminine and confident.\r\n	</p>\r\n	<p>\r\n		We started back in 1971 and A’GACI is now one of fashion’s fastest growing brands. We feature an online fashion haven and high energy stores nationwide with new locations opening every year.\r\n	</p>\r\n</div>\r\n<div class=\"col-md-3 col-sm-3 hidden-xs\">\r\n	<img src=\"/image/in_style2.png\" class=\"img-responsive center-block\" alt=\"\" /> \r\n</div>\r\n\r\n\r\n<div class=\"col-md-3 col-sm-3\">\r\n	<img src=\"/image/in_style.png\" class=\"img-responsive center-block\" alt=\"\" /> \r\n</div>\r\n<div class=\"col-md-6 col-sm-6\">\r\n	<p>\r\n		A’GACI is a lifestyle brand created for young fashion lovers who rock it well and march to their own beat. Simply put, we are a brand that reflects who you are. Our goal at A’GACI is to make you feel sexy, feminine and confident.\r\n	</p>\r\n	<p>\r\n		We started back in 1971 and A’GACI is now one of fashion’s fastest growing brands. We feature an online fashion haven and high energy stores nationwide with new locations opening every year.\r\n	</p>\r\n</div>\r\n<div class=\"col-md-3 col-sm-3 hidden-xs\">\r\n	<img src=\"/image/in_style2.png\" class=\"img-responsive center-block\" alt=\"\" /> \r\n</div>', NULL, 'stylish7.png', 'khotite-kupit-kostyum-dorogo', 0, 2, '1', '2016-07-21 01:53:21', '2016-07-26 01:45:57', NULL),
(40, 'Скидочные купоны для женских одежды', NULL, NULL, NULL, '<div class=\"col-md-3 col-sm-3\">\r\n	<img src=\"/image/in_style.png\" class=\"img-responsive center-block\" alt=\"\" /> \r\n</div>\r\n<div class=\"col-md-6 col-sm-6\">\r\n	<p>\r\n		A’GACI is a lifestyle brand created for young fashion lovers who rock it well and march to their own beat. Simply put, we are a brand that reflects who you are. Our goal at A’GACI is to make you feel sexy, feminine and confident.\r\n	</p>\r\n	<p>\r\n		We started back in 1971 and A’GACI is now one of fashion’s fastest growing brands. We feature an online fashion haven and high energy stores nationwide with new locations opening every year.\r\n	</p>\r\n</div>\r\n<div class=\"col-md-3 col-sm-3 hidden-xs\">\r\n	<img src=\"/image/in_style2.png\" class=\"img-responsive center-block\" alt=\"\" /> \r\n</div>\r\n\r\n\r\n<div class=\"col-md-3 col-sm-3\">\r\n	<img src=\"/image/in_style.png\" class=\"img-responsive center-block\" alt=\"\" /> \r\n</div>\r\n<div class=\"col-md-6 col-sm-6\">\r\n	<p>\r\n		A’GACI is a lifestyle brand created for young fashion lovers who rock it well and march to their own beat. Simply put, we are a brand that reflects who you are. Our goal at A’GACI is to make you feel sexy, feminine and confident.\r\n	</p>\r\n	<p>\r\n		We started back in 1971 and A’GACI is now one of fashion’s fastest growing brands. We feature an online fashion haven and high energy stores nationwide with new locations opening every year.\r\n	</p>\r\n</div>\r\n<div class=\"col-md-3 col-sm-3 hidden-xs\">\r\n	<img src=\"/image/in_style2.png\" class=\"img-responsive center-block\" alt=\"\" /> \r\n</div>', NULL, '20160726091120000000.png', 'skidochnye-kupony-dlya-dgenskikh-odedgdy', 0, 5, '1', '2016-07-26 03:11:35', '2016-07-26 03:11:35', NULL),
(41, 'Как получить купоны?', NULL, NULL, NULL, '<div class=\"col-md-3 col-sm-3\">\r\n	<img src=\"/image/in_style.png\" class=\"img-responsive center-block\" alt=\"\" /> \r\n</div>\r\n<div class=\"col-md-6 col-sm-6\">\r\n	<p>\r\n		A’GACI is a lifestyle brand created for young fashion lovers who rock it well and march to their own beat. Simply put, we are a brand that reflects who you are. Our goal at A’GACI is to make you feel sexy, feminine and confident.\r\n	</p>\r\n	<p>\r\n		We started back in 1971 and A’GACI is now one of fashion’s fastest growing brands. We feature an online fashion haven and high energy stores nationwide with new locations opening every year.\r\n	</p>\r\n</div>\r\n<div class=\"col-md-3 col-sm-3 hidden-xs\">\r\n	<img src=\"/image/in_style2.png\" class=\"img-responsive center-block\" alt=\"\" /> \r\n</div>\r\n\r\n\r\n<div class=\"col-md-3 col-sm-3\">\r\n	<img src=\"/image/in_style.png\" class=\"img-responsive center-block\" alt=\"\" /> \r\n</div>\r\n<div class=\"col-md-6 col-sm-6\">\r\n	<p>\r\n		A’GACI is a lifestyle brand created for young fashion lovers who rock it well and march to their own beat. Simply put, we are a brand that reflects who you are. Our goal at A’GACI is to make you feel sexy, feminine and confident.\r\n	</p>\r\n	<p>\r\n		We started back in 1971 and A’GACI is now one of fashion’s fastest growing brands. We feature an online fashion haven and high energy stores nationwide with new locations opening every year.\r\n	</p>\r\n</div>\r\n<div class=\"col-md-3 col-sm-3 hidden-xs\">\r\n	<img src=\"/image/in_style2.png\" class=\"img-responsive center-block\" alt=\"\" /> \r\n</div>', NULL, 'sale2.png', 'kak-poluchit-kupony', 0, 5, '1', '2016-07-26 03:12:39', '2016-07-26 03:12:39', NULL),
(42, 'Летние купоны', NULL, NULL, NULL, '<div class=\"col-md-3 col-sm-3\">\r\n	<img src=\"/image/in_style.png\" class=\"img-responsive center-block\" alt=\"\" /> \r\n</div>\r\n<div class=\"col-md-6 col-sm-6\">\r\n	<p>\r\n		A’GACI is a lifestyle brand created for young fashion lovers who rock it well and march to their own beat. Simply put, we are a brand that reflects who you are. Our goal at A’GACI is to make you feel sexy, feminine and confident.\r\n	</p>\r\n	<p>\r\n		We started back in 1971 and A’GACI is now one of fashion’s fastest growing brands. We feature an online fashion haven and high energy stores nationwide with new locations opening every year.\r\n	</p>\r\n</div>\r\n<div class=\"col-md-3 col-sm-3 hidden-xs\">\r\n	<img src=\"/image/in_style2.png\" class=\"img-responsive center-block\" alt=\"\" /> \r\n</div>\r\n\r\n\r\n<div class=\"col-md-3 col-sm-3\">\r\n	<img src=\"/image/in_style.png\" class=\"img-responsive center-block\" alt=\"\" /> \r\n</div>\r\n<div class=\"col-md-6 col-sm-6\">\r\n	<p>\r\n		A’GACI is a lifestyle brand created for young fashion lovers who rock it well and march to their own beat. Simply put, we are a brand that reflects who you are. Our goal at A’GACI is to make you feel sexy, feminine and confident.\r\n	</p>\r\n	<p>\r\n		We started back in 1971 and A’GACI is now one of fashion’s fastest growing brands. We feature an online fashion haven and high energy stores nationwide with new locations opening every year.\r\n	</p>\r\n</div>\r\n<div class=\"col-md-3 col-sm-3 hidden-xs\">\r\n	<img src=\"/image/in_style2.png\" class=\"img-responsive center-block\" alt=\"\" /> \r\n</div>', NULL, 'sale3.png', 'letnie-kupony', 0, 5, '1', '2016-07-26 03:14:19', '2016-07-26 03:14:19', NULL),
(43, 'Летние купоны', NULL, NULL, NULL, '<div class=\"col-md-3 col-sm-3\">\r\n	<img src=\"/image/in_style.png\" class=\"img-responsive center-block\" alt=\"\" /> \r\n</div>\r\n<div class=\"col-md-6 col-sm-6\">\r\n	<p>\r\n		A’GACI is a lifestyle brand created for young fashion lovers who rock it well and march to their own beat. Simply put, we are a brand that reflects who you are. Our goal at A’GACI is to make you feel sexy, feminine and confident.\r\n	</p>\r\n	<p>\r\n		We started back in 1971 and A’GACI is now one of fashion’s fastest growing brands. We feature an online fashion haven and high energy stores nationwide with new locations opening every year.\r\n	</p>\r\n</div>\r\n<div class=\"col-md-3 col-sm-3 hidden-xs\">\r\n	<img src=\"/image/in_style2.png\" class=\"img-responsive center-block\" alt=\"\" /> \r\n</div>\r\n\r\n\r\n<div class=\"col-md-3 col-sm-3\">\r\n	<img src=\"/image/in_style.png\" class=\"img-responsive center-block\" alt=\"\" /> \r\n</div>\r\n<div class=\"col-md-6 col-sm-6\">\r\n	<p>\r\n		A’GACI is a lifestyle brand created for young fashion lovers who rock it well and march to their own beat. Simply put, we are a brand that reflects who you are. Our goal at A’GACI is to make you feel sexy, feminine and confident.\r\n	</p>\r\n	<p>\r\n		We started back in 1971 and A’GACI is now one of fashion’s fastest growing brands. We feature an online fashion haven and high energy stores nationwide with new locations opening every year.\r\n	</p>\r\n</div>\r\n<div class=\"col-md-3 col-sm-3 hidden-xs\">\r\n	<img src=\"/image/in_style2.png\" class=\"img-responsive center-block\" alt=\"\" /> \r\n</div>', NULL, 'sale4.png', 'letnie-kupony', 0, 5, '1', '2016-07-26 03:14:59', '2016-07-26 03:14:59', NULL),
(44, 'Летние купоны', NULL, NULL, NULL, '<div class=\"col-md-3 col-sm-3\">\r\n	<img src=\"/image/in_style.png\" class=\"img-responsive center-block\" alt=\"\" /> \r\n</div>\r\n<div class=\"col-md-6 col-sm-6\">\r\n	<p>\r\n		A’GACI is a lifestyle brand created for young fashion lovers who rock it well and march to their own beat. Simply put, we are a brand that reflects who you are. Our goal at A’GACI is to make you feel sexy, feminine and confident.\r\n	</p>\r\n	<p>\r\n		We started back in 1971 and A’GACI is now one of fashion’s fastest growing brands. We feature an online fashion haven and high energy stores nationwide with new locations opening every year.\r\n	</p>\r\n</div>\r\n<div class=\"col-md-3 col-sm-3 hidden-xs\">\r\n	<img src=\"/image/in_style2.png\" class=\"img-responsive center-block\" alt=\"\" /> \r\n</div>\r\n\r\n\r\n<div class=\"col-md-3 col-sm-3\">\r\n	<img src=\"/image/in_style.png\" class=\"img-responsive center-block\" alt=\"\" /> \r\n</div>\r\n<div class=\"col-md-6 col-sm-6\">\r\n	<p>\r\n		A’GACI is a lifestyle brand created for young fashion lovers who rock it well and march to their own beat. Simply put, we are a brand that reflects who you are. Our goal at A’GACI is to make you feel sexy, feminine and confident.\r\n	</p>\r\n	<p>\r\n		We started back in 1971 and A’GACI is now one of fashion’s fastest growing brands. We feature an online fashion haven and high energy stores nationwide with new locations opening every year.\r\n	</p>\r\n</div>\r\n<div class=\"col-md-3 col-sm-3 hidden-xs\">\r\n	<img src=\"/image/in_style2.png\" class=\"img-responsive center-block\" alt=\"\" /> \r\n</div>', NULL, 'sale5.png', 'letnie-kupony', 0, 5, '1', '2016-07-26 03:19:47', '2016-07-26 03:19:47', NULL),
(45, 'где ты ', NULL, NULL, NULL, '<p>\r\n	отлтлд&nbsp;\r\n</p>\r\n<p>\r\n	&nbsp;лщщьлббббббббббббжжжлждлждл\r\n</p>\r\n<p>\r\n	дльщжьщьщььбзбз лщльщл щл оьэ щзь оьщзб\r\n</p>\r\n<p>\r\n	хд\r\n</p>\r\n<p>\r\n	лжлло ж лд\r\n</p>', NULL, NULL, 'gde-ty', 0, 1, '1', '2017-08-10 06:58:16', '2017-09-06 03:41:24', '2017-09-06 03:41:24'),
(46, 'Публичной оферта', NULL, NULL, NULL, 'цуауцацуа', NULL, NULL, 'publichnoy-oferta', 0, 1, '1', '2017-09-01 09:24:41', '2017-09-01 13:57:09', '2017-09-01 13:57:09'),
(47, 'test', NULL, NULL, NULL, 'ssdsd', NULL, NULL, 'test', 0, 1, '1', '2017-09-01 13:58:14', '2017-09-01 13:58:44', '2017-09-01 13:58:44'),
(48, 'Таблица размеров', NULL, NULL, NULL, '<p>\r\n	123\r\n</p>\r\n<p>\r\n	46868498489\r\n</p>', NULL, NULL, 'tablitsa-razmerov', 0, 1, '1', '2017-09-06 04:04:19', '2017-09-11 09:41:49', NULL),
(49, 'vk соц сеть', NULL, NULL, NULL, 'https://vk.com/tengrinews', NULL, NULL, 'vk-sots-set', 0, 1, '1', '2017-09-09 04:40:41', '2017-09-09 04:40:41', NULL),
(50, 'facebook соц сеть', NULL, NULL, NULL, 'facebook соц сеть', NULL, NULL, 'facebook-sots-set', 0, 1, '1', '2017-09-09 04:41:05', '2017-09-09 04:41:05', NULL),
(51, 'Instagram соц сеть', NULL, NULL, NULL, 'https://www.instagram.com/?hl=ru', NULL, NULL, 'Instagram-sots-set', 0, 1, '1', '2017-09-09 04:41:31', '2017-09-11 09:47:49', NULL),
(52, 'проба', NULL, NULL, NULL, '<div style=\"text-align:center;\">\r\n	<span style=\"color:#333333;font-family:arial, sans-serif;background-color:#FFFFFF;\"><img src=\"/public/wysiwyg/image/image/20170921/20170921121857_38485.png\" alt=\"\" />Когда штаб-квартиры секретной службы «Kingsman» уничтожены, и&nbsp;весь мир&nbsp;оказался в&nbsp;заложниках у&nbsp;неизвестных, британские суперагенты обнаруживают, что&nbsp;в один день вместе с&nbsp;их организацией была еще&nbsp;создана американская разведка&nbsp;—&nbsp;«Statesman». <img src=\"/public/wysiwyg/image/image/20170921/20170921121921_97748.png\" alt=\"\" />&nbsp;Теперь эти&nbsp;две элитные спецслужбы должны объединиться и&nbsp;бросить вызов общему безжалостному врагу, чтобы спасти мир, то&nbsp;есть заняться тем, что&nbsp;для Эггси становится обычным делом…&nbsp;<img src=\"/public/wysiwyg/image/image/20170921/20170921122029_44774.png\" alt=\"\" /></span> \r\n</div>', NULL, '2 - копия.png', 'proba', 5, 3, '1', '2017-09-21 06:21:01', '2018-01-09 06:53:44', NULL),
(53, 'проба', NULL, NULL, NULL, 'интересто что это?', NULL, '132132.png', 'proba', 1, 3, '1', '2017-10-30 11:43:15', '2017-10-30 11:44:11', '2017-10-30 11:44:11'),
(54, '123456', NULL, NULL, NULL, 'omiujiooi', NULL, '1452736497_yumor12.jpg', '123456', 1, 3, '1', '2017-12-26 13:58:48', '2018-01-09 06:53:30', NULL),
(55, 'EA7', NULL, NULL, NULL, NULL, NULL, 'Безымянный.png', 'google.kz', 0, 4, '1', '2017-12-28 04:15:57', '2017-12-28 04:19:18', '2017-12-28 04:19:18'),
(56, 'Зимние купоны', NULL, NULL, NULL, '<p>\n	скидки зимой 50%\n</p>\n<p>\n	<br />\n</p>\n<p>\n	<img src=\"/public/wysiwyg/image/image/20171228/20171228111839_52188.jpg\" alt=\"\" /> \n</p>', NULL, 'db43873b7c1c0ad953730f6e58dd879c.png', 'zimnie-kupony', 0, 5, '1', '2017-12-28 05:19:03', '2017-12-28 05:19:03', NULL);
INSERT INTO `page` (`page_id`, `page_name_ru`, `page_name_kz`, `page_name_en`, `page_text_kz`, `page_text_ru`, `page_text_en`, `page_image`, `page_url`, `page_position`, `page_kind`, `is_show`, `created_at`, `updated_at`, `deleted_at`) VALUES
(57, 'Новая коллекция', NULL, NULL, NULL, '<img src=\"/public/wysiwyg/image/image/20171228/20171228112130_42671.png\" alt=\"\" />', NULL, 'AL006EMVZY30_5504747_1_v3.jpg', 'novaya-kollektsiya', 0, 2, '1', '2017-12-28 05:21:42', '2017-12-28 05:21:42', NULL);

-- --------------------------------------------------------

--
-- Структура таблицы `page_kind`
--

CREATE TABLE `page_kind` (
  `page_kind_id` int(11) NOT NULL,
  `page_kind_name` varchar(200) DEFAULT NULL
) ENGINE=InnoDB DEFAULT CHARSET=utf8 PACK_KEYS=0;

--
-- Дамп данных таблицы `page_kind`
--

INSERT INTO `page_kind` (`page_kind_id`, `page_kind_name`) VALUES
(1, 'Статичная страница'),
(2, 'Блог'),
(3, 'Баннеры'),
(4, 'Бренды'),
(5, 'Скидочные купоны');

-- --------------------------------------------------------

--
-- Структура таблицы `product`
--

CREATE TABLE `product` (
  `product_id` int(10) UNSIGNED NOT NULL,
  `product_name_ru` varchar(350) COLLATE utf8_unicode_ci NOT NULL,
  `product_code` varchar(100) COLLATE utf8_unicode_ci DEFAULT NULL,
  `product_price` int(11) DEFAULT NULL,
  `product_old_price` int(11) DEFAULT NULL,
  `product_desc_ru` text COLLATE utf8_unicode_ci,
  `brand_id` int(11) UNSIGNED DEFAULT NULL,
  `discount_id` int(11) NOT NULL DEFAULT '0',
  `discount` int(11) DEFAULT '0',
  `is_show` varchar(1) COLLATE utf8_unicode_ci DEFAULT '1',
  `is_sale` varchar(1) COLLATE utf8_unicode_ci DEFAULT '0',
  `product_count` int(11) DEFAULT '10',
  `tag` text COLLATE utf8_unicode_ci,
  `product_url` varchar(400) COLLATE utf8_unicode_ci DEFAULT NULL,
  `sort_num` int(11) DEFAULT '0',
  `view_count` int(11) DEFAULT '0',
  `color_id` int(11) NOT NULL,
  `created_at` timestamp NULL DEFAULT NULL,
  `updated_at` timestamp NULL DEFAULT NULL,
  `deleted_at` timestamp NULL DEFAULT NULL
) ENGINE=InnoDB DEFAULT CHARSET=utf8 COLLATE=utf8_unicode_ci;

--
-- Дамп данных таблицы `product`
--

INSERT INTO `product` (`product_id`, `product_name_ru`, `product_code`, `product_price`, `product_old_price`, `product_desc_ru`, `brand_id`, `discount_id`, `discount`, `is_show`, `is_sale`, `product_count`, `tag`, `product_url`, `sort_num`, `view_count`, `color_id`, `created_at`, `updated_at`, `deleted_at`) VALUES
(19, 'test', 'test', 5000, 0, 'test', 2, 0, 0, '1', '0', 0, 'test,test,test', 'test', 1, 103, 0, '2016-11-24 06:33:11', '2017-08-29 03:31:08', '2017-08-29 03:31:08'),
(20, 'test2', 'test2', 0, 0, 'test2', 2, 0, 0, '1', '0', 9, 'test2', 'test2', 0, 77, 0, '2016-11-24 06:44:38', '2017-08-29 03:31:07', '2017-08-29 03:31:07'),
(21, 'wwwww', 'wwwwwww', 685555, 0, 'wwwwwww', 2, 0, 0, '1', '0', 9, 'wwwwwww', 'wwwww', 0, 1, 0, '2016-11-28 23:25:55', '2017-08-29 03:30:57', '2017-08-29 03:30:57'),
(22, '56h6', 'y56y56', 56656, 0, '56y56y', 15, 0, 0, '1', '0', 10, '6556', '56h6', 65, 0, 3, '2016-11-30 08:22:05', '2017-08-29 03:30:57', '2017-08-29 03:30:57'),
(23, 'Пуховик', 'Пуховик', 36000, 0, 'Пуховик', 131, 0, 0, '1', '0', 10, 'Пуховик', 'pukhovik', 0, 1, 2, '2016-11-30 23:47:26', '2017-08-29 03:30:57', '2017-08-29 03:30:57'),
(24, 'y54y', 't45t45', 454545, 0, 't54t54t54', 75, 0, 0, '1', '0', 10, '5454tg54', 'y54y', 0, 47, 2, '2016-11-30 23:54:58', '2017-08-29 03:30:57', '2017-08-29 03:30:57'),
(25, 'rerere', 'ewfwe', 434433, 0, 'wefwef', 131, 0, 0, '1', '0', 10, 'ascasc', 'rerere', 0, 58, 7, '2016-12-01 02:17:44', '2017-08-29 03:30:57', '2017-08-29 03:30:57'),
(26, 'Пуховик', 'Товар находится на складе Lamoda и может быть доставлен вам в кратчайшие сроки. Узнайте сроки достав', 42000, 0, 'Пуховик Befree выполнен из быстросохнущего текстиля; натуральный утеплитель. Модель приталенного силуэта. Детали: застежка на молнию с ветрозащитной планкой на кнопки; воротник-стойка с подкладкой из искусственного меха; съемный утепленный капюшон со съемной меховой оторочкой; боковые регулирующие объем молнии; четыре внешних кармана; внутренние трикотажные манжеты; внутренняя регулирующая объем кулиска.', 101, 0, 0, '1', '0', 10, 'куртка,женский одежда', 'pukhovik', 0, 33, 8, '2016-12-01 02:29:11', '2017-08-29 03:30:57', '2017-08-29 03:30:57'),
(27, 'Geox Пуховик', 'Geox Пуховик', 5335, 54000, '<div class=\"ii-product__brand\">\r\n	ггнорикеукп\r\n</div>', 131, 0, 45123, '1', '1', 19, '', 'Geox-pukhovik', 0, 86, 2, '2016-12-01 02:32:25', '2017-08-29 03:30:57', '2017-08-29 03:30:57'),
(28, 'проба', '915735', 95000, 0, '', 98, 0, 0, '1', '0', 4, '', 'proba', 0, 42, 2, '2017-03-15 05:29:18', '2017-08-28 01:11:46', '2017-08-28 01:11:46'),
(29, '1111111111111', '111111111111111111111111111111111111111', 450, 0, '111111111111111111111111111111111111111111111111111111111111111111111111111111', 15, 0, 0, '1', '0', 10, 'asd,asd,asd,a', '1111111111111', 0, 33, 2, '2017-03-26 07:37:23', '2017-08-28 01:11:46', '2017-08-28 01:11:46'),
(30, 'Пуховичок', '12345678', 58990, 0, '<p>\r\n	Зимний пуховик .\r\n</p>\r\n<p>\r\n	С металлическими застежками.\r\n</p>', 94, 0, 0, '1', '0', 0, 'Зимний пуховик , шапка красная', 'pukhovichok', 2, 27, 2, '2017-08-09 10:06:55', '2017-09-01 16:37:29', '2017-09-01 16:37:29'),
(31, 'qwdqwd', 'qwdqw', 32323, 0, 'dqwdqwd', 15, 0, 0, '1', '0', 10, '32d3d32d', 'qwdqwd', 23, 0, 4, '2017-08-28 02:38:50', '2017-08-28 03:02:43', '2017-08-28 03:02:43'),
(32, 'tyhty', 'tyhhty', 4545, 0, 'tyh', 15, 0, 0, '1', '0', 10, '', 'tyhty', 0, 0, 2, '2017-08-28 03:09:54', '2017-08-28 04:42:31', '2017-08-28 04:42:31'),
(33, 'qwqwd', 'wqdqwd', 21122, 0, '', 15, 0, 0, '1', '0', 10, '', 'qwqwd', 0, 0, 2, '2017-08-28 05:03:44', '2017-08-28 07:38:08', '2017-08-28 07:38:08'),
(34, 'rth', 'rthrth', 4545, 0, 'rthrt', 15, 0, 0, '1', '0', 10, '', 'rth', 0, 0, 2, '2017-08-28 06:11:29', '2017-08-28 07:38:08', '2017-08-28 07:38:08'),
(35, 'Ботинки Burton Menswear London', '', 21500, 0, '', 15, 0, 0, '1', '0', 10, '', 'botinki-Burton-Menswear-London', 2, 0, 3, '2017-08-28 07:11:18', '2017-08-28 07:38:08', '2017-08-28 07:38:08'),
(36, 'Ботинки Burton Menswear London', 'Burton Menswear London', 22500, 28000, '<div>\r\n	Ботинки Burton Menswear London выполнены из искусственной кожи. Детали: подкладка и стелька из искусственной кожи, эластичные вставки из текстиля, петля на заднике.\r\n</div>\r\n<div class=\"ii-product__attributes js-product-description__attrs\">\r\n	<div class=\"ii-product__attribute\" style=\"margin:4px 0px;\">\r\n		Материал верха:&nbsp;искусственная кожа\r\n	</div>\r\n	<div class=\"ii-product__attribute\" style=\"margin:4px 0px;\">\r\n		Внутренний материал:&nbsp;искусственная кожа\r\n	</div>\r\n	<div class=\"ii-product__attribute\" style=\"margin:4px 0px;\">\r\n		Материал подошвы:&nbsp;искусственный материал\r\n	</div>\r\n	<div class=\"ii-product__attribute\" style=\"margin:4px 0px;\">\r\n		Материал стельки:&nbsp;искусственная кожа\r\n	</div>\r\n	<div class=\"ii-product__attribute\" style=\"margin:4px 0px;\">\r\n		Страна производства:&nbsp;Великобритания\r\n	</div>\r\n	<div class=\"ii-product__attribute\" style=\"margin:4px 0px;\">\r\n		Высота голенища / задника:&nbsp;12.5 см\r\n	</div>\r\n	<div class=\"ii-product__attribute\" style=\"margin:4px 0px;\">\r\n		Обхват голенища:&nbsp;24 см\r\n	</div>\r\n	<div class=\"ii-product__attribute\" style=\"margin:4px 0px;\">\r\n		Сезон:&nbsp;мульти\r\n	</div>\r\n	<div class=\"ii-product__attribute\" style=\"margin:4px 0px;\">\r\n		Цвет:&nbsp;черный\r\n	</div>\r\n	<div class=\"ii-product__attribute\" style=\"margin:4px 0px;\">\r\n		Узор:&nbsp;однотонный\r\n	</div>\r\n	<div class=\"ii-product__attribute\" style=\"margin:4px 0px;\">\r\n		Застежка:&nbsp;без застежки\r\n	</div>\r\n	<div class=\"ii-product__attribute\" style=\"margin:4px 0px;\">\r\n		Артикул&nbsp;BU014AMWFN28\r\n	</div>\r\n</div>', 18, 0, 10, '1', '1', 12, 'сапоги', 'botinki-Burton-Menswear-London', 1, 88, 2, '2017-08-28 07:48:03', '2017-09-01 17:10:48', '2017-09-01 17:10:48'),
(37, 'Кроссовки BREAKESPEAR HT Helly Hansen', '', 62000, 0, '', 15, 0, 0, '1', '0', 9, 'кроссовки', 'krossovki-BREAKESPEAR-HT-Helly-Hansen', 12, 153, 2, '2017-08-29 01:49:40', '2017-09-01 17:10:48', '2017-09-01 17:10:48'),
(38, 'Футболка ТВОЕ', 'Товар находится на складе Lamoda и может быть доставлен вам в кратчайшие сроки. Узнайте сроки достав', 2860, 0, '<div class=\"heading_s\">\r\n	О ТОВАРЕ\r\n</div>\r\n<div class=\"ii-product__description-text \">\r\n	<div>\r\n	</div>\r\n	<div class=\"ii-product__attributes js-product-description__attrs\">\r\n		<div class=\"ii-product__attribute\" style=\"margin:4px 0px;\">\r\n			Состав:&nbsp;Хлопок - 100%\r\n		</div>\r\n		<div class=\"ii-product__attribute\" style=\"margin:4px 0px;\">\r\n			Страна производства:&nbsp;Россия\r\n		</div>\r\n		<div class=\"ii-product__attribute\" style=\"margin:4px 0px;\">\r\n			Размер модели на фото:&nbsp;42/44\r\n		</div>\r\n		<div class=\"ii-product__attribute\" style=\"margin:4px 0px;\">\r\n			Параметры модели:&nbsp;86-60-89\r\n		</div>\r\n		<div class=\"ii-product__attribute\" style=\"margin:4px 0px;\">\r\n			Рост модели на фото:&nbsp;176\r\n		</div>\r\n		<div class=\"ii-product__attribute\" style=\"margin:4px 0px;\">\r\n			Длина:&nbsp;66 см\r\n		</div>\r\n		<div class=\"ii-product__attribute\" style=\"margin:4px 0px;\">\r\n			Длина рукава:&nbsp;16 см\r\n		</div>\r\n		<div class=\"ii-product__attribute\" style=\"margin:4px 0px;\">\r\n			Сезон:&nbsp;мульти\r\n		</div>\r\n		<div class=\"ii-product__attribute\" style=\"margin:4px 0px;\">\r\n			Цвет:&nbsp;красный\r\n		</div>\r\n		<div class=\"ii-product__attribute\" style=\"margin:4px 0px;\">\r\n			Узор:&nbsp;рисунки и надписи, цветочный\r\n		</div>\r\n		<div class=\"ii-product__attribute\" style=\"margin:4px 0px;\">\r\n			Застежка:&nbsp;без застежки\r\n		</div>\r\n		<div class=\"ii-product__attribute\" style=\"margin:4px 0px;\">\r\n			Артикул&nbsp;TV001EWPMH43\r\n		</div>\r\n	</div>\r\n</div>', 131, 0, 0, '1', '0', 10, '', 'futbolka-tvoe', 1, 6, 2, '2017-09-01 16:36:11', '2017-09-01 17:10:48', '2017-09-01 17:10:48'),
(39, 'Футболка ТВОЕ', 'TV001EWPMH43', 2860, 0, '<div class=\"ii-product__attribute\" style=\"margin:4px 0px;\">\r\n	Состав:&nbsp;Хлопок - 100%\r\n</div>\r\n<div class=\"ii-product__attribute\" style=\"margin:4px 0px;\">\r\n	Страна производства:&nbsp;Россия\r\n</div>\r\n<div class=\"ii-product__attribute\" style=\"margin:4px 0px;\">\r\n	Размер модели на фото:&nbsp;42/44\r\n</div>\r\n<div class=\"ii-product__attribute\" style=\"margin:4px 0px;\">\r\n	Параметры модели:&nbsp;86-60-89\r\n</div>\r\n<div class=\"ii-product__attribute\" style=\"margin:4px 0px;\">\r\n	Рост модели на фото:&nbsp;176\r\n</div>\r\n<div class=\"ii-product__attribute\" style=\"margin:4px 0px;\">\r\n	Длина:&nbsp;66 см\r\n</div>\r\n<div class=\"ii-product__attribute\" style=\"margin:4px 0px;\">\r\n	Длина рукава:&nbsp;16 см\r\n</div>\r\n<div class=\"ii-product__attribute\" style=\"margin:4px 0px;\">\r\n	Сезон:&nbsp;мульти\r\n</div>\r\n<div class=\"ii-product__attribute\" style=\"margin:4px 0px;\">\r\n	Цвет:&nbsp;красный\r\n</div>\r\n<div class=\"ii-product__attribute\" style=\"margin:4px 0px;\">\r\n	Узор:&nbsp;рисунки и надписи, цветочный\r\n</div>\r\n<div class=\"ii-product__attribute\" style=\"margin:4px 0px;\">\r\n	Застежка:&nbsp;без застежки\r\n</div>', 131, 0, 0, '1', '0', 10, '', 'futbolka-tvoe', 0, 1, 2, '2017-09-01 17:16:31', '2017-09-01 17:28:38', '2017-09-01 17:28:38'),
(40, 'Футболка ТВОЕ', 'TV001EWPMH43', 2560, 0, '<div class=\"ii-product__attribute\" style=\"margin:4px 0px;\">\r\n	Состав:&nbsp;Хлопок - 100%\r\n</div>\r\n<div class=\"ii-product__attribute\" style=\"margin:4px 0px;\">\r\n	Страна производства:&nbsp;Россия\r\n</div>\r\n<div class=\"ii-product__attribute\" style=\"margin:4px 0px;\">\r\n	Размер модели на фото:&nbsp;42/44\r\n</div>\r\n<div class=\"ii-product__attribute\" style=\"margin:4px 0px;\">\r\n	Параметры модели:&nbsp;86-60-89\r\n</div>\r\n<div class=\"ii-product__attribute\" style=\"margin:4px 0px;\">\r\n	Рост модели на фото:&nbsp;176\r\n</div>\r\n<div class=\"ii-product__attribute\" style=\"margin:4px 0px;\">\r\n	Длина:&nbsp;66 см\r\n</div>\r\n<div class=\"ii-product__attribute\" style=\"margin:4px 0px;\">\r\n	Длина рукава:&nbsp;16 см\r\n</div>\r\n<div class=\"ii-product__attribute\" style=\"margin:4px 0px;\">\r\n	Сезон:&nbsp;мульти\r\n</div>\r\n<div class=\"ii-product__attribute\" style=\"margin:4px 0px;\">\r\n	Цвет:&nbsp;красный\r\n</div>\r\n<div class=\"ii-product__attribute\" style=\"margin:4px 0px;\">\r\n	Узор:&nbsp;рисунки и надписи, цветочный\r\n</div>\r\n<div class=\"ii-product__attribute\" style=\"margin:4px 0px;\">\r\n	Застежка:&nbsp;без застежки\r\n</div>', 15, 0, 0, '1', '0', 10, '', 'futbolka-tvoe', 0, 13, 2, '2017-09-01 17:29:30', '2017-09-01 17:48:06', '2017-09-01 17:48:06'),
(41, 'Футболка ТВОЕ', 'TV001EWPMH43', 2890, 0, '<div class=\"ii-product__attribute\" style=\"margin:4px 0px;color:#333333;font-family:\" font-size:14px;background-color:#ffffff;\"=\"\">\r\n	Состав:&nbsp;Хлопок - 100%\r\n	</div>\r\n<div class=\"ii-product__attribute\" style=\"margin:4px 0px;color:#333333;font-family:\" font-size:14px;background-color:#ffffff;\"=\"\">\r\n	Страна производства:&nbsp;Россия\r\n</div>\r\n<div class=\"ii-product__attribute\" style=\"margin:4px 0px;color:#333333;font-family:\" font-size:14px;background-color:#ffffff;\"=\"\">\r\n	Размер модели на фото:&nbsp;42/44\r\n	</div>\r\n<div class=\"ii-product__attribute\" style=\"margin:4px 0px;color:#333333;font-family:\" font-size:14px;background-color:#ffffff;\"=\"\">\r\n	Параметры модели:&nbsp;86-60-89\r\n</div>\r\n<div class=\"ii-product__attribute\" style=\"margin:4px 0px;color:#333333;font-family:\" font-size:14px;background-color:#ffffff;\"=\"\">\r\n	Рост модели на фото:&nbsp;176\r\n	</div>\r\n<div class=\"ii-product__attribute\" style=\"margin:4px 0px;color:#333333;font-family:\" font-size:14px;background-color:#ffffff;\"=\"\">\r\n	Длина:&nbsp;66 см\r\n</div>\r\n<div class=\"ii-product__attribute\" style=\"margin:4px 0px;color:#333333;font-family:\" font-size:14px;background-color:#ffffff;\"=\"\">\r\n	Длина рукава:&nbsp;16 см\r\n	</div>\r\n<div class=\"ii-product__attribute\" style=\"margin:4px 0px;color:#333333;font-family:\" font-size:14px;background-color:#ffffff;\"=\"\">\r\n	Сезон:&nbsp;мульти\r\n</div>\r\n<div class=\"ii-product__attribute\" style=\"margin:4px 0px;color:#333333;font-family:\" font-size:14px;background-color:#ffffff;\"=\"\">\r\n	Цвет:&nbsp;красный\r\n	</div>\r\n<div class=\"ii-product__attribute\" style=\"margin:4px 0px;color:#333333;font-family:\" font-size:14px;background-color:#ffffff;\"=\"\">\r\n	Узор:&nbsp;рисунки и надписи, цветочный\r\n</div>\r\n<div class=\"ii-product__attribute\" style=\"margin:4px 0px;color:#333333;font-family:\" font-size:14px;background-color:#ffffff;\"=\"\">\r\n	Застежка:&nbsp;без застежки\r\n	</div>', 131, 0, 0, '1', '0', 10, '', 'futbolka-tvoe', 0, 1, 4, '2017-09-01 17:53:13', '2017-09-01 17:54:29', '2017-09-01 17:54:29'),
(42, 'Футболка ТВОЕ', 'TV001EWPMH43', 2890, 0, '<div class=\"ii-product__attribute\" style=\"margin:4px 0px;color:#333333;font-family:\" font-size:14px;background-color:#ffffff;\"=\"\">\r\n	Состав:&nbsp;Хлопок - 100%\r\n	</div>\r\n<div class=\"ii-product__attribute\" style=\"margin:4px 0px;color:#333333;font-family:\" font-size:14px;background-color:#ffffff;\"=\"\">\r\n	Страна производства:&nbsp;Россия\r\n</div>\r\n<div class=\"ii-product__attribute\" style=\"margin:4px 0px;color:#333333;font-family:\" font-size:14px;background-color:#ffffff;\"=\"\">\r\n	Размер модели на фото:&nbsp;42/44\r\n	</div>\r\n<div class=\"ii-product__attribute\" style=\"margin:4px 0px;color:#333333;font-family:\" font-size:14px;background-color:#ffffff;\"=\"\">\r\n	Параметры модели:&nbsp;86-60-89\r\n</div>\r\n<div class=\"ii-product__attribute\" style=\"margin:4px 0px;color:#333333;font-family:\" font-size:14px;background-color:#ffffff;\"=\"\">\r\n	Рост модели на фото:&nbsp;176\r\n	</div>\r\n<div class=\"ii-product__attribute\" style=\"margin:4px 0px;color:#333333;font-family:\" font-size:14px;background-color:#ffffff;\"=\"\">\r\n	Длина:&nbsp;66 см\r\n</div>\r\n<div class=\"ii-product__attribute\" style=\"margin:4px 0px;color:#333333;font-family:\" font-size:14px;background-color:#ffffff;\"=\"\">\r\n	Длина рукава:&nbsp;16 см\r\n	</div>\r\n<div class=\"ii-product__attribute\" style=\"margin:4px 0px;color:#333333;font-family:\" font-size:14px;background-color:#ffffff;\"=\"\">\r\n	Сезон:&nbsp;мульти\r\n</div>\r\n<div class=\"ii-product__attribute\" style=\"margin:4px 0px;color:#333333;font-family:\" font-size:14px;background-color:#ffffff;\"=\"\">\r\n	Цвет:&nbsp;красный\r\n	</div>\r\n<div class=\"ii-product__attribute\" style=\"margin:4px 0px;color:#333333;font-family:\" font-size:14px;background-color:#ffffff;\"=\"\">\r\n	Узор:&nbsp;рисунки и надписи, цветочный\r\n</div>\r\n<div class=\"ii-product__attribute\" style=\"margin:4px 0px;color:#333333;font-family:\" font-size:14px;background-color:#ffffff;\"=\"\">\r\n	Застежка:&nbsp;без застежки\r\n	</div>', 131, 0, 0, '1', '1', 36, '', 'futbolka-tvoe', 2, 206, 2, '2017-09-01 17:55:12', '2018-02-15 13:30:11', NULL),
(43, 'Пуховик', '4545454545', 20000, NULL, 'теплый пуховик', 42, 2, NULL, '1', NULL, -1, 'красный пуховик, пуховик, красный, теплая вещь', 'pukhovik', 1, 127, 2, '2017-09-06 02:26:23', '2018-02-07 03:48:42', NULL),
(44, 'Пуховик 2', '152364', 35000, 50000, 'супер вещь', 101, 0, 30, '1', '1', 0, 'одежда со скидкой ', 'pukhovik-2', 3, 118, 2, '2017-09-06 04:13:05', '2018-02-15 13:27:19', NULL),
(45, 'Пуховик 3', '123456789', 100, NULL, 'третий пуховик', 120, 1, NULL, '1', NULL, 9991, 'синий пуховик, синяя куртка', 'pukhovik-3', 2, 188, 2, '2017-09-06 04:18:04', '2018-02-15 13:31:32', NULL),
(46, 'Сорочки', '121542', 10, 0, 'рубашка', 166, 0, 0, '0', '0', 12, 'черная рубашка', 'sorochki', 1, 40, 3, '2017-12-25 07:15:53', '2018-01-18 07:10:20', NULL),
(47, 'платье', '1221', 12000, 0, '', 15, 0, 0, '0', '0', 0, 'платье, зеленое платье, платье солнце, расклёшенное платье, офисное платье ', 'plate', 2, 29, 2, '2017-12-25 15:12:03', '2018-01-19 06:58:58', NULL);

-- --------------------------------------------------------

--
-- Структура таблицы `product_category`
--

CREATE TABLE `product_category` (
  `product_category_id` int(10) UNSIGNED NOT NULL,
  `product_id` int(11) UNSIGNED DEFAULT NULL,
  `category_id` int(11) UNSIGNED DEFAULT NULL,
  `created_at` timestamp NULL DEFAULT NULL,
  `updated_at` timestamp NULL DEFAULT NULL,
  `deleted_at` timestamp NULL DEFAULT NULL
) ENGINE=InnoDB DEFAULT CHARSET=utf8 COLLATE=utf8_unicode_ci;

--
-- Дамп данных таблицы `product_category`
--

INSERT INTO `product_category` (`product_category_id`, `product_id`, `category_id`, `created_at`, `updated_at`, `deleted_at`) VALUES
(109, 19, 155, '2016-11-24 06:49:48', '2016-11-24 06:49:48', NULL),
(110, 20, 151, '2016-11-24 07:44:05', '2016-11-24 07:44:05', NULL),
(111, 21, 229, '2016-11-28 23:25:55', '2016-11-28 23:25:55', NULL),
(115, 22, 227, '2016-11-30 23:44:52', '2016-11-30 23:44:52', NULL),
(119, 24, 227, '2016-12-01 00:33:33', '2016-12-01 00:33:33', NULL),
(120, 23, 193, '2016-12-01 02:13:45', '2016-12-01 02:13:45', NULL),
(123, 25, 193, '2016-12-01 02:24:04', '2016-12-01 02:24:04', NULL),
(124, 26, 193, '2016-12-01 02:29:11', '2016-12-01 02:29:11', NULL),
(126, 27, 193, '2016-12-01 02:32:43', '2016-12-01 02:32:43', NULL),
(130, 28, 193, '2017-03-16 02:12:05', '2017-03-16 02:12:05', NULL),
(132, 30, 193, '2017-08-10 06:55:10', '2017-08-10 06:55:10', NULL),
(133, 31, 165, '2017-08-28 02:38:50', '2017-08-28 02:38:50', NULL),
(135, 32, 164, '2017-08-28 03:21:22', '2017-08-28 03:21:22', NULL),
(165, 33, 227, '2017-08-28 06:50:27', '2017-08-28 06:50:27', NULL),
(178, 34, 227, '2017-08-28 06:58:52', '2017-08-28 06:58:52', NULL),
(179, 35, 229, '2017-08-28 07:11:18', '2017-08-28 07:11:18', NULL),
(181, 36, 239, '2017-08-28 08:10:12', '2017-08-28 08:10:12', NULL),
(184, 37, 239, '2017-09-01 16:26:43', '2017-09-01 16:26:43', NULL),
(186, 38, 176, '2017-09-01 16:37:05', '2017-09-01 16:37:05', NULL),
(191, 39, 176, '2017-09-01 17:28:32', '2017-09-01 17:28:32', NULL),
(194, 40, 176, '2017-09-01 17:42:41', '2017-09-01 17:42:41', NULL),
(195, 41, 176, '2017-09-01 17:53:13', '2017-09-01 17:53:13', NULL),
(210, 44, 193, '2017-09-09 00:27:11', '2017-09-09 00:27:11', NULL),
(215, 42, 176, '2017-12-25 07:18:37', '2017-12-25 07:18:37', NULL),
(223, 47, 138, '2017-12-28 05:38:44', '2017-12-28 05:38:44', NULL),
(224, 47, 141, '2017-12-28 05:38:44', '2017-12-28 05:38:44', NULL),
(225, 47, 137, '2017-12-28 05:38:44', '2017-12-28 05:38:44', NULL),
(226, 46, 163, '2017-12-28 05:40:19', '2017-12-28 05:40:19', NULL),
(228, 45, 193, '2018-02-06 03:54:22', '2018-02-06 03:54:22', NULL),
(232, 43, 193, '2018-02-07 03:48:42', '2018-02-07 03:48:42', NULL);

-- --------------------------------------------------------

--
-- Структура таблицы `product_favorite`
--

CREATE TABLE `product_favorite` (
  `product_favorite_id` int(10) UNSIGNED NOT NULL,
  `product_id` int(11) UNSIGNED DEFAULT NULL,
  `user_id` int(11) DEFAULT NULL,
  `created_at` timestamp NULL DEFAULT NULL,
  `updated_at` timestamp NULL DEFAULT NULL,
  `deleted_at` timestamp NULL DEFAULT NULL
) ENGINE=InnoDB DEFAULT CHARSET=utf8 COLLATE=utf8_unicode_ci;

--
-- Дамп данных таблицы `product_favorite`
--

INSERT INTO `product_favorite` (`product_favorite_id`, `product_id`, `user_id`, `created_at`, `updated_at`, `deleted_at`) VALUES
(6, 5, 1, '2016-08-07 00:56:42', '2016-08-07 00:56:42', NULL),
(7, 3, 1, '2016-08-07 02:04:21', '2016-08-07 02:04:21', NULL),
(28, 1, 4, '2016-08-16 11:03:02', '2016-08-16 11:03:02', NULL),
(31, 3, 4, '2016-08-23 01:34:49', '2016-08-23 01:34:49', NULL),
(32, 4, 1, '2016-08-23 04:31:40', '2016-08-23 04:31:40', NULL),
(33, 5, 11, '2016-10-24 01:41:49', '2016-10-24 01:41:49', NULL),
(34, 5, 12, '2016-10-30 08:16:52', '2016-10-30 08:16:52', NULL),
(35, 7, 1, '2016-10-31 11:52:38', '2016-10-31 11:52:38', NULL),
(36, 19, 1, '2016-11-24 06:34:14', '2016-11-24 06:34:14', NULL),
(38, 26, 1, '2016-12-01 05:23:23', '2016-12-01 05:23:23', NULL),
(40, 36, 15, '2017-08-28 08:07:01', '2017-08-28 08:07:01', NULL),
(41, 46, 30, '2017-12-25 07:23:26', '2017-12-25 07:23:26', NULL),
(43, 47, 48, '2017-12-28 05:29:17', '2017-12-28 05:29:17', NULL),
(56, 45, 64, '2018-02-08 00:42:04', '2018-02-08 00:42:04', NULL);

-- --------------------------------------------------------

--
-- Структура таблицы `product_feature`
--

CREATE TABLE `product_feature` (
  `product_feature_id` int(10) UNSIGNED NOT NULL,
  `product_id` int(11) UNSIGNED DEFAULT NULL,
  `feature_id` int(11) UNSIGNED DEFAULT NULL,
  `item_id` int(11) UNSIGNED DEFAULT NULL,
  `product_feature_desc` text COLLATE utf8_unicode_ci,
  `created_at` timestamp NULL DEFAULT NULL,
  `updated_at` timestamp NULL DEFAULT NULL,
  `deleted_at` timestamp NULL DEFAULT NULL
) ENGINE=InnoDB DEFAULT CHARSET=utf8 COLLATE=utf8_unicode_ci;

--
-- Дамп данных таблицы `product_feature`
--

INSERT INTO `product_feature` (`product_feature_id`, `product_id`, `feature_id`, `item_id`, `product_feature_desc`, `created_at`, `updated_at`, `deleted_at`) VALUES
(72, 4, 2, NULL, 'Материал 1: Полиэстер - 100%; Материал 2: Полиуретан - 100%', '2016-08-06 01:47:59', '2016-08-06 01:47:59', NULL),
(73, 3, 2, NULL, 'Материал 1: Полиэстер - 100%; Материал 2: Полиуретан - 100%', '2016-08-06 01:48:19', '2016-08-06 01:48:19', NULL),
(74, 3, 1, NULL, NULL, '2016-08-06 01:48:20', '2016-08-06 01:48:20', NULL),
(75, 3, NULL, 13, NULL, '2016-08-06 01:48:20', '2016-08-06 01:48:20', NULL),
(76, 2, 2, NULL, 'Материал 1: Полиэстер - 100%; Материал 2: Полиуретан - 100%', '2016-08-06 01:48:44', '2016-08-06 01:48:44', NULL),
(77, 1, 2, NULL, 'Материал 1: Полиэстер - 100%; Материал 2: Полиуретан - 100%', '2016-08-06 01:49:21', '2016-08-06 01:49:21', NULL),
(93, 6, 1, NULL, NULL, '2016-08-08 08:16:18', '2016-08-08 08:16:18', NULL),
(94, 6, NULL, 18, NULL, '2016-08-08 08:16:18', '2016-08-08 08:16:18', NULL),
(95, 6, NULL, 16, NULL, '2016-08-08 08:16:18', '2016-08-08 08:16:18', NULL),
(141, 5, 1, NULL, NULL, '2016-08-23 05:06:26', '2016-08-23 05:06:26', NULL),
(142, 5, 2, NULL, 'Материал 1: Полиэстер - 100%; Материал 2: Полиуретан - 100%', '2016-08-23 05:06:27', '2016-08-23 05:06:27', NULL),
(143, 5, NULL, 18, NULL, '2016-08-23 05:06:27', '2016-08-23 05:06:27', NULL),
(144, 5, NULL, 17, NULL, '2016-08-23 05:06:27', '2016-08-23 05:06:27', NULL),
(145, 5, NULL, 13, NULL, '2016-08-23 05:06:27', '2016-08-23 05:06:27', NULL),
(182, 11, 1, NULL, NULL, '2016-11-06 22:34:01', '2016-11-06 22:34:01', NULL),
(183, 11, NULL, 18, NULL, '2016-11-06 22:34:01', '2016-11-06 22:34:01', NULL),
(184, 11, NULL, 17, NULL, '2016-11-06 22:34:01', '2016-11-06 22:34:01', NULL),
(185, 11, NULL, 16, NULL, '2016-11-06 22:34:01', '2016-11-06 22:34:01', NULL),
(202, 9, 1, NULL, NULL, '2016-11-19 06:11:33', '2016-11-19 06:11:33', NULL),
(203, 9, NULL, 18, NULL, '2016-11-19 06:11:33', '2016-11-19 06:11:33', NULL),
(204, 9, NULL, 17, NULL, '2016-11-19 06:11:33', '2016-11-19 06:11:33', NULL),
(205, 9, NULL, 16, NULL, '2016-11-19 06:11:34', '2016-11-19 06:11:34', NULL),
(206, 12, 1, NULL, NULL, '2016-11-23 21:37:26', '2016-11-23 21:37:26', NULL),
(207, 12, NULL, 19, NULL, '2016-11-23 21:37:27', '2016-11-23 21:37:27', NULL),
(208, 12, NULL, 18, NULL, '2016-11-23 21:37:27', '2016-11-23 21:37:27', NULL),
(209, 12, NULL, 17, NULL, '2016-11-23 21:37:27', '2016-11-23 21:37:27', NULL),
(210, 13, 1, NULL, NULL, '2016-11-23 21:39:04', '2016-11-23 21:39:04', NULL),
(211, 13, NULL, 19, NULL, '2016-11-23 21:39:04', '2016-11-23 21:39:04', NULL),
(212, 13, NULL, 18, NULL, '2016-11-23 21:39:04', '2016-11-23 21:39:04', NULL),
(213, 14, 1, NULL, NULL, '2016-11-23 22:13:24', '2016-11-23 22:13:24', NULL),
(214, 14, NULL, 18, NULL, '2016-11-23 22:13:24', '2016-11-23 22:13:24', NULL),
(215, 14, NULL, 17, NULL, '2016-11-23 22:13:24', '2016-11-23 22:13:24', NULL),
(216, 15, 1, NULL, NULL, '2016-11-23 22:14:30', '2016-11-23 22:14:30', NULL),
(217, 15, NULL, 18, NULL, '2016-11-23 22:14:30', '2016-11-23 22:14:30', NULL),
(218, 15, NULL, 17, NULL, '2016-11-23 22:14:30', '2016-11-23 22:14:30', NULL),
(219, 15, NULL, 16, NULL, '2016-11-23 22:14:30', '2016-11-23 22:14:30', NULL),
(220, 16, 1, NULL, NULL, '2016-11-23 22:16:02', '2016-11-23 22:16:02', NULL),
(221, 16, NULL, 17, NULL, '2016-11-23 22:16:02', '2016-11-23 22:16:02', NULL),
(222, 17, 1, NULL, NULL, '2016-11-23 22:21:35', '2016-11-23 22:21:35', NULL),
(223, 17, NULL, 18, NULL, '2016-11-23 22:21:35', '2016-11-23 22:21:35', NULL),
(224, 17, NULL, 17, NULL, '2016-11-23 22:21:35', '2016-11-23 22:21:35', NULL),
(229, 8, 1, NULL, NULL, '2016-11-24 06:19:48', '2016-11-24 06:19:48', NULL),
(230, 8, 2, NULL, 'dasdasdas', '2016-11-24 06:19:48', '2016-11-24 06:19:48', NULL),
(231, 8, 3, NULL, 'wdwqdw', '2016-11-24 06:19:48', '2016-11-24 06:19:48', NULL),
(232, 8, NULL, 17, NULL, '2016-11-24 06:19:48', '2016-11-24 06:19:48', NULL),
(233, 8, NULL, 16, NULL, '2016-11-24 06:19:48', '2016-11-24 06:19:48', NULL),
(238, 18, 1, NULL, NULL, '2016-11-24 06:23:10', '2016-11-24 06:23:10', NULL),
(239, 18, NULL, 18, NULL, '2016-11-24 06:23:10', '2016-11-24 06:23:10', NULL),
(240, 18, NULL, 17, NULL, '2016-11-24 06:23:10', '2016-11-24 06:23:10', NULL),
(241, 18, NULL, 16, NULL, '2016-11-24 06:23:10', '2016-11-24 06:23:10', NULL),
(259, 19, 1, NULL, NULL, '2016-11-24 06:49:49', '2016-11-24 06:49:49', NULL),
(260, 19, NULL, 18, NULL, '2016-11-24 06:49:49', '2016-11-24 06:49:49', NULL),
(261, 19, NULL, 17, NULL, '2016-11-24 06:49:49', '2016-11-24 06:49:49', NULL),
(262, 19, NULL, 16, NULL, '2016-11-24 06:49:49', '2016-11-24 06:49:49', NULL),
(263, 20, 2, NULL, 'test2test2test2test2', '2016-11-24 07:44:06', '2016-11-24 07:44:06', NULL),
(264, 21, 1, NULL, NULL, '2016-11-28 23:25:55', '2016-11-28 23:25:55', NULL),
(265, 21, NULL, 19, NULL, '2016-11-28 23:25:55', '2016-11-28 23:25:55', NULL),
(266, 21, NULL, 18, NULL, '2016-11-28 23:25:55', '2016-11-28 23:25:55', NULL),
(267, 21, NULL, 17, NULL, '2016-11-28 23:25:55', '2016-11-28 23:25:55', NULL),
(274, 22, 9, NULL, NULL, '2016-11-30 23:44:52', '2016-11-30 23:44:52', NULL),
(275, 22, NULL, 38, NULL, '2016-11-30 23:44:52', '2016-11-30 23:44:52', NULL),
(280, 24, 9, NULL, NULL, '2016-12-01 00:33:34', '2016-12-01 00:33:34', NULL),
(281, 24, NULL, 38, NULL, '2016-12-01 00:33:34', '2016-12-01 00:33:34', NULL),
(282, 23, 2, NULL, 'Состав Полиэстер - 100%\r\nМатериал подкладки Материал 1: Полиэстер - 100%; Материал 2: Полиэстер - 100%\r\nУтеплитель Натуральный пух - 50%, Перо - 50%\r\nДлина рукава 65 см\r\nДлина 75 см\r\nРазмер модели на фото 42/44\r\nРост модели на фото 176\r\nПараметры модели 82-59-89\r\nДлина до середины бедра\r\nРукав длинный', '2016-12-01 02:13:45', '2016-12-01 02:13:45', NULL),
(291, 25, 10, NULL, NULL, '2016-12-01 02:24:04', '2016-12-01 02:24:04', NULL),
(292, 25, 9, NULL, NULL, '2016-12-01 02:24:04', '2016-12-01 02:24:04', NULL),
(293, 25, NULL, 39, NULL, '2016-12-01 02:24:04', '2016-12-01 02:24:04', NULL),
(294, 25, NULL, 38, NULL, '2016-12-01 02:24:04', '2016-12-01 02:24:04', NULL),
(295, 26, 9, NULL, NULL, '2016-12-01 02:29:11', '2016-12-01 02:29:11', NULL),
(296, 26, 10, NULL, NULL, '2016-12-01 02:29:12', '2016-12-01 02:29:12', NULL),
(297, 26, 11, NULL, NULL, '2016-12-01 02:29:12', '2016-12-01 02:29:12', NULL),
(298, 26, NULL, 38, NULL, '2016-12-01 02:29:12', '2016-12-01 02:29:12', NULL),
(299, 26, NULL, 41, NULL, '2016-12-01 02:29:12', '2016-12-01 02:29:12', NULL),
(300, 26, NULL, 48, NULL, '2016-12-01 02:29:12', '2016-12-01 02:29:12', NULL),
(301, 26, NULL, 45, NULL, '2016-12-01 02:29:12', '2016-12-01 02:29:12', NULL),
(304, 27, 10, NULL, NULL, '2016-12-01 02:32:43', '2016-12-01 02:32:43', NULL),
(305, 27, NULL, 41, NULL, '2016-12-01 02:32:43', '2016-12-01 02:32:43', NULL),
(330, 28, 9, NULL, NULL, '2017-03-16 02:12:05', '2017-03-16 02:12:05', NULL),
(331, 28, 10, NULL, NULL, '2017-03-16 02:12:05', '2017-03-16 02:12:05', NULL),
(332, 28, 12, NULL, 'Италия', '2017-03-16 02:12:05', '2017-03-16 02:12:05', NULL),
(333, 28, 14, NULL, '2', '2017-03-16 02:12:05', '2017-03-16 02:12:05', NULL),
(334, 28, 2, NULL, 'Хлопок - 90%\r\nЭластан - 5%\r\nАкрил - 5%', '2017-03-16 02:12:05', '2017-03-16 02:12:05', NULL),
(335, 28, NULL, 37, NULL, '2017-03-16 02:12:05', '2017-03-16 02:12:05', NULL),
(336, 28, NULL, 42, NULL, '2017-03-16 02:12:05', '2017-03-16 02:12:05', NULL),
(337, 28, NULL, 41, NULL, '2017-03-16 02:12:05', '2017-03-16 02:12:05', NULL),
(349, 29, 9, NULL, NULL, '2017-03-26 07:52:11', '2017-03-26 07:52:11', NULL),
(350, 29, 11, NULL, NULL, '2017-03-26 07:52:11', '2017-03-26 07:52:11', NULL),
(351, 29, NULL, 38, NULL, '2017-03-26 07:52:11', '2017-03-26 07:52:11', NULL),
(352, 29, NULL, 48, NULL, '2017-03-26 07:52:11', '2017-03-26 07:52:11', NULL),
(353, 29, NULL, 46, NULL, '2017-03-26 07:52:11', '2017-03-26 07:52:11', NULL),
(359, 30, 10, NULL, NULL, '2017-08-10 06:55:10', '2017-08-10 06:55:10', NULL),
(360, 30, 9, NULL, NULL, '2017-08-10 06:55:10', '2017-08-10 06:55:10', NULL),
(361, 30, 2, NULL, 'Натуральный пух - 90%.\r\nИскусственный пух - 10%.', '2017-08-10 06:55:10', '2017-08-10 06:55:10', NULL),
(362, 30, NULL, 39, NULL, '2017-08-10 06:55:10', '2017-08-10 06:55:10', NULL),
(363, 30, NULL, 38, NULL, '2017-08-10 06:55:10', '2017-08-10 06:55:10', NULL),
(364, 31, 27, NULL, 'fwefwef', '2017-08-28 02:38:50', '2017-08-28 02:38:50', NULL),
(366, 32, 26, NULL, 'йцвйцвй', '2017-08-28 03:21:22', '2017-08-28 03:21:22', NULL),
(370, 36, 9, NULL, NULL, '2017-08-28 08:10:12', '2017-08-28 08:10:12', NULL),
(371, 36, NULL, 38, NULL, '2017-08-28 08:10:12', '2017-08-28 08:10:12', NULL),
(376, 37, 9, NULL, NULL, '2017-09-01 16:26:43', '2017-09-01 16:26:43', NULL),
(377, 37, NULL, 38, NULL, '2017-09-01 16:26:43', '2017-09-01 16:26:43', NULL),
(380, 38, 9, NULL, NULL, '2017-09-01 16:37:05', '2017-09-01 16:37:05', NULL),
(381, 38, NULL, 37, NULL, '2017-09-01 16:37:05', '2017-09-01 16:37:05', NULL),
(449, 44, 10, NULL, NULL, '2017-09-09 00:27:11', '2017-09-09 00:27:11', NULL),
(450, 44, 11, NULL, NULL, '2017-09-09 00:27:11', '2017-09-09 00:27:11', NULL),
(451, 44, 12, NULL, 'Германия', '2017-09-09 00:27:11', '2017-09-09 00:27:11', NULL),
(452, 44, NULL, 39, NULL, '2017-09-09 00:27:11', '2017-09-09 00:27:11', NULL),
(453, 44, NULL, 49, NULL, '2017-09-09 00:27:11', '2017-09-09 00:27:11', NULL),
(468, 42, 9, NULL, NULL, '2017-12-25 07:18:37', '2017-12-25 07:18:37', NULL),
(469, 42, NULL, 37, NULL, '2017-12-25 07:18:37', '2017-12-25 07:18:37', NULL),
(483, 47, 9, NULL, NULL, '2017-12-28 05:38:44', '2017-12-28 05:38:44', NULL),
(484, 47, 2, NULL, 'рпшгржщтшд', '2017-12-28 05:38:44', '2017-12-28 05:38:44', NULL),
(485, 47, 45, NULL, 'длохз', '2017-12-28 05:38:44', '2017-12-28 05:38:44', NULL),
(486, 47, NULL, 37, NULL, '2017-12-28 05:38:44', '2017-12-28 05:38:44', NULL),
(487, 46, 9, NULL, NULL, '2017-12-28 05:40:19', '2017-12-28 05:40:19', NULL),
(488, 46, 10, NULL, NULL, '2017-12-28 05:40:19', '2017-12-28 05:40:19', NULL),
(489, 46, 2, NULL, 'Хлопок - 80%\r\nПолиэстер - 20%', '2017-12-28 05:40:19', '2017-12-28 05:40:19', NULL),
(490, 46, NULL, 38, NULL, '2017-12-28 05:40:19', '2017-12-28 05:40:19', NULL),
(491, 46, NULL, 42, NULL, '2017-12-28 05:40:19', '2017-12-28 05:40:19', NULL),
(497, 45, 10, NULL, NULL, '2018-02-06 03:54:22', '2018-02-06 03:54:22', NULL),
(498, 45, 12, NULL, 'Италия', '2018-02-06 03:54:22', '2018-02-06 03:54:22', NULL),
(499, 45, 9, NULL, NULL, '2018-02-06 03:54:22', '2018-02-06 03:54:22', NULL),
(500, 45, NULL, 40, NULL, '2018-02-06 03:54:22', '2018-02-06 03:54:22', NULL),
(501, 45, NULL, 37, NULL, '2018-02-06 03:54:22', '2018-02-06 03:54:22', NULL),
(526, 43, 9, NULL, NULL, '2018-02-07 03:48:42', '2018-02-07 03:48:42', NULL),
(527, 43, 10, NULL, NULL, '2018-02-07 03:48:42', '2018-02-07 03:48:42', NULL),
(528, 43, 12, NULL, 'Германия', '2018-02-07 03:48:42', '2018-02-07 03:48:42', NULL),
(529, 43, 30, NULL, 'Пух - 90%\r\nПеро - 10 %', '2018-02-07 03:48:42', '2018-02-07 03:48:42', NULL),
(530, 43, 11, NULL, NULL, '2018-02-07 03:48:42', '2018-02-07 03:48:42', NULL),
(531, 43, NULL, 38, NULL, '2018-02-07 03:48:42', '2018-02-07 03:48:42', NULL),
(532, 43, NULL, 39, NULL, '2018-02-07 03:48:42', '2018-02-07 03:48:42', NULL),
(533, 43, NULL, 46, NULL, '2018-02-07 03:48:42', '2018-02-07 03:48:42', NULL);

-- --------------------------------------------------------

--
-- Структура таблицы `product_recommended`
--

CREATE TABLE `product_recommended` (
  `product_recommended_id` int(10) UNSIGNED NOT NULL,
  `product_id` int(11) UNSIGNED DEFAULT NULL,
  `other_product_id` int(11) UNSIGNED DEFAULT NULL,
  `product_recommended_token` varchar(300) COLLATE utf8_unicode_ci DEFAULT NULL,
  `created_at` timestamp NULL DEFAULT NULL,
  `updated_at` timestamp NULL DEFAULT NULL,
  `deleted_at` timestamp NULL DEFAULT NULL
) ENGINE=InnoDB DEFAULT CHARSET=utf8 COLLATE=utf8_unicode_ci;

--
-- Дамп данных таблицы `product_recommended`
--

INSERT INTO `product_recommended` (`product_recommended_id`, `product_id`, `other_product_id`, `product_recommended_token`, `created_at`, `updated_at`, `deleted_at`) VALUES
(16, 5, 4, NULL, '2016-08-08 08:14:01', '2016-08-08 08:14:01', NULL),
(20, 5, 3, NULL, '2016-08-08 08:41:14', '2016-08-08 08:41:14', NULL),
(21, 5, 2, NULL, '2016-08-23 04:34:03', '2016-08-23 04:34:03', NULL),
(22, 8, 7, NULL, '2016-09-23 07:47:12', '2016-09-23 07:47:20', NULL),
(23, 8, 4, NULL, '2016-09-23 07:47:15', '2016-09-23 07:47:20', NULL),
(26, 28, 27, NULL, '2017-03-16 02:12:02', '2017-03-16 02:12:02', NULL),
(27, 28, 25, NULL, '2017-03-16 02:12:04', '2017-03-16 02:12:04', NULL),
(28, 30, 26, NULL, '2017-08-09 10:06:17', '2017-08-09 10:06:55', NULL),
(29, 30, 25, NULL, '2017-08-10 06:54:29', '2017-08-10 06:54:29', NULL),
(33, 45, 44, NULL, '2017-09-06 04:25:15', '2017-09-06 04:25:15', NULL),
(34, 45, 43, NULL, '2017-09-06 04:25:16', '2017-09-06 04:25:16', NULL),
(35, 44, 43, NULL, '2017-09-06 04:25:43', '2017-09-06 04:25:43', NULL),
(36, 46, 42, NULL, '2017-12-25 07:13:26', '2017-12-25 07:15:53', NULL),
(37, 42, 46, NULL, '2017-12-25 07:18:27', '2017-12-25 07:18:27', NULL),
(38, 42, 45, NULL, '2017-12-25 07:18:36', '2017-12-25 07:18:36', NULL),
(39, 47, 46, NULL, '2017-12-26 14:12:19', '2017-12-26 14:12:19', NULL),
(40, 47, 44, NULL, '2017-12-26 14:12:26', '2017-12-26 14:12:26', NULL),
(41, 47, 43, NULL, '2017-12-26 14:12:30', '2017-12-26 14:12:30', NULL),
(42, 47, 42, NULL, '2017-12-26 14:12:34', '2017-12-26 14:12:34', NULL);

-- --------------------------------------------------------

--
-- Структура таблицы `product_size`
--

CREATE TABLE `product_size` (
  `id` int(11) NOT NULL,
  `product_id` int(11) NOT NULL,
  `unique_size` varchar(11) NOT NULL,
  `size_name_id` int(11) NOT NULL,
  `size_type_id` int(11) NOT NULL,
  `updated_at` timestamp NULL DEFAULT NULL
) ENGINE=InnoDB DEFAULT CHARSET=utf8;

--
-- Дамп данных таблицы `product_size`
--

INSERT INTO `product_size` (`id`, `product_id`, `unique_size`, `size_name_id`, `size_type_id`, `updated_at`) VALUES
(181, 44, '40', 1, 1, NULL),
(182, 44, '42', 1, 1, NULL),
(183, 44, '44', 1, 1, NULL),
(184, 44, '46', 1, 1, NULL),
(203, 42, '40', 1, 1, NULL),
(204, 42, '42', 1, 1, NULL),
(205, 42, '44', 1, 1, NULL),
(206, 42, '46', 1, 1, NULL),
(207, 42, '48', 1, 1, NULL),
(208, 42, '60', 1, 1, NULL),
(219, 47, '40', 1, 1, NULL),
(220, 47, '42', 1, 1, NULL),
(221, 47, '50', 1, 1, NULL),
(222, 46, '40', 1, 1, NULL),
(223, 46, '46', 1, 1, NULL),
(224, 46, '58', 1, 1, NULL),
(225, 46, '60', 1, 1, NULL),
(229, 45, '40', 1, 1, NULL),
(230, 45, '48', 1, 1, NULL),
(231, 45, '50', 1, 1, NULL),
(247, 43, '40', 1, 1, NULL),
(248, 43, '44', 1, 1, NULL),
(249, 43, '46', 1, 1, NULL),
(250, 43, '48', 1, 1, NULL),
(251, 43, '50', 1, 1, NULL);

-- --------------------------------------------------------

--
-- Структура таблицы `promo_code`
--

CREATE TABLE `promo_code` (
  `id` int(10) UNSIGNED NOT NULL,
  `code_name` varchar(255) COLLATE utf8_unicode_ci NOT NULL,
  `promo_code` int(11) NOT NULL,
  `created_at` timestamp NULL DEFAULT NULL,
  `updated_at` timestamp NULL DEFAULT NULL,
  `code` varchar(255) COLLATE utf8_unicode_ci NOT NULL,
  `code_type` tinyint(1) NOT NULL
) ENGINE=MyISAM DEFAULT CHARSET=utf8 COLLATE=utf8_unicode_ci;

--
-- Дамп данных таблицы `promo_code`
--

INSERT INTO `promo_code` (`id`, `code_name`, `promo_code`, `created_at`, `updated_at`, `code`, `code_type`) VALUES
(8, 'Скидка на 20 процент', 10, '2017-09-10 07:04:32', '2017-12-28 04:29:02', 'wqwqw', 0),
(9, 'Скидка тг', 500, '2017-09-10 07:31:39', '2017-09-10 07:31:39', 'qqq', 1);

-- --------------------------------------------------------

--
-- Структура таблицы `region`
--

CREATE TABLE `region` (
  `region_id` int(10) UNSIGNED NOT NULL,
  `region_name_ru` varchar(50) COLLATE utf8_unicode_ci NOT NULL,
  `region_name_kz` varchar(50) COLLATE utf8_unicode_ci DEFAULT NULL,
  `region_name_en` varchar(50) COLLATE utf8_unicode_ci DEFAULT NULL,
  `created_at` timestamp NULL DEFAULT NULL,
  `updated_at` timestamp NULL DEFAULT NULL,
  `deleted_at` timestamp NULL DEFAULT NULL
) ENGINE=InnoDB DEFAULT CHARSET=utf8 COLLATE=utf8_unicode_ci;

--
-- Дамп данных таблицы `region`
--

INSERT INTO `region` (`region_id`, `region_name_ru`, `region_name_kz`, `region_name_en`, `created_at`, `updated_at`, `deleted_at`) VALUES
(1, 'Казахстан', NULL, NULL, NULL, NULL, NULL);

-- --------------------------------------------------------

--
-- Структура таблицы `request`
--

CREATE TABLE `request` (
  `request_id` int(11) NOT NULL,
  `user_name` varchar(100) DEFAULT NULL,
  `phone` varchar(50) DEFAULT NULL,
  `email` varchar(50) DEFAULT NULL,
  `address` varchar(250) DEFAULT NULL,
  `status_id` int(11) UNSIGNED DEFAULT NULL,
  `comment` text,
  `session` varchar(1200) DEFAULT NULL,
  `size_basket` int(11) NOT NULL,
  `user_id` int(11) DEFAULT NULL,
  `is_epay` varchar(20) DEFAULT '0',
  `is_pickup` varchar(255) DEFAULT '0' COMMENT 'Признак самовывоза',
  `created_at` timestamp NULL DEFAULT NULL,
  `updated_at` timestamp NULL DEFAULT NULL,
  `deleted_at` timestamp NULL DEFAULT NULL,
  `size` varchar(255) NOT NULL,
  `is_epay_success` int(11) DEFAULT '0',
  `city` varchar(260) DEFAULT NULL,
  `price` int(11) NOT NULL DEFAULT '0'
) ENGINE=InnoDB DEFAULT CHARSET=utf8;

--
-- Дамп данных таблицы `request`
--

INSERT INTO `request` (`request_id`, `user_name`, `phone`, `email`, `address`, `status_id`, `comment`, `session`, `size_basket`, `user_id`, `is_epay`, `is_pickup`, `created_at`, `updated_at`, `deleted_at`, `size`, `is_epay_success`, `city`, `price`) VALUES
(56, 'admin@admin.com', '+7(707)294-00-15', 'admin@admin.com', ' rthrthrt', 2, NULL, NULL, 0, 15, '0', '0', '2017-09-01 04:28:23', '2017-09-01 04:37:53', '2017-09-01 04:37:53', '', 0, '', 0),
(57, 'admin@admin.com', '+7(707)294-00-15', 'admin@admin.com', ' tyhtyhty', 2, NULL, NULL, 0, 15, '0', '0', '2017-09-01 04:29:08', '2017-09-01 04:37:51', '2017-09-01 04:37:51', '', 0, '', 0),
(58, 'admin@admin.com', '+7(707)294-00-15', 'admin@admin.com', ' rthrthrth', 2, NULL, NULL, 0, 15, '1', '1', '2017-09-01 04:30:17', '2017-09-01 04:44:01', '2017-09-01 04:44:01', '', 0, '', 0),
(59, 'admin@admin.com', '+7(707)294-00-15', 'admin@admin.com', ' tyjhtyhtyh', 2, NULL, NULL, 0, 15, '1', '0', '2017-09-01 04:43:37', '2017-09-01 04:43:59', '2017-09-01 04:43:59', '', 0, '', 0),
(60, NULL, NULL, NULL, NULL, 1, NULL, NULL, 0, 15, '0', '0', '2017-09-01 04:46:34', '2017-09-01 04:46:34', NULL, '', 0, '', 0),
(61, 'admin@admin.com', '+7(707)294-00-16', 'admin@admin.com', ' ', 2, NULL, NULL, 0, 27, '1', '0', '2017-09-01 08:58:23', '2017-09-01 09:29:18', '2017-09-01 09:29:18', '', 0, '', 0),
(62, 'admin@admin.com', '+7(707)294-00-16', 'admin@admin.com', ' Ал фараби 71', 2, NULL, NULL, 0, 27, '1', '0', '2017-09-01 09:16:34', '2017-09-01 18:23:54', '2017-09-01 18:23:54', '', 0, '', 0),
(63, 'admin@admin.com', '+7(707)294-00-16', 'admin@admin.com', ' sss', 2, NULL, NULL, 0, 27, '1', '0', '2017-09-01 13:46:18', '2017-09-01 18:23:47', NULL, '', 0, '', 0),
(64, NULL, NULL, NULL, NULL, 1, NULL, 'mlIgLSbQUdAfqwsWbQJIICgWfRjJzjVhA6DaqclQ', 0, NULL, '0', '0', '2017-09-02 02:10:13', '2017-09-02 02:10:13', NULL, '', 0, '', 0),
(65, 'Бекзат', '+7(707)534-56-20', 'eleusinbekzat@gmail.com', ' Навои 60', 2, NULL, NULL, 0, 28, '1', '0', '2017-09-02 15:26:41', '2017-09-02 15:27:39', NULL, '', 0, '', 0),
(66, '123', '+7(707)280-68-22', '21351@mail.ru', 'iml;', 2, NULL, NULL, 0, 29, '0', '0', '2017-09-04 05:51:18', '2017-09-04 05:57:32', NULL, '', 0, '', 0),
(67, '123', '+7(707)280-68-22', '21351@mail.ru', ' iml;', 2, NULL, NULL, 0, 29, '1', '0', '2017-09-04 05:59:01', '2017-09-04 05:59:29', NULL, '', 0, '', 0),
(68, 'admin@admin.com', '+7(707)294-00-16', 'admin@admin.com', ' gbgbgb', 2, NULL, NULL, 0, 27, NULL, '0', '2017-09-06 02:53:36', '2017-09-09 03:50:30', NULL, '', 0, '', 0),
(69, NULL, NULL, NULL, NULL, 1, NULL, 'Q622zy91IbmIbf9H0TM6AzEDiI2aK5oPdgCz0WQT', 0, NULL, '0', '0', '2017-09-06 03:13:09', '2017-09-06 03:13:09', NULL, '', 0, '', 0),
(70, 'Акерке', '+7(707)280-68-22', 'kosha088@mail.ru', 'г. Атырау, ул. Кулманова 107', 2, NULL, NULL, 0, 30, '0', '0', '2017-09-06 03:18:00', '2017-09-06 03:21:51', NULL, '', 0, '', 0),
(71, 'Акерке', '+7(707)280-68-22', 'kosha088@mail.ru', 'Кулманова 107', 2, NULL, NULL, 0, 30, '1', '0', '2017-09-06 03:24:22', '2017-09-06 03:24:40', NULL, '', 0, '', 0),
(72, 'Акерке', '+7(707)280-68-22', 'kosha088@mail.ru', ' 6513', 2, NULL, NULL, 0, 30, '0', '0', '2017-09-06 03:24:53', '2017-09-06 03:25:02', NULL, '', 0, '', 0),
(73, 'Акерке', '+7(707)280-68-22', 'kosha088@mail.ru', 'при получении', 2, NULL, NULL, 0, 30, '1', '0', '2017-09-06 03:28:21', '2017-09-06 03:28:39', NULL, '', 0, '', 0),
(74, 'Акерке', '+7(707)280-68-22', 'kosha088@mail.ru', ' онлайн', 2, 'ждет доставки', NULL, 0, 30, '0', '0', '2017-09-06 03:28:52', '2017-09-06 03:32:40', NULL, '', 0, '', 0),
(75, 'Акерке', '+7(707)280-68-22', 'kosha088@mail.ru', ' атырау', 2, NULL, NULL, 0, 30, '0', '0', '2017-09-06 04:24:38', '2017-09-06 04:26:59', NULL, '', 0, '', 0),
(76, 'Акерке', '+7(707)280-68-22', 'kosha088@mail.ru', ' от', 2, NULL, NULL, 0, 30, '1', '0', '2017-09-06 04:27:16', '2017-09-06 04:27:48', NULL, '', 0, '', 0),
(77, 'admin@admin.com', '+7(707)294-00-16', 'admin@admin.com', 'атырау онлайн', 2, NULL, NULL, 0, 27, '1', '0', '2017-09-08 23:33:21', '2017-09-11 09:23:23', NULL, '', 0, '', 0),
(78, 'Заказбек', '+7(707)294-00-15', 'message.nuraga@gmail.com', 'Алматы 71', 2, NULL, NULL, 0, 31, '0', '0', '2017-09-09 03:26:59', '2017-09-09 03:53:32', '2017-09-09 03:53:32', '', 0, '', 0),
(79, 'rgrg', '+7(707)294-00-15', 'admin@admin.ru', 'edede', 2, NULL, NULL, 0, 32, NULL, '0', '2017-09-09 03:51:08', '2017-09-09 03:53:29', '2017-09-09 03:53:29', '', 0, '', 0),
(80, 'trgtrg', '+7(707)294-00-15', 'deded@ede.ed', 'refref', 2, NULL, NULL, 0, 33, NULL, '0', '2017-09-09 03:52:37', '2017-09-09 03:53:27', '2017-09-09 03:53:27', '', 0, '', 0),
(81, 'text', '+7(707)294-00-15', 'text@text.text', 'text', 2, NULL, NULL, 0, 34, '1', '1', '2017-09-09 03:54:04', '2017-09-09 04:25:57', '2017-09-09 04:25:57', '', 0, '', 0),
(82, 'rgrg', '+7(777)777-77-77', 'rgrg@0ded0.ded', 'refer', 2, NULL, NULL, 0, 35, NULL, '0', '2017-09-09 03:58:52', '2017-09-09 04:25:55', '2017-09-09 04:25:55', '', 0, '', 0),
(83, NULL, NULL, NULL, NULL, 1, NULL, NULL, 0, 35, '0', '0', '2017-09-09 04:13:52', '2017-09-09 04:13:52', NULL, '', 0, '', 0),
(84, 'admin@admin.do', '+7(707)294-00-15', 'mwasd@wd.wd', 'dedede 878 eccec', 2, NULL, NULL, 0, 36, '1', '0', '2017-09-09 04:23:24', '2017-09-09 04:25:52', '2017-09-09 04:25:52', '', 0, '', 0),
(85, 'test@test', '+7(707)294-00-15', 'test@test.we', 'wwdwdw', 2, NULL, NULL, 0, 37, '1', '0', '2017-09-09 04:26:13', '2017-09-09 04:26:32', NULL, '', 0, '', 0),
(86, 'Nuraga', '+7(707)294-00-15', 'message.nuraga@gmail.com', 'almaty 78', 2, NULL, NULL, 0, 31, '1', '0', '2017-09-09 05:14:28', '2017-09-09 05:14:58', NULL, '', 0, '', 0),
(87, 'nurik', '+7(775)447-31-09', 'nurik@mail.ru', 'almaty 71', 2, NULL, NULL, 0, 40, '1', '0', '2017-09-10 05:12:52', '2017-09-10 05:22:56', NULL, '', 0, '', 0),
(88, 'Акерке', '+7(707)280-68-22', 'kosha088@mail.ru', ' Ннн', 2, NULL, NULL, 0, 30, '0', '0', '2017-09-11 09:05:14', '2017-09-20 15:27:33', NULL, '', 0, '', 0),
(89, 'admin@admin.com', '+7(707)294-00-16', 'admin@admin.com', ' атырау при получении', 2, NULL, NULL, 0, 27, '0', '0', '2017-09-11 09:23:39', '2017-09-11 09:23:57', NULL, '', 0, '', 0),
(90, 'admin@admin.com', '+7(707)294-00-16', 'admin@admin.com', ' при пол', 2, NULL, NULL, 0, 27, '0', '0', '2017-09-14 00:54:08', '2017-09-15 03:56:13', NULL, '', 0, '', 0),
(91, 'Асель', '+7(778)747-43-33', 'aselabizova@mail.ru', 'Gfhdkek', 2, NULL, NULL, 0, 42, '1', '0', '2017-09-14 16:50:32', '2017-09-14 16:51:48', NULL, '', 0, '', 0),
(92, NULL, NULL, NULL, NULL, 1, NULL, 'wJqlUawPR3mU3cYyKfTeXHhLH5nIuLdKeievWLIu', 0, NULL, '0', '0', '2017-09-20 12:32:19', '2017-09-20 12:32:19', NULL, '', 0, '', 0),
(93, NULL, NULL, NULL, NULL, 1, NULL, 'XWQUtNNnWlopvCnSRiUem04DjfBuInwfURMpicuO', 0, NULL, '0', '0', '2017-09-20 12:32:25', '2017-09-20 12:32:25', NULL, '', 0, '', 0),
(94, 'Акерке', '+7(707)280-68-22', 'kosha088@mail.ru', ' Новый заказ', 2, NULL, NULL, 0, 30, '0', '0', '2017-09-20 15:30:47', '2017-09-20 15:31:21', NULL, '', 0, '', 0),
(95, 'Акерке', '+7(707)280-68-22', 'kosha088@mail.ru', ' Еще новее', 2, NULL, NULL, 0, 30, '0', '0', '2017-09-20 15:33:30', '2017-09-20 15:35:42', NULL, '', 0, '', 0),
(96, NULL, NULL, NULL, NULL, 1, NULL, 'kM3mD6BzC5lcTmQL4MiQcQ0iDl7UoEcq4dpliVeQ', 0, NULL, '0', '0', '2017-09-28 01:15:38', '2017-09-28 01:15:38', NULL, '', 0, '', 0),
(97, 'dfasf', '+7(787)846-54-46', 'test@mail.ru', 'Абая 8', 2, NULL, NULL, 0, 44, '1', '0', '2017-09-29 01:09:05', '2017-09-29 04:36:19', NULL, '', 0, '', 0),
(98, 'admin@admin.com', '+7(707)294-00-16', 'admin@admin.com', 'сатпаева 32', 2, NULL, NULL, 0, 27, '1', '0', '2017-09-29 01:25:17', '2017-12-19 13:21:22', NULL, '', 0, '', 0),
(99, NULL, NULL, NULL, NULL, 1, NULL, 'ix1ggDtGh0qkU3G0jEKsuVPJsaTpsZMSbmikWeiq', 0, NULL, '0', '0', '2017-09-29 01:27:24', '2017-09-29 01:27:24', NULL, '', 0, '', 0),
(100, NULL, NULL, NULL, NULL, 1, NULL, 'ELyhUK4pQZAR2Be5N3Jnr3neS0eT2P1TK68PnGBc', 0, NULL, '0', '0', '2017-09-29 01:30:47', '2017-09-29 01:30:47', NULL, '', 0, '', 0),
(101, 'Dustin', '+7(787)846-54-46', 'dustindias7@gmail.com', ' Абая 8', 2, NULL, NULL, 0, 44, '0', '0', '2017-09-29 04:39:18', '2017-09-29 04:42:50', NULL, '', 0, '', 0),
(102, NULL, NULL, NULL, NULL, 1, NULL, NULL, 0, 44, '0', '0', '2017-09-29 05:07:16', '2017-09-29 05:07:16', NULL, '', 0, '', 0),
(103, NULL, NULL, NULL, NULL, 1, NULL, 'c7Kn4WvRhHIMLqMS7buarsj10wgcr9W2tt5wIlZh', 0, NULL, '0', '0', '2017-09-29 05:10:34', '2017-09-29 05:10:34', NULL, '', 0, '', 0),
(104, 'Test', '+7(777)777-77-77', 'test@gmail.com', 'No address', 2, NULL, NULL, 0, 45, '1', '0', '2017-10-02 03:26:06', '2017-10-02 03:27:01', NULL, '', 0, '', 0),
(105, NULL, NULL, NULL, NULL, 1, NULL, NULL, 0, 45, '0', '0', '2017-10-02 03:27:20', '2017-10-02 03:27:20', NULL, '', 0, '', 0),
(106, NULL, NULL, NULL, NULL, 1, NULL, 'SgtwZMTKPSM1HBA3XFyOllVl8mGHLYx0XWgvO9lT', 0, NULL, '0', '0', '2017-10-06 00:13:31', '2017-10-06 00:13:31', NULL, '', 0, '', 0),
(107, NULL, NULL, NULL, NULL, 1, NULL, 'oLw7EM4KnumI2lHiFAyBLJ4wgHBUovzfLDvClrWM', 0, NULL, '0', '0', '2017-10-11 03:22:48', '2017-10-11 03:22:48', NULL, '', 0, '', 0),
(108, 'Test', '+7(778)700-01-00', 'test@test.ts', 'Test address', 2, NULL, NULL, 0, 44, '0', '0', '2017-12-14 01:37:05', '2017-12-14 01:40:16', NULL, '', 0, '', 0),
(109, 'Test', '+7(778)444-00-00', 'test@test.ts', 'Test address', 2, NULL, NULL, 0, 44, '0', '0', '2017-12-14 01:42:22', '2017-12-14 01:44:26', NULL, '', 0, '', 0),
(110, 'Test', '+7(707)444-01-01', 'test@test.ts', 'Test address', 2, NULL, NULL, 0, 44, '1', '0', '2017-12-14 01:45:03', '2017-12-14 01:46:31', NULL, '', 0, '', 0),
(111, 'Dustin', '+7(778)400-04-04', 'dustindias7@gmail.com', 'Almaty', 2, NULL, NULL, 0, 45, '1', '0', '2017-12-14 01:47:28', '2017-12-14 01:49:00', NULL, '', 0, '', 0),
(112, NULL, NULL, NULL, NULL, 1, NULL, '3QtLrC5zmC5ihETcZJN6rebeNJH6XIbGz0vCHxXg', 0, NULL, '0', '0', '2017-12-14 02:58:20', '2017-12-14 02:58:20', NULL, '', 0, '', 0),
(113, 'Максат', '+7(708)300-13-12', 'batyrqul.maqsat@gmail.com', 'Абая 30', 2, NULL, NULL, 0, 46, '0', '0', '2017-12-14 09:54:07', '2017-12-14 10:10:52', NULL, '', 0, '', 0),
(114, NULL, NULL, NULL, NULL, 1, NULL, 'imycVylex3bm1jrOHIvcHaVRzcps6FgvrIQmHEjJ', 0, NULL, '0', '0', '2017-12-14 10:25:19', '2017-12-14 10:25:19', NULL, '', 0, '', 0),
(115, 'admin@admin.com', '+7(707)294-00-16', 'admin@admin.com', ' ортщшжтэ зэл', 2, NULL, NULL, 0, 27, '1', '0', '2017-12-19 13:14:45', '2017-12-25 15:16:24', NULL, '', 1, '', 0),
(116, NULL, NULL, NULL, NULL, 1, NULL, 'yjvnzJabvmjd7j07Pp3jq2SKIGvyOYmp3OF50KAb', 0, NULL, '0', '0', '2017-12-21 17:02:46', '2017-12-21 17:02:46', NULL, '', 0, '', 0),
(117, 'Arman', '+7(222)222-22-22', 'test@gmail.com', 'Абая', 2, NULL, NULL, 0, 47, '1', '0', '2017-12-24 07:36:32', '2017-12-24 07:37:19', NULL, '', 0, '', 0),
(118, 'Arman', '+7(222)222-22-22', 'arman.abdiyev@gmail.com', ' add', 2, NULL, NULL, 0, 47, '1', '0', '2017-12-24 07:38:59', '2017-12-24 07:41:31', NULL, '', 0, '', 0),
(119, 'Arman', '+7(222)222-22-22', 'arman.abdiyev@gmail.com', ' Abay', 2, NULL, NULL, 0, 47, '1', '0', '2017-12-24 08:45:17', '2017-12-24 08:45:41', NULL, '', 0, '', 0),
(120, 'Arman', '+7(222)222-22-22', 'arman.abdiyev@gmail.com', ' add', 2, NULL, NULL, 0, 47, '1', '0', '2017-12-24 08:47:35', '2017-12-24 08:47:54', NULL, '', 0, '', 0),
(121, 'Arman', '+7(222)222-22-22', 'arman.abdiyev@gmail.com', ' 312312', 2, NULL, NULL, 0, 47, '1', '0', '2017-12-24 08:49:45', '2017-12-24 08:50:06', NULL, '', 0, '', 0),
(122, 'Arman', '+7(222)222-22-22', 'arman.abdiyev@gmail.com', ' adas', 2, NULL, NULL, 0, 47, '1', '0', '2017-12-24 08:52:11', '2017-12-24 08:52:29', NULL, '', 0, '', 0),
(123, 'Arman', '+7(222)222-22-22', 'arman.abdiyev@gmail.com', ' test', 2, NULL, NULL, 0, 47, '1', '0', '2017-12-24 09:20:47', '2017-12-24 09:21:45', NULL, '', 0, '', 0),
(124, 'Arman', '+7(222)222-22-22', 'arman.abdiyev@gmail.com', ' еуые', 2, NULL, NULL, 0, 47, '1', '0', '2017-12-24 09:28:04', '2017-12-24 09:28:16', NULL, '', 0, '', 0),
(125, 'Arman', '+7(222)222-22-22', 'arman.abdiyev@gmail.com', ' dasdas', 2, NULL, NULL, 0, 47, '1', '0', '2017-12-24 09:35:07', '2017-12-25 06:07:31', NULL, '', 0, '', 0),
(126, NULL, NULL, NULL, NULL, 1, NULL, '2KJ21QbDEw1zqskHvpwRwNFLhnr6rI0bMGn6WdER', 0, NULL, '0', '0', '2017-12-25 00:36:21', '2017-12-25 00:36:21', NULL, '', 0, '', 0),
(127, NULL, NULL, NULL, NULL, 1, NULL, 'TuxonInpLZ6gVRdrhzs6kgTd1WlBs1tf6Hc4UupW', 0, NULL, '0', '0', '2017-12-25 04:06:30', '2017-12-25 04:06:30', NULL, '', 0, '', 0),
(128, NULL, NULL, NULL, NULL, 1, NULL, NULL, 0, 47, '0', '0', '2017-12-25 05:15:09', '2017-12-25 06:07:19', NULL, '', 0, '', 0),
(129, 'Акерке', '+7(707)280-68-22', 'kosha088@mail.ru', ' Сатпаева 32/27', 2, NULL, NULL, 0, 30, '1', '0', '2017-12-25 07:23:42', '2017-12-28 05:34:08', '2017-12-28 05:34:08', '', 0, '', 0),
(130, 'Акерке', '+7(707)280-68-22', 'kosha088@mail.ru', ' Кулманова 107 ', 2, NULL, NULL, 0, 30, '1', '0', '2017-12-25 13:11:02', '2017-12-25 13:15:33', NULL, '', 1, '', 0),
(131, 'Акерке', '+7(707)280-68-22', 'kosha088@mail.ru', ' Иы', 4, 'доставка завершена . все хорошо', NULL, 0, 30, '1', '0', '2017-12-25 13:27:30', '2017-12-28 05:33:29', NULL, '', 0, '', 0),
(132, 'admin@admin.com', '+7(707)294-00-16', 'admin@admin.com', ' 65165165', 5, '', NULL, 0, 27, '0', '0', '2017-12-28 04:29:16', '2017-12-28 05:33:09', NULL, '', 1, '', 0),
(133, 'Name', '+7(705)515-11-55', 'name@name.ru', 'Koktem 3', 2, NULL, NULL, 0, 27, '0', '0', '2017-12-28 05:33:56', '2018-01-09 06:21:45', NULL, '', 0, 'Almaty', 0),
(134, 'Assel', '+7(778)747-43-33', 'persona.vatyrau@mail.ru', ' Сатпаева 32', 4, '', NULL, 0, 48, '0', '0', '2017-12-28 05:40:45', '2017-12-28 07:22:12', NULL, '', 1, '', 0),
(135, NULL, NULL, NULL, NULL, 1, NULL, NULL, 0, 49, '0', '0', '2018-01-05 03:41:42', '2018-01-05 05:08:59', NULL, '', 0, '', 0),
(136, 'admin@admin.com', '+7(707)294-00-16', 'admin@admin.com', 'Алматы', 2, NULL, NULL, 0, 27, '0', '0', '2018-01-09 00:06:26', '2018-01-23 04:08:49', NULL, '', 0, 'Алматы', 0),
(137, 'Arman', '+7(111)111-11-11', 'arman.abdiyev@gmail.com', 'address', 2, NULL, NULL, 0, 47, '1', '0', '2018-01-09 04:30:27', '2018-01-09 04:39:49', NULL, '', 0, 'Almaty', 0),
(138, 'Mark', '+7(788)745-45-24', 'post@post.com', 'Dostyk 8', 2, NULL, NULL, 0, 50, '0', '0', '2018-01-09 06:24:17', '2018-01-09 06:25:31', NULL, '', 0, 'Astana', 0),
(139, 'Azimkhanov Rustem', '+7(707)644-33-22', 'rustem_azimkhanov@mail.ru', 'Test', 2, NULL, NULL, 0, 51, '0', '0', '2018-01-09 06:47:34', '2018-01-09 06:49:38', NULL, '', 0, 'Almaty', 0),
(140, 'Test', '+7(777)888-99-11', 'test@gmail.com', 'Abay 8', 2, NULL, NULL, 0, 52, '1', '0', '2018-01-23 08:41:34', '2018-01-23 08:42:40', NULL, '', 0, 'Almaty', 0),
(141, NULL, NULL, NULL, NULL, 1, NULL, 'EvxqojZ12ZWDXd47w31JfmD98seqLAQNi0WtXOhv', 0, NULL, '0', '0', '2018-01-27 06:37:02', '2018-01-27 06:37:02', NULL, '', 0, NULL, 0),
(142, 'dsrgvre', '+7(324)234-23-42', 'efwef@efe.ef', 'ewfwef', 2, NULL, NULL, 0, 54, '0', '0', '2018-01-28 13:20:20', '2018-01-28 13:21:14', NULL, '', 0, 'ewfwe', 0),
(143, NULL, NULL, NULL, NULL, 1, NULL, '5H8GpRWP945A9dooUcJoE9gyWQmsTCA2t5qSdU27', 0, NULL, '0', '0', '2018-01-28 20:15:17', '2018-01-28 20:15:17', NULL, '', 0, NULL, 0),
(144, 'sdfsd', '+7(123)456-78-97', 'ssW@ww.oo', 'asdas', 2, NULL, NULL, 0, 65, '0', '0', '2018-02-07 02:12:51', '2018-02-07 02:16:19', NULL, '', 0, 'asdas', 0),
(145, 'sdfsd', '+7(123)456-78-97', 'ssW@ww.oo', 'asdas', 2, NULL, NULL, 0, 65, '0', '0', '2018-02-07 02:17:49', '2018-02-07 02:18:10', NULL, '', 0, 'asdas', 0),
(146, 'sdfsd', '+7(123)456-78-97', 'ssW@ww.oo', 'asdas', 2, NULL, NULL, 0, 65, '0', '0', '2018-02-07 02:36:21', '2018-02-07 02:36:37', NULL, '', 0, 'asdas', 0),
(147, NULL, NULL, NULL, NULL, 1, NULL, NULL, 0, 65, '0', '0', '2018-02-07 02:37:12', '2018-02-07 02:37:12', NULL, '', 0, NULL, 0),
(148, 'admin@admin.com', '+7(707)294-00-16', 'admin@admin.com', 'ewr', 2, NULL, NULL, 0, 64, '0', '0', '2018-02-07 04:06:38', '2018-02-07 04:06:51', NULL, '', 0, 'almaty', 0),
(149, 'admin@admin.com', '+7(707)294-00-16', 'admin@admin.com', 'dfgdf', 2, NULL, NULL, 0, 27, '0', '0', '2018-02-07 04:07:21', '2018-02-07 04:07:38', NULL, '', 0, 'dfgdfg', 0),
(150, NULL, NULL, NULL, NULL, 1, NULL, NULL, 0, 27, '0', '0', '2018-02-08 01:20:42', '2018-02-08 01:20:42', NULL, '', 0, NULL, 0),
(151, 'куку', '777777777', '22@ww.ww', 'df sdf sdf sdf sdf', 2, NULL, NULL, 0, 64, NULL, NULL, '2018-02-08 05:32:30', '2018-02-10 14:00:04', NULL, '0', 0, NULL, 91),
(152, 'куку', '777777777', '22@ww.ww', 'df sdf sdf sdf sdf', 2, NULL, NULL, 0, 64, '1', '1', '2018-02-10 14:04:07', '2018-02-10 14:04:18', NULL, '0', 0, NULL, 3000),
(153, 'куку', '777777777', '22@ww.ww', 'df sdf sdf sdf sdf', 2, NULL, NULL, 0, 64, '1', '1', '2018-02-10 14:05:05', '2018-02-10 14:05:07', NULL, '0', 0, NULL, 3000),
(154, 'куку', '777777777', '22@ww.ww', 'df sdf sdf sdf sdf', 2, NULL, NULL, 0, 64, '1', '1', '2018-02-10 14:05:42', '2018-02-10 14:05:45', NULL, '0', 0, NULL, 3000),
(155, 'куку', '777777777', '22@ww.ww', 'df sdf sdf sdf sdf', 2, NULL, NULL, 0, 64, '1', '1', '2018-02-10 14:06:01', '2018-02-10 14:06:04', NULL, '0', 0, NULL, 3000),
(156, 'куку', '777777777', '22@ww.ww', 'df sdf sdf sdf sdf', 2, NULL, NULL, 0, 64, '1', '1', '2018-02-10 14:06:29', '2018-02-10 14:06:30', NULL, '0', 0, NULL, 3000),
(157, 'куку', '777777777', '22@ww.ww', 'df sdf sdf sdf sdf', 2, NULL, NULL, 0, 64, '1', '1', '2018-02-10 14:06:42', '2018-02-10 14:06:44', NULL, '0', 0, NULL, 3000),
(158, 'куку', '777777777', '22@ww.ww', 'df sdf sdf sdf sdf', 2, NULL, NULL, 0, 64, '1', '1', '2018-02-12 09:35:20', '2018-02-12 09:37:00', NULL, '0', 0, NULL, 3000),
(159, 'куку', '777777777', '22@ww.ww', 'df sdf sdf sdf sdf', 2, NULL, NULL, 0, 64, '0', '1', '2018-02-12 09:37:10', '2018-02-12 09:37:12', NULL, '0', 0, NULL, 3000),
(160, 'куку', '777777777', '22@ww.ww', 'df sdf sdf sdf sdf', 2, NULL, NULL, 0, 64, '0', '0', '2018-02-12 09:37:52', '2018-02-12 09:38:05', NULL, '0', 0, NULL, 0),
(161, 'куку', '777777777', '22@ww.ww', 'df sdf sdf sdf sdf', 2, NULL, NULL, 0, 64, '0', '0', '2018-02-12 09:39:40', '2018-02-12 09:39:43', NULL, '0', 0, NULL, 0),
(162, 'куку', '777777777', '22@ww.ww', 'df sdf sdf sdf sdf', 2, NULL, NULL, 0, 64, '0', '0', '2018-02-12 09:39:51', '2018-02-12 09:39:53', NULL, '0', 0, NULL, 0),
(163, 'куку', '777777777', '22@ww.ww', 'df sdf sdf sdf sdf', 2, NULL, NULL, 0, 64, '0', '0', '2018-02-12 09:40:18', '2018-02-12 09:43:05', NULL, '0', 0, NULL, 0),
(164, 'куку', '777777777', '22@ww.ww', 'df sdf sdf sdf sdf', 2, NULL, NULL, 0, 64, '0', '0', '2018-02-12 09:43:13', '2018-02-12 09:43:20', NULL, '0', 0, NULL, 0),
(165, 'куку', '777777777', '22@ww.ww', 'df sdf sdf sdf sdf', 2, NULL, NULL, 0, 64, '0', '0', '2018-02-12 09:44:03', '2018-02-12 09:44:04', NULL, '0', 0, NULL, 273),
(166, 'куку', '777777777', '22@ww.ww', 'df sdf sdf sdf sdf', 2, NULL, NULL, 0, 64, '0', '1', '2018-02-12 09:44:16', '2018-02-12 09:44:17', NULL, '0', 0, NULL, 3182);

-- --------------------------------------------------------

--
-- Структура таблицы `request_product`
--

CREATE TABLE `request_product` (
  `request_product_id` int(11) NOT NULL,
  `unit` int(11) NOT NULL DEFAULT '1' COMMENT 'Количество продуктов',
  `product_id` int(11) UNSIGNED DEFAULT NULL COMMENT 'Идентификатор продукта',
  `request_id` int(11) DEFAULT NULL,
  `price` int(11) DEFAULT NULL,
  `product_feature_desc` text,
  `product_size` varchar(255) DEFAULT NULL,
  `created_at` timestamp NULL DEFAULT NULL,
  `updated_at` timestamp NULL DEFAULT NULL,
  `deleted_at` timestamp NULL DEFAULT NULL
) ENGINE=InnoDB DEFAULT CHARSET=utf8;

--
-- Дамп данных таблицы `request_product`
--

INSERT INTO `request_product` (`request_product_id`, `unit`, `product_id`, `request_id`, `price`, `product_feature_desc`, `product_size`, `created_at`, `updated_at`, `deleted_at`) VALUES
(27, 1, 3, 9, 4800, 'ok', NULL, '2016-08-12 07:39:50', '2016-08-12 07:39:50', NULL),
(28, 3, 1, 9, 1200, 'ok', NULL, '2016-08-12 07:39:57', '2016-08-12 07:39:57', NULL),
(29, 5, 1, 10, 1200, 'ok', NULL, '2016-08-12 07:41:14', '2016-08-12 07:41:14', NULL),
(30, 6, 3, 10, 4800, 'ok', NULL, '2016-08-12 07:41:22', '2016-08-12 07:41:22', NULL),
(31, 8, 4, 11, 6600, 'ok', NULL, '2016-08-12 07:56:26', '2016-08-12 07:56:52', NULL),
(32, 2, 1, 11, 1200, 'ok', NULL, '2016-08-12 07:57:16', '2016-08-12 07:57:16', NULL),
(33, 4, 4, 12, 6600, 'ok', NULL, '2016-08-12 08:15:33', '2016-08-12 08:15:33', NULL),
(34, 4, 3, 13, 4800, 'ok', NULL, '2016-08-12 08:19:31', '2016-08-12 08:26:57', NULL),
(35, 1, 5, 13, 8000, 'ok', NULL, '2016-08-12 08:22:45', '2016-08-12 08:22:45', NULL),
(36, 14, 3, 14, 4800, 'ok', NULL, '2016-08-15 00:09:55', '2016-08-15 02:11:54', NULL),
(37, 7, 3, 15, 4800, 'ok', NULL, '2016-08-15 02:17:14', '2016-08-15 02:17:28', NULL),
(38, 14, 3, 16, 4800, 'ok', NULL, '2016-08-15 02:55:04', '2016-08-15 03:01:33', NULL),
(39, 3, 3, 17, 4800, 'ok', NULL, '2016-08-15 03:03:21', '2016-08-15 03:03:30', NULL),
(40, 2, 1, 18, 1200, 'ok', NULL, '2016-08-15 03:06:00', '2016-08-15 03:06:00', NULL),
(41, 8, 5, 19, 8000, 'ok', NULL, '2016-08-15 03:09:40', '2016-08-15 03:10:20', NULL),
(42, 1, 4, 20, 6600, 'ok', NULL, '2016-08-15 03:11:53', '2016-08-15 03:11:53', NULL),
(43, 4, 4, 21, 6600, 'ok', NULL, '2016-08-15 06:19:42', '2016-08-15 06:19:42', NULL),
(44, 5, 1, 21, 1200, 'ok', NULL, '2016-08-15 06:19:51', '2016-08-15 06:19:51', NULL),
(46, 1, 4, 22, 6600, 'ok', NULL, '2016-08-16 10:00:13', '2016-08-16 10:00:13', NULL),
(47, 1, 2, 23, 6700, 'ok', NULL, '2016-08-16 10:01:58', '2016-08-16 10:01:58', NULL),
(48, 5, 1, 23, 1200, 'ok', NULL, '2016-08-16 10:06:58', '2016-08-16 10:07:10', NULL),
(49, 8, 2, 24, 6700, 'ok', NULL, '2016-08-16 10:31:45', '2016-08-16 10:44:54', NULL),
(50, 4, 4, 25, 6600, 'ok', NULL, '2016-08-21 05:31:05', '2016-08-21 06:29:10', NULL),
(51, 6, 2, 26, 6700, 'ok', NULL, '2016-08-22 07:23:12', '2016-08-23 02:41:28', NULL),
(52, 3, 3, 25, 4800, 'ok', NULL, '2016-08-22 08:22:29', '2016-08-22 08:22:50', NULL),
(53, 1, 5, 27, 8000, 'ok', NULL, '2016-08-23 04:10:58', '2016-08-23 04:10:58', NULL),
(54, 4, 5, 30, 8000, 'ok', NULL, '2016-10-24 01:40:51', '2016-10-24 01:40:51', NULL),
(56, 1, 5, 33, 8000, 'ok', NULL, '2016-10-30 08:07:25', '2016-10-30 08:07:32', NULL),
(63, 1, 9, 36, 5000, 'ok', NULL, '2016-11-08 00:14:06', '2016-11-08 00:14:06', NULL),
(66, 1, 19, 34, 5000, 'ok', NULL, '2016-11-24 09:23:47', '2016-11-24 09:23:47', NULL),
(78, 1, 20, 35, 0, 'ok', NULL, '2016-11-24 10:09:13', '2016-11-24 10:09:13', NULL),
(79, 4, 19, 37, 5000, 'ok', NULL, '2016-11-24 10:32:16', '2016-11-24 10:32:22', NULL),
(80, 1, 19, 38, 5000, 'ok', NULL, '2016-11-28 23:12:48', '2016-11-28 23:12:48', NULL),
(81, 1, 19, 39, 5000, 'ok', 'XS', '2016-11-28 23:15:13', '2016-11-28 23:15:13', NULL),
(82, 1, 19, 40, 5000, 'ok', 'XS', '2016-11-28 23:16:23', '2016-11-28 23:16:23', NULL),
(83, 2, 19, 41, 5000, 'ok', 'XS', '2016-11-28 23:22:34', '2016-11-28 23:22:38', NULL),
(84, 1, 21, 42, 685555, 'ok', '23', '2016-11-28 23:26:20', '2016-11-28 23:26:20', NULL),
(85, 1, 27, 43, 5335, 'ok', '23', '2016-12-01 02:57:47', '2016-12-01 02:57:47', NULL),
(86, 2, 25, 44, 434433, 'ok', 'Выберите размер', '2017-03-16 07:24:18', '2017-03-16 07:24:18', NULL),
(87, 1, 26, 45, 42000, 'ok', '23', '2017-03-26 07:13:44', '2017-03-26 07:13:59', NULL),
(88, 1, 25, 45, 434433, 'ok', '23', '2017-03-26 07:24:57', '2017-03-26 07:24:57', NULL),
(89, 1, 24, 45, 454545, 'ok', '23', '2017-03-26 07:25:19', '2017-03-26 07:25:19', NULL),
(90, 1, 25, 46, 434433, 'ok', 'S', '2017-04-17 07:42:50', '2017-04-17 07:42:50', NULL),
(91, 1, 27, 47, 5335, 'ok', 'Выберите размер', '2017-04-18 04:54:37', '2017-04-18 04:54:37', NULL),
(92, 1, 24, 48, 454545, 'ok', 'S', '2017-04-18 10:05:26', '2017-04-18 10:05:26', NULL),
(93, 1, 25, 48, 434433, 'ok', 'S', '2017-04-18 10:15:38', '2017-04-18 10:15:38', NULL),
(94, 1, 25, 49, 434433, 'ok', '32', '2017-08-07 09:54:16', '2017-08-07 09:54:28', NULL),
(96, 1, 30, 32, 58990, 'ok', '23', '2017-08-09 10:12:16', '2017-08-09 10:12:16', NULL),
(97, 1, 30, 50, 58990, 'ok', 'Выберите размер', '2017-08-10 05:55:55', '2017-08-10 05:55:55', NULL),
(98, 1, 30, 51, 58990, 'ok', '44', '2017-08-10 07:43:20', '2017-08-10 07:43:20', NULL),
(99, 2, 25, 52, 434433, 'ok', '23', '2017-08-10 07:44:29', '2017-08-10 07:44:29', NULL),
(101, 1, 36, 54, 22500, 'ok', '', '2017-09-01 01:28:33', '2017-09-01 01:28:33', NULL),
(102, 2, 36, 53, 22500, 'ok', '', '2017-09-01 02:29:24', '2017-09-01 04:04:25', NULL),
(103, 1, 37, 55, 62000, 'ok', '', '2017-09-01 04:25:25', '2017-09-01 04:25:25', NULL),
(104, 1, 36, 56, 22500, 'ok', '', '2017-09-01 04:28:23', '2017-09-01 04:28:23', NULL),
(105, 1, 36, 57, 22500, 'ok', '', '2017-09-01 04:29:08', '2017-09-01 04:29:08', NULL),
(106, 1, 36, 58, 22500, 'ok', '', '2017-09-01 04:30:17', '2017-09-01 04:30:17', NULL),
(107, 1, 37, 59, 62000, 'ok', '', '2017-09-01 04:43:37', '2017-09-01 04:43:37', NULL),
(110, 1, 36, 61, 22500, 'ok', '', '2017-09-01 09:09:59', '2017-09-01 09:09:59', NULL),
(111, 1, 36, 62, 22500, 'ok', '', '2017-09-01 09:16:34', '2017-09-01 09:16:34', NULL),
(114, 5, 42, 63, 2890, 'ok', '40', '2017-09-01 18:23:33', '2017-09-01 18:23:42', NULL),
(115, 1, 42, 64, 2890, 'ok', '48', '2017-09-02 02:10:13', '2017-09-02 02:10:13', NULL),
(116, 1, 42, 65, 2890, 'ok', '44', '2017-09-02 15:26:41', '2017-09-02 15:26:41', NULL),
(117, 1, 42, 66, 2890, 'ok', '40', '2017-09-04 05:51:18', '2017-09-04 05:51:18', NULL),
(118, 1, 42, 67, 2890, 'ok', '44', '2017-09-04 05:59:01', '2017-09-04 05:59:01', NULL),
(121, 1, 42, 69, 2890, 'ok', '44', '2017-09-06 03:13:09', '2017-09-06 03:13:09', NULL),
(122, 1, 43, 70, 21000, 'ok', '46', '2017-09-06 03:18:00', '2017-09-06 03:20:52', NULL),
(123, 1, 42, 70, 2890, 'ok', '46', '2017-09-06 03:18:44', '2017-09-06 03:18:44', NULL),
(124, 1, 43, 71, 21000, 'ok', '44', '2017-09-06 03:24:22', '2017-09-06 03:24:22', NULL),
(125, 1, 43, 72, 21000, 'ok', '46', '2017-09-06 03:24:53', '2017-09-06 03:24:53', NULL),
(126, 1, 42, 73, 2890, 'ok', '40', '2017-09-06 03:28:21', '2017-09-06 03:28:21', NULL),
(127, 1, 43, 74, 21000, 'ok', '44', '2017-09-06 03:29:01', '2017-09-06 03:29:01', NULL),
(128, 1, 45, 75, 42000, 'ok', '50', '2017-09-06 04:24:38', '2017-09-06 04:24:38', NULL),
(129, 1, 45, 76, 42000, 'ok', '40', '2017-09-06 04:27:16', '2017-09-06 04:27:16', NULL),
(130, 1, 43, 76, 21000, 'ok', '40', '2017-09-06 04:27:25', '2017-09-06 04:27:25', NULL),
(138, 2, 44, 78, 35000, 'ok', '44', '2017-09-09 03:40:41', '2017-09-09 03:42:51', NULL),
(139, 1, 44, 78, 35000, 'ok', '42', '2017-09-09 03:42:34', '2017-09-09 03:42:34', NULL),
(140, 2, 44, 78, 35000, 'ok', '42', '2017-09-09 03:46:02', '2017-09-09 03:46:02', NULL),
(141, 2, 42, 68, 2890, 'ok', '40', '2017-09-09 03:48:10', '2017-09-09 03:48:10', NULL),
(142, 2, 45, 79, 42000, 'ok', '48', '2017-09-09 03:51:08', '2017-09-09 03:51:08', NULL),
(143, 2, 44, 80, 35000, 'ok', '44', '2017-09-09 03:52:37', '2017-09-09 03:52:40', NULL),
(144, 2, 42, 81, 2890, 'ok', '42', '2017-09-09 03:54:04', '2017-09-09 03:54:04', NULL),
(145, 1, 45, 82, 42000, 'ok', '48', '2017-09-09 03:58:52', '2017-09-09 03:58:52', NULL),
(146, 1, 44, 82, 35000, 'ok', '40', '2017-09-09 04:11:52', '2017-09-09 04:11:52', NULL),
(149, 2, 42, 84, 2890, 'ok', '42', '2017-09-09 04:23:24', '2017-09-09 04:23:24', NULL),
(150, 1, 42, 85, 2890, 'ok', '40', '2017-09-09 04:26:13', '2017-09-09 04:26:13', NULL),
(151, 2, 44, 86, 35000, 'ok', '40', '2017-09-09 05:14:28', '2017-09-09 05:14:28', NULL),
(153, 1, 42, 87, 2890, 'ok', '42', '2017-09-10 05:12:52', '2017-09-10 05:12:52', NULL),
(154, 1, 42, 87, 2890, 'ok', '40', '2017-09-10 05:22:23', '2017-09-10 05:22:23', NULL),
(158, 1, 42, 77, 2890, 'ok', '46', '2017-09-11 09:13:13', '2017-09-11 09:13:13', NULL),
(159, 1, 42, 77, 2890, 'ok', '46', '2017-09-11 09:13:15', '2017-09-11 09:13:15', NULL),
(160, 1, 43, 89, 21000, 'ok', '40', '2017-09-11 09:23:39', '2017-09-11 09:23:39', NULL),
(161, 1, 43, 89, 21000, 'ok', '44', '2017-09-11 09:23:41', '2017-09-11 09:23:41', NULL),
(162, 2, 45, 90, 42000, 'ok', '40', '2017-09-14 00:54:21', '2017-09-14 00:54:21', NULL),
(163, 2, 42, 90, 2890, 'ok', '40', '2017-09-14 00:55:29', '2017-09-14 00:55:29', NULL),
(164, 2, 45, 91, 42000, 'ok', '40', '2017-09-14 16:50:32', '2017-09-14 16:50:32', NULL),
(165, 1, 45, 92, 42000, 'ok', '48', '2017-09-20 12:32:34', '2017-09-20 12:32:34', NULL),
(166, 1, 45, 88, 42000, 'ok', '60', '2017-09-20 15:23:23', '2017-09-20 15:23:23', NULL),
(169, 1, 42, 94, 2890, 'ok', '44', '2017-09-20 15:30:47', '2017-09-20 15:30:47', NULL),
(170, 1, 42, 95, 2890, 'ok', '44', '2017-09-20 15:33:30', '2017-09-20 15:33:30', NULL),
(171, 1, 42, 95, 2890, 'ok', '42', '2017-09-20 15:34:00', '2017-09-20 15:34:00', NULL),
(177, 1, 42, 100, 2890, 'ok', '46', '2017-09-29 01:37:35', '2017-09-29 01:37:35', NULL),
(195, 1, 42, 97, 2890, 'ok', '40', '2017-09-29 04:34:56', '2017-09-29 04:34:56', NULL),
(197, 1, 42, 101, 2890, 'ok', '40', '2017-09-29 04:39:56', '2017-09-29 04:39:56', NULL),
(199, 1, 42, 102, 2890, 'ok', '40', '2017-09-29 05:08:04', '2017-09-29 05:08:04', NULL),
(201, 1, 42, 104, 2890, 'ok', '40', '2017-10-02 03:26:06', '2017-10-02 03:26:06', NULL),
(207, 1, 42, 106, 2890, 'ok', '40', '2017-10-06 00:50:44', '2017-10-06 00:50:44', NULL),
(208, 1, 42, 107, 2890, 'ok', '40', '2017-10-11 03:22:48', '2017-10-11 03:22:48', NULL),
(209, 1, 42, 108, 2890, 'ok', '44', '2017-12-14 01:37:47', '2017-12-14 01:38:38', NULL),
(210, 1, 42, 109, 2890, 'ok', '40', '2017-12-14 01:42:22', '2017-12-14 01:42:22', NULL),
(211, 1, 42, 110, 2890, 'ok', '40', '2017-12-14 01:45:03', '2017-12-14 01:45:03', NULL),
(212, 1, 42, 111, 2890, 'ok', '40', '2017-12-14 01:47:28', '2017-12-14 01:47:28', NULL),
(214, 1, 42, 112, 2890, 'ok', '48', '2017-12-14 05:38:05', '2017-12-14 05:38:05', NULL),
(215, 1, 42, 113, 2890, 'ok', '40', '2017-12-14 09:54:07', '2017-12-14 09:54:07', NULL),
(216, 3, 42, 114, 2890, 'ok', '40', '2017-12-14 10:25:20', '2017-12-14 10:34:29', NULL),
(217, 1, 42, 98, 2890, 'ok', '60', '2017-12-19 13:19:34', '2017-12-19 13:19:34', NULL),
(218, 1, 42, 116, 2890, 'ok', '44', '2017-12-21 17:02:46', '2017-12-21 17:03:47', NULL),
(219, 1, 42, 117, 2890, 'ok', '42', '2017-12-24 07:36:32', '2017-12-24 07:36:32', NULL),
(220, 1, 42, 118, 2890, 'ok', '40', '2017-12-24 07:39:31', '2017-12-24 07:39:31', NULL),
(221, 1, 42, 119, 2890, 'ok', '40', '2017-12-24 08:45:17', '2017-12-24 08:45:17', NULL),
(222, 1, 42, 120, 2890, 'ok', '40', '2017-12-24 08:47:35', '2017-12-24 08:47:35', NULL),
(223, 1, 42, 121, 2890, 'ok', '40', '2017-12-24 08:49:45', '2017-12-24 08:49:45', NULL),
(224, 1, 42, 122, 2890, 'ok', '40', '2017-12-24 08:52:11', '2017-12-24 08:52:11', NULL),
(225, 1, 45, 123, 100, 'ok', '48', '2017-12-24 09:21:16', '2017-12-24 09:21:16', NULL),
(226, 1, 45, 124, 100, 'ok', '40', '2017-12-24 09:28:04', '2017-12-24 09:28:04', NULL),
(227, 1, 42, 127, 2890, 'ok', '40', '2017-12-25 04:07:05', '2017-12-25 04:07:05', NULL),
(228, 1, 42, 125, 2890, 'ok', '42', '2017-12-25 06:07:19', '2017-12-25 06:07:19', NULL),
(229, 1, 46, 129, 10, 'ok', '40', '2017-12-25 07:23:42', '2017-12-25 07:23:48', NULL),
(230, 1, 46, 130, 10, 'ok', '48', '2017-12-25 13:11:02', '2017-12-25 13:11:02', NULL),
(231, 1, 46, 131, 10, 'ok', '48', '2017-12-25 13:27:30', '2017-12-25 13:27:30', NULL),
(232, 1, 47, 115, 12000, 'ok', '40', '2017-12-25 15:13:26', '2017-12-25 15:13:26', NULL),
(233, 1, 46, 132, 10, 'ok', '46', '2017-12-28 04:29:31', '2017-12-28 04:29:31', NULL),
(234, 1, 46, 132, 10, 'ok', '58', '2017-12-28 04:29:35', '2017-12-28 04:29:35', NULL),
(235, 3, 46, 132, 10, 'ok', '58', '2017-12-28 04:29:38', '2017-12-28 04:29:38', NULL),
(240, 1, 47, 134, 12000, 'ok', '40', '2017-12-28 05:40:45', '2017-12-28 05:40:45', NULL),
(241, 1, 47, 134, 12000, 'ok', '42', '2017-12-28 05:40:50', '2017-12-28 05:40:50', NULL),
(242, 3, 47, 134, 12000, 'ok', '50', '2017-12-28 05:40:54', '2017-12-28 05:40:54', NULL),
(249, 1, 46, 135, 10, 'ok', '40', '2018-01-05 05:21:36', '2018-01-05 05:21:36', NULL),
(250, 1, 45, 137, 100, 'ok', '40', '2018-01-09 04:36:29', '2018-01-09 04:36:29', NULL),
(251, 1, 46, 133, 10, 'ok', '40', '2018-01-09 06:20:42', '2018-01-09 06:20:42', NULL),
(252, 2, 46, 138, 10, 'ok', '40', '2018-01-09 06:24:17', '2018-01-09 06:24:17', NULL),
(254, 1, 45, 139, 100, 'ok', '48', '2018-01-09 06:49:08', '2018-01-09 06:49:08', NULL),
(255, 1, 42, 136, 2890, 'ok', '40', '2018-01-23 04:07:58', '2018-01-23 04:07:58', NULL),
(256, 1, 42, 140, 2890, 'ok', '40', '2018-01-23 08:41:34', '2018-01-23 08:41:34', NULL),
(258, 2, 45, 141, 100, 'ok', '40', '2018-01-27 16:47:45', '2018-01-27 16:47:54', NULL),
(259, 1, 45, 142, 100, 'ok', '40', '2018-01-28 13:20:46', '2018-01-28 13:20:46', NULL),
(260, 1, 45, 143, 100, 'ok', '40', '2018-01-28 20:15:17', '2018-01-28 20:15:17', NULL),
(261, 1, 42, 144, 2890, 'ok', '40', '2018-02-07 02:14:37', '2018-02-07 02:14:37', NULL),
(262, 1, 42, 145, 2890, 'ok', '40', '2018-02-07 02:17:49', '2018-02-07 02:17:49', NULL),
(263, 1, 42, 145, 2890, 'ok', '40', '2018-02-07 02:17:50', '2018-02-07 02:17:50', NULL),
(264, 1, 42, 145, 2890, 'ok', '40', '2018-02-07 02:17:51', '2018-02-07 02:17:51', NULL),
(265, 1, 42, 145, 2890, 'ok', '40', '2018-02-07 02:17:51', '2018-02-07 02:17:51', NULL),
(266, 8, 42, 146, 2890, 'ok', '44', '2018-02-07 02:36:21', '2018-02-07 02:36:27', NULL),
(267, 3, 42, 147, 2890, 'ok', '40', '2018-02-07 02:37:12', '2018-02-07 02:37:40', NULL),
(268, 4, 42, 147, 2890, 'ok', '42', '2018-02-07 02:37:14', '2018-02-07 02:37:14', NULL),
(269, 7, 42, 147, 2890, 'ok', '44', '2018-02-07 02:37:17', '2018-02-07 02:37:17', NULL),
(270, 7, 42, 147, 2890, 'ok', '48', '2018-02-07 02:37:19', '2018-02-07 02:37:19', NULL),
(271, 7, 42, 147, 2890, 'ok', '48', '2018-02-07 02:37:19', '2018-02-07 02:37:19', NULL),
(272, 10, 42, 147, 2890, 'ok', '60', '2018-02-07 02:37:22', '2018-02-07 02:37:22', NULL),
(273, 3, 42, 148, 2890, 'ok', '42', '2018-02-07 04:06:38', '2018-02-07 04:06:38', NULL),
(274, 4, 42, 149, 2890, 'ok', '44', '2018-02-07 04:07:21', '2018-02-07 04:07:21', NULL),
(276, 1, 42, 150, 2890, 'ok', '60', '2018-02-08 01:20:42', '2018-02-08 01:20:42', NULL),
(289, 1, 45, 64, 100, 'ok', '60', '2018-02-08 05:28:34', '2018-02-08 05:28:34', NULL),
(290, 1, 45, 64, 100, 'ok', '60', '2018-02-08 05:29:54', '2018-02-08 05:29:54', NULL),
(291, 1, 45, 64, 100, 'ok', '60', '2018-02-08 05:29:55', '2018-02-08 05:29:55', NULL),
(292, 1, 45, 64, 100, 'ok', '60', '2018-02-08 05:30:51', '2018-02-08 05:30:51', NULL),
(293, 1, 45, 64, 100, 'ok', '60', '2018-02-08 05:31:55', '2018-02-08 05:31:55', NULL),
(295, 1, 45, 151, 100, 'ok', '60', '2018-02-08 05:32:38', '2018-02-08 05:51:22', NULL),
(296, 1, 45, 152, 100, 'ok', '60', '2018-02-10 14:04:07', '2018-02-10 14:04:07', NULL),
(297, 1, 45, 153, 100, 'ok', '60', '2018-02-10 14:05:05', '2018-02-10 14:05:05', NULL),
(298, 1, 45, 154, 100, 'ok', '60', '2018-02-10 14:05:42', '2018-02-10 14:05:42', NULL),
(299, 1, 45, 155, 100, 'ok', '60', '2018-02-10 14:06:01', '2018-02-10 14:06:01', NULL),
(300, 1, 45, 156, 100, 'ok', '60', '2018-02-10 14:06:29', '2018-02-10 14:06:29', NULL),
(301, 1, 45, 157, 100, 'ok', '60', '2018-02-10 14:06:42', '2018-02-10 14:06:42', NULL),
(303, 3, 45, 158, 100, 'ok', '60', '2018-02-12 09:35:33', '2018-02-12 09:35:33', NULL),
(304, 3, 45, 159, 100, 'ok', '60', '2018-02-12 09:37:10', '2018-02-12 09:37:10', NULL),
(305, 3, 45, 160, 100, 'ok', '60', '2018-02-12 09:37:52', '2018-02-12 09:37:52', NULL),
(306, 3, 45, 161, 100, 'ok', '60', '2018-02-12 09:39:40', '2018-02-12 09:39:40', NULL),
(307, 3, 45, 162, 100, 'ok', '60', '2018-02-12 09:39:51', '2018-02-12 09:39:51', NULL),
(308, 3, 45, 163, 100, 'ok', '60', '2018-02-12 09:40:18', '2018-02-12 09:40:18', NULL),
(309, 3, 45, 163, 100, 'ok', '60', '2018-02-12 09:40:48', '2018-02-12 09:40:48', NULL),
(310, 3, 45, 163, 100, 'ok', '60', '2018-02-12 09:40:48', '2018-02-12 09:40:48', NULL),
(311, 3, 45, 163, 100, 'ok', '60', '2018-02-12 09:40:49', '2018-02-12 09:40:49', NULL),
(312, 3, 45, 164, 100, 'ok', '60', '2018-02-12 09:43:13', '2018-02-12 09:43:13', NULL),
(313, 3, 45, 165, 100, 'ok', '60', '2018-02-12 09:44:03', '2018-02-12 09:44:03', NULL),
(314, 2, 45, 166, 100, 'ok', '60', '2018-02-12 09:44:16', '2018-02-12 09:44:16', NULL);

-- --------------------------------------------------------

--
-- Структура таблицы `role`
--

CREATE TABLE `role` (
  `role_id` int(10) UNSIGNED NOT NULL,
  `role_name` varchar(50) COLLATE utf8_unicode_ci NOT NULL,
  `created_at` timestamp NULL DEFAULT NULL,
  `updated_at` timestamp NULL DEFAULT NULL,
  `deleted_at` timestamp NULL DEFAULT NULL,
  `role_code` varchar(200) COLLATE utf8_unicode_ci NOT NULL
) ENGINE=InnoDB DEFAULT CHARSET=utf8 COLLATE=utf8_unicode_ci;

--
-- Дамп данных таблицы `role`
--

INSERT INTO `role` (`role_id`, `role_name`, `created_at`, `updated_at`, `deleted_at`, `role_code`) VALUES
(1, 'Администратор', NULL, NULL, NULL, 'admin'),
(2, 'Клиент', NULL, NULL, NULL, 'client');

-- --------------------------------------------------------

--
-- Структура таблицы `size`
--

CREATE TABLE `size` (
  `id` int(11) NOT NULL,
  `size_name_title` varchar(255) NOT NULL,
  `size_type_id` int(11) NOT NULL,
  `size_name_id` varchar(255) NOT NULL,
  `unique_size` text NOT NULL
) ENGINE=InnoDB DEFAULT CHARSET=utf8;

--
-- Дамп данных таблицы `size`
--

INSERT INTO `size` (`id`, `size_name_title`, `size_type_id`, `size_name_id`, `unique_size`) VALUES
(624, '1', 1, '40', '40'),
(625, '1', 2, 'XXS', '40'),
(626, '1', 3, '38', '40'),
(627, '1', 4, '32', '40'),
(628, '1', 1, '42', '42'),
(629, '1', 2, 'XS', '42'),
(630, '1', 3, '40', '42'),
(631, '1', 4, '34', '42'),
(640, '1', 1, '48', '48'),
(641, '1', 2, 'L', '48'),
(642, '1', 3, '46', '48'),
(643, '1', 4, '40', '48'),
(644, '1', 1, '50', '50'),
(645, '1', 2, 'XL', '50'),
(646, '1', 3, '48', '50'),
(647, '1', 4, '42', '50'),
(648, '1', 1, '52', '52'),
(649, '1', 2, '2XL', '52'),
(650, '1', 3, '50', '52'),
(651, '1', 4, '44', '52'),
(660, '1', 1, '58', '58'),
(661, '1', 2, '5XL', '58'),
(662, '1', 3, '56', '58'),
(663, '1', 4, '50', '58'),
(699, '1', 1, '60', '60'),
(700, '1', 2, '6XL', '60'),
(701, '1', 3, '58', '60'),
(702, '1', 4, '52', '60'),
(703, '2', 1, '35', '35'),
(704, '2', 6, '4/5', '35'),
(705, '2', 7, '22,5', '35'),
(706, '2', 1, '35/5', '35/5'),
(707, '2', 6, '5', '35/5'),
(708, '2', 7, '23', '35/5'),
(709, '2', 1, '36', '36'),
(710, '2', 6, '5/5', '36'),
(711, '2', 7, '23/5', '36'),
(712, '2', 1, '36/5', '36/5'),
(713, '2', 6, '6', '36/5'),
(714, '2', 7, '24', '36/5'),
(718, '2', 1, '37', '37'),
(719, '2', 6, '6/5', '37'),
(720, '2', 7, '24/5', '37'),
(721, '2', 1, '37/5', '37/5'),
(722, '2', 6, '7', '37/5'),
(723, '2', 7, '25', '37/5'),
(724, '2', 1, '38', '38'),
(725, '2', 6, '7/5', '38'),
(726, '2', 7, '25/5', '38'),
(727, '2', 1, '38/5', '38/5'),
(728, '2', 6, '8', '38/5'),
(729, '2', 7, '26', '38/5'),
(730, '2', 1, '39', '39'),
(731, '2', 6, '8/5', '39'),
(732, '2', 7, '26/5', '39'),
(733, '2', 1, '39/5', '39/5'),
(734, '2', 6, '9', '39/5'),
(735, '2', 7, '27', '39/5'),
(736, '2', 1, '40', '40'),
(737, '2', 6, '9/5', '40'),
(738, '2', 7, '27/5', '40'),
(739, '3', 1, '39', '39'),
(740, '3', 7, '25', '39'),
(741, '3', 1, '39/5', '39/5'),
(742, '3', 7, '25/5', '39/5'),
(743, '3', 1, '40', '40'),
(744, '3', 7, '26', '40'),
(745, '3', 1, '40/5', '40/5'),
(746, '3', 7, '26/5', '40/5'),
(747, '3', 1, '41', '41'),
(748, '3', 7, '27', '41'),
(749, '3', 1, '41/5', '41/5'),
(750, '3', 7, '27/5', '41/5'),
(751, '3', 1, '42', '42'),
(752, '3', 7, '28', '42'),
(753, '3', 1, '42/5', '42/5'),
(754, '3', 7, '28/5', '42/5'),
(755, '3', 1, '43', '43'),
(756, '3', 7, '29', '43'),
(757, '3', 1, '43/5', '43/5'),
(758, '3', 7, '29/5', '43/5'),
(761, '4', 1, '42', '42'),
(762, '4', 2, 'XS', '42'),
(763, '4', 3, '25', '42'),
(764, '4', 4, '34', '42'),
(773, '4', 1, '48', '48'),
(774, '4', 2, 'L', '48'),
(775, '4', 3, '28', '48'),
(776, '4', 4, '40', '48'),
(777, '4', 1, '50', '50'),
(778, '4', 2, 'XL', '50'),
(779, '4', 3, '29', '50'),
(780, '4', 4, '42', '50'),
(781, '4', 1, '52', '52'),
(782, '4', 2, '2XL', '52'),
(783, '4', 3, '30', '52'),
(784, '4', 4, '44', '52'),
(785, '4', 1, '54', '54'),
(786, '4', 2, '3XL', '54'),
(787, '4', 3, '31', '54'),
(788, '4', 4, '46', '54'),
(789, '4', 1, '56', '56'),
(790, '4', 2, '4XL', '56'),
(791, '4', 3, '32', '56'),
(792, '4', 4, '48', '56'),
(805, '5', 1, '46/48', '46/48'),
(806, '5', 15, '31/30', '46/48'),
(807, '5', 16, '31/32', '46/48'),
(808, '5', 17, '31/34', '46/48'),
(813, '19', 1, '44', '44'),
(814, '19', 15, '28/30', '44'),
(815, '19', 16, '28/32', '44'),
(816, '19', 17, '28/34', '44'),
(817, '19', 1, '44-46', '44-46'),
(818, '19', 15, '29/30', '44-46'),
(819, '19', 16, '29/32', '44-46'),
(820, '19', 17, '29/34', '44-46'),
(821, '19', 1, '46', '46'),
(822, '19', 15, '30/30', '46'),
(823, '19', 16, '30/32', '46'),
(824, '19', 17, '30/34', '46'),
(825, '19', 1, '46-48', '46-48'),
(826, '19', 15, '31/30', '46-48'),
(827, '19', 16, '31/32', '46-48'),
(828, '19', 17, '31/34', '46-48'),
(829, '19', 1, '48', '48'),
(830, '19', 15, '32/30', '48'),
(831, '19', 16, '32/32', '48'),
(832, '19', 17, '32/34', '48'),
(833, '19', 1, '50', '50'),
(834, '19', 15, '34/30', '50'),
(835, '19', 16, '34/32', '50'),
(836, '19', 17, '34/34', '50'),
(837, '19', 1, '50-52', '50-52'),
(838, '19', 15, '35/30', '50-52'),
(839, '19', 16, '35/32', '50-52'),
(840, '19', 17, '35/34', '50-52'),
(841, '19', 1, '52', '52'),
(842, '19', 15, '36/30', '52'),
(843, '19', 16, '36/32', '52'),
(844, '19', 17, '36/34', '52'),
(845, '19', 1, '54', '54'),
(846, '19', 15, '38/30', '54'),
(847, '19', 16, '38/32', '54'),
(848, '19', 17, '38/34', '54'),
(849, '19', 1, '56', '56'),
(850, '19', 15, '40/30', '56'),
(851, '19', 16, '40/32', '56'),
(852, '19', 17, '40/34', '56'),
(853, '19', 1, '58', '58'),
(854, '19', 15, '42/30', '58'),
(855, '19', 16, '42/32', '58'),
(856, '19', 17, '42/34', '58'),
(857, '19', 1, '60', '60'),
(858, '19', 15, '44/30', '60'),
(859, '19', 16, '44/32', '60'),
(860, '19', 17, '44/34', '60'),
(861, '19', 1, '62', '62'),
(862, '19', 15, '46/30', '62'),
(863, '19', 16, '46/32', '62'),
(864, '19', 17, '46/34', '62'),
(865, '19', 1, '64', '64'),
(866, '19', 15, '48/30', '64'),
(867, '19', 16, '48/32', '64'),
(868, '19', 17, '48/34', '64'),
(869, '7', 1, '42/44', '42/44'),
(870, '7', 2, 'XS', '42/44'),
(895, '8', 1, '46', '46'),
(896, '8', 15, '23', '46'),
(897, '8', 16, '46', '46'),
(898, '8', 17, '90', '46'),
(899, '8', 21, '23/5', '46'),
(900, '8', 22, '46/5', '46'),
(901, '8', 1, '48', '48'),
(902, '8', 15, '24', '48'),
(903, '8', 16, '48', '48'),
(904, '8', 17, '94', '48'),
(905, '8', 21, '24/5', '48'),
(906, '8', 22, '48/5', '48'),
(907, '8', 1, '50', '50'),
(908, '8', 15, '25', '50'),
(909, '8', 16, '50', '50'),
(910, '8', 17, '94', '50'),
(911, '8', 21, '25/5', '50'),
(912, '8', 22, '50/5', '50'),
(913, '8', 1, '52', '52'),
(914, '8', 15, '26', '52'),
(915, '8', 16, '52', '52'),
(916, '8', 17, '102', '52'),
(917, '8', 21, '26/5', '52'),
(918, '8', 22, '52/5', '52'),
(919, '8', 1, '54', '54'),
(920, '8', 15, '27', '54'),
(921, '8', 16, '54', '54'),
(922, '8', 17, '106', '54'),
(923, '8', 21, '24/5', '54'),
(924, '8', 22, '54/5', '54'),
(925, '8', 1, '56', '56'),
(926, '8', 15, '28', '56'),
(927, '8', 16, '56', '56'),
(928, '8', 17, '110', '56'),
(929, '8', 21, '28/5', '56'),
(930, '8', 22, '56/5', '56'),
(931, '8', 1, '58', '58'),
(932, '8', 15, '29', '58'),
(933, '8', 16, '58', '58'),
(934, '8', 17, '114', '58'),
(935, '8', 21, '29/5', '58'),
(936, '8', 22, '58/5', '58'),
(937, '8', 1, '60', '60'),
(938, '8', 15, '30', '60'),
(939, '8', 16, '60', '60'),
(940, '8', 17, '118', '60'),
(941, '8', 21, '30/5', '60'),
(942, '8', 22, '60/5', '60'),
(943, '8', 1, '62', '62'),
(944, '8', 15, '31', '62'),
(945, '8', 16, '62', '62'),
(946, '8', 17, '122', '62'),
(947, '8', 21, '31/5', '62'),
(948, '8', 22, '', '62'),
(949, '8', 1, '64', '64'),
(950, '8', 15, '32', '64'),
(951, '8', 16, '64', '64'),
(952, '8', 17, '', '64'),
(953, '8', 21, '32/5', '64'),
(954, '8', 22, '', '64'),
(955, '20', 1, '42-44', '42-44'),
(956, '20', 2, 'XS', '42-44'),
(957, '20', 1, '44-46', '44-46'),
(958, '20', 2, 'S', '44-46'),
(959, '20', 1, '48', '48'),
(960, '20', 2, 'M', '48'),
(961, '20', 1, '50', '50'),
(962, '20', 2, 'L', '50'),
(963, '20', 1, '52-54', '52-54'),
(964, '20', 2, 'XL', '52-54'),
(965, '20', 1, '56-58', '56-58'),
(966, '20', 2, '2XL', '56-58'),
(967, '20', 1, '60', '60'),
(968, '20', 2, '3XL', '60'),
(969, '20', 1, '62', '62'),
(970, '20', 2, '4XL', '62'),
(971, '20', 1, '64', '64'),
(972, '20', 2, '5XL', '64'),
(973, '20', 1, '66', '66'),
(974, '20', 2, '6XL', '66'),
(975, '9', 1, '44', '44'),
(976, '9', 2, 'XS', '44'),
(977, '9', 15, '', '44'),
(978, '9', 1, '46', '46'),
(979, '9', 2, 'S', '46'),
(980, '9', 15, '23', '46'),
(981, '9', 1, '48', '48'),
(982, '9', 2, 'M', '48'),
(983, '9', 15, '24', '48'),
(984, '9', 1, '50', '50'),
(985, '9', 2, 'L', '50'),
(986, '9', 15, '25', '50'),
(987, '9', 1, '52', '52'),
(988, '9', 2, 'XL', '52'),
(989, '9', 15, '26', '52'),
(990, '9', 1, '54', '54'),
(991, '9', 2, 'XL', '54'),
(992, '9', 15, '27', '54'),
(993, '9', 1, '56', '56'),
(994, '9', 2, '2XL', '56'),
(995, '9', 15, '28', '56'),
(996, '9', 1, '58', '58'),
(997, '9', 2, '2XL', '58'),
(998, '9', 15, '29', '58'),
(999, '9', 1, '60', '60'),
(1000, '9', 2, '3XL', '60'),
(1001, '9', 15, '30', '60'),
(1002, '9', 1, '62', '62'),
(1003, '9', 2, '4XL', '62'),
(1004, '9', 15, '', '62'),
(1005, '9', 1, '64', '64'),
(1006, '9', 2, '5XL', '64'),
(1007, '9', 15, '', '64'),
(1008, '9', 1, '66', '66'),
(1009, '9', 2, '6XL', '66'),
(1010, '9', 15, '', '66'),
(1011, '1', 1, '123', '123'),
(1012, '1', 2, 'xl', '123'),
(1013, '1', 3, '32', '123'),
(1014, '1', 4, '', '123');

-- --------------------------------------------------------

--
-- Структура таблицы `size_name`
--

CREATE TABLE `size_name` (
  `id` int(10) UNSIGNED NOT NULL,
  `title` varchar(255) COLLATE utf8_unicode_ci NOT NULL
) ENGINE=InnoDB DEFAULT CHARSET=utf8 COLLATE=utf8_unicode_ci;

--
-- Дамп данных таблицы `size_name`
--

INSERT INTO `size_name` (`id`, `title`) VALUES
(1, 'Одежда / Женский размер'),
(2, 'Обувь / Женский размер'),
(3, 'Обувь / Мужской размер'),
(4, 'Джинсы / Женский'),
(5, 'ОШИБКА'),
(7, 'ОШИБКА'),
(8, 'Мужские - Костюмы и классические брюки'),
(9, 'Мужские - Куртки'),
(10, 'Мужские Рубашки / Modern fit, regular fit'),
(11, 'Мужские Рубашки / Modern fit city'),
(12, 'Мужские Рубашки / Slim fit'),
(13, 'Мужские Рубашки / Body fit'),
(14, 'Мужские перчатки'),
(15, 'Мужские головные уборы / Женские головные уборы'),
(16, 'Женские перчатки'),
(17, 'Женские ремни'),
(18, 'Мужские ремни'),
(19, 'Джинсы / Мужской'),
(20, 'Мужской / Трикотаж, спорт и ост.');

-- --------------------------------------------------------

--
-- Структура таблицы `size_name_type`
--

CREATE TABLE `size_name_type` (
  `name_size_id` int(11) NOT NULL,
  `type_size_id` int(11) NOT NULL
) ENGINE=InnoDB DEFAULT CHARSET=utf8;

--
-- Дамп данных таблицы `size_name_type`
--

INSERT INTO `size_name_type` (`name_size_id`, `type_size_id`) VALUES
(1, 1),
(1, 2),
(1, 3),
(1, 4),
(2, 1),
(2, 6),
(2, 7),
(4, 1),
(4, 2),
(4, 3),
(4, 4),
(9, 1),
(9, 2),
(9, 15),
(10, 1),
(10, 2),
(10, 28),
(10, 29),
(11, 1),
(11, 2),
(11, 28),
(11, 29),
(13, 1),
(13, 28),
(13, 29),
(12, 1),
(12, 2),
(12, 28),
(12, 29),
(14, 1),
(14, 2),
(14, 30),
(16, 1),
(16, 2),
(16, 30),
(17, 1),
(17, 2),
(17, 34),
(18, 1),
(18, 32),
(15, 1),
(15, 2),
(15, 33),
(3, 1),
(3, 7),
(19, 1),
(19, 15),
(19, 16),
(19, 17),
(7, 1),
(7, 2),
(8, 1),
(8, 15),
(8, 16),
(8, 17),
(8, 21),
(8, 22),
(20, 1),
(20, 2);

-- --------------------------------------------------------

--
-- Структура таблицы `size_type`
--

CREATE TABLE `size_type` (
  `id` int(10) UNSIGNED NOT NULL,
  `type` varchar(255) COLLATE utf8_unicode_ci NOT NULL
) ENGINE=InnoDB DEFAULT CHARSET=utf8 COLLATE=utf8_unicode_ci;

--
-- Дамп данных таблицы `size_type`
--

INSERT INTO `size_type` (`id`, `type`) VALUES
(1, 'Казахстанский'),
(2, 'Международный'),
(3, 'Итальянский'),
(4, 'Германский'),
(6, 'Американский'),
(7, 'В см'),
(15, '4 рост'),
(16, '6 рост'),
(17, '8 рост'),
(18, 'Европейский'),
(21, '2 рост'),
(22, '5 рост'),
(25, 'Европейский и казахский'),
(26, 'Европейский и рост'),
(28, 'Воротник'),
(29, 'Талия'),
(30, 'Обхват ладони (см)'),
(31, 'Великобритания (UK)'),
(32, 'Размер производителя'),
(33, 'Обхват головы'),
(34, 'Длина');

-- --------------------------------------------------------

--
-- Структура таблицы `status`
--

CREATE TABLE `status` (
  `status_id` int(10) UNSIGNED NOT NULL,
  `status_name` varchar(250) COLLATE utf8_unicode_ci NOT NULL,
  `status_code` varchar(250) COLLATE utf8_unicode_ci NOT NULL,
  `created_at` timestamp NULL DEFAULT NULL,
  `updated_at` timestamp NULL DEFAULT NULL,
  `deleted_at` timestamp NULL DEFAULT NULL
) ENGINE=InnoDB DEFAULT CHARSET=utf8 COLLATE=utf8_unicode_ci;

--
-- Дамп данных таблицы `status`
--

INSERT INTO `status` (`status_id`, `status_name`, `status_code`, `created_at`, `updated_at`, `deleted_at`) VALUES
(1, 'Корзина', 'request', NULL, NULL, NULL),
(2, 'Ожидает доставки', 'request', NULL, NULL, NULL),
(3, 'Оплачено', 'request', NULL, NULL, NULL),
(4, 'Доставлено', 'request', NULL, NULL, NULL),
(5, 'Отменено', 'request', NULL, NULL, NULL);

-- --------------------------------------------------------

--
-- Структура таблицы `subscriber`
--

CREATE TABLE `subscriber` (
  `subscriber_id` int(10) UNSIGNED NOT NULL,
  `email` varchar(100) COLLATE utf8_unicode_ci NOT NULL,
  `created_at` timestamp NULL DEFAULT NULL,
  `updated_at` timestamp NULL DEFAULT NULL,
  `email_is_send` varchar(20) COLLATE utf8_unicode_ci DEFAULT '1',
  `delivery_kind_id` int(11) UNSIGNED DEFAULT NULL,
  `name` varchar(200) COLLATE utf8_unicode_ci DEFAULT NULL,
  `phone` varchar(200) COLLATE utf8_unicode_ci DEFAULT NULL,
  `info` text COLLATE utf8_unicode_ci
) ENGINE=InnoDB DEFAULT CHARSET=utf8 COLLATE=utf8_unicode_ci;

--
-- Дамп данных таблицы `subscriber`
--

INSERT INTO `subscriber` (`subscriber_id`, `email`, `created_at`, `updated_at`, `email_is_send`, `delivery_kind_id`, `name`, `phone`, `info`) VALUES
(32, 'message.nuraga@gmail.com', NULL, NULL, '1', 13, 'нурсултан', NULL, NULL),
(33, 'message.nuraga@gmail.com', NULL, NULL, '1', 14, 'нурсултан', NULL, NULL),
(34, 'message.nuraga@gmail.com', NULL, NULL, '1', 15, 'нурсултан', NULL, NULL),
(35, 'message.nuraga@gmail.com', NULL, NULL, '1', 16, 'нурсултан', NULL, NULL),
(36, 'nurik@mail.ru', NULL, NULL, '1', 12, 'nurik', NULL, NULL),
(37, 'nurik@mail.ru', NULL, NULL, '1', 13, 'nurik', NULL, NULL),
(38, 'nurik@mail.ru', NULL, NULL, '1', 14, 'nurik', NULL, NULL),
(39, 'nurik@mail.ru', NULL, NULL, '1', 15, 'nurik', NULL, NULL),
(40, 'nurik@mail.ru', NULL, NULL, '1', 16, 'nurik', NULL, NULL),
(52, 'dominant.atyrau@mail.ru', NULL, NULL, '1', 12, 'Коша', NULL, NULL),
(53, 'dominant.atyrau@mail.ru', NULL, NULL, '1', 15, 'Коша', NULL, NULL),
(54, 'aselabizova@mail.ru', NULL, NULL, '1', 12, 'Асель', NULL, NULL),
(55, 'aselabizova@mail.ru', NULL, NULL, '1', 13, 'Асель', NULL, NULL),
(56, 'aselabizova@mail.ru', NULL, NULL, '1', 14, 'Асель', NULL, NULL),
(57, 'aselabizova@mail.ru', NULL, NULL, '1', 15, 'Асель', NULL, NULL),
(58, 'aselabizova@mail.ru', NULL, NULL, '1', 16, 'Асель', NULL, NULL),
(59, 'aselabizova@mail.ru', NULL, NULL, '1', 17, 'Асель', NULL, NULL),
(66, 'kosha088@gmail.com', NULL, NULL, '1', 12, 'kosha', NULL, NULL),
(67, 'kosha088@gmail.com', NULL, NULL, '1', 13, 'kosha', NULL, NULL),
(68, 'kosha088@gmail.com', NULL, NULL, '1', 14, 'kosha', NULL, NULL),
(69, 'kosha088@gmail.com', NULL, NULL, '1', 15, 'kosha', NULL, NULL),
(70, 'kosha088@gmail.com', NULL, NULL, '1', 16, 'kosha', NULL, NULL),
(71, 'kosha088@gmail.com', NULL, NULL, '1', 17, 'kosha', NULL, NULL),
(80, 'test@mail.ru', NULL, NULL, '1', 14, 'dfasf', NULL, NULL),
(81, 'test@mail.ru', NULL, NULL, '1', 15, 'dfasf', NULL, NULL),
(82, 'test@test.ts', NULL, NULL, '1', 12, 'Test', NULL, NULL),
(83, 'test@test.ts', NULL, NULL, '1', 13, 'Test', NULL, NULL),
(84, 'test@test.ts', NULL, NULL, '1', 14, 'Test', NULL, NULL),
(85, 'test@test.ts', NULL, NULL, '1', 15, 'Test', NULL, NULL),
(86, 'test@test.ts', NULL, NULL, '1', 16, 'Test', NULL, NULL),
(87, 'test@test.ts', NULL, NULL, '1', 17, 'Test', NULL, NULL),
(117, 'dustindias7@gmail.com', NULL, NULL, '1', 12, 'Dustin', NULL, NULL),
(118, 'dustindias7@gmail.com', NULL, NULL, '1', 13, 'Dustin', NULL, NULL),
(119, 'dustindias7@gmail.com', NULL, NULL, '1', 14, 'Dustin', NULL, NULL),
(120, 'dustindias7@gmail.com', NULL, NULL, '1', 15, 'Dustin', NULL, NULL),
(121, 'dustindias7@gmail.com', NULL, NULL, '1', 16, 'Dustin', NULL, NULL),
(122, 'batyrqul.maqsat@gmail.com', NULL, NULL, '1', 12, 'Максат', NULL, NULL),
(123, 'batyrqul.maqsat@gmail.com', NULL, NULL, '1', 13, 'Максат', NULL, NULL),
(124, 'batyrqul.maqsat@gmail.com', NULL, NULL, '1', 14, 'Максат', NULL, NULL),
(125, 'batyrqul.maqsat@gmail.com', NULL, NULL, '1', 15, 'Максат', NULL, NULL),
(126, 'batyrqul.maqsat@gmail.com', NULL, NULL, '1', 16, 'Максат', NULL, NULL),
(127, 'batyrqul.maqsat@gmail.com', NULL, NULL, '1', 17, 'Максат', NULL, NULL),
(128, 'arman.abdiyev@gmail.com', NULL, NULL, '1', 12, 'Arman', NULL, NULL),
(129, 'arman.abdiyev@gmail.com', NULL, NULL, '1', 13, 'Arman', NULL, NULL),
(130, 'arman.abdiyev@gmail.com', NULL, NULL, '1', 14, 'Arman', NULL, NULL),
(131, 'arman.abdiyev@gmail.com', NULL, NULL, '1', 15, 'Arman', NULL, NULL),
(132, 'arman.abdiyev@gmail.com', NULL, NULL, '1', 16, 'Arman', NULL, NULL),
(133, 'arman.abdiyev@gmail.com', NULL, NULL, '1', 17, 'Arman', NULL, NULL),
(135, 'admain@shopita.kz', '2017-12-28 04:58:16', '2017-12-28 04:58:16', '1', 18, 'Акерке', '+7(707)280-68-22', 'о чем?'),
(136, 'kosha088@live.com', '2017-12-28 05:07:50', '2017-12-28 05:07:50', '1', 18, 'Акерке', '+7(707)280-68-22', 'рассылка на почту'),
(138, 'kosha088@mail.ru', NULL, NULL, '1', 12, 'Акерке', NULL, NULL),
(139, 'kosha088@mail.ru', NULL, NULL, '1', 18, 'Акерке', NULL, NULL),
(140, 'persona.vatyrau@mail.ru', NULL, NULL, '1', 12, 'Assel', NULL, NULL),
(141, 'persona.vatyrau@mail.ru', NULL, NULL, '1', 13, 'Assel', NULL, NULL),
(142, 'persona.vatyrau@mail.ru', NULL, NULL, '1', 14, 'Assel', NULL, NULL),
(143, 'persona.vatyrau@mail.ru', NULL, NULL, '1', 15, 'Assel', NULL, NULL),
(144, 'persona.vatyrau@mail.ru', NULL, NULL, '1', 16, 'Assel', NULL, NULL),
(145, 'persona.vatyrau@mail.ru', NULL, NULL, '1', 17, 'Assel', NULL, NULL),
(146, 'persona.vatyrau@mail.ru', NULL, NULL, '1', 18, 'Assel', NULL, NULL),
(147, 'yessen@gmail.com', NULL, NULL, '1', 12, 'Yessen', NULL, NULL),
(148, 'yessen@gmail.com', NULL, NULL, '1', 13, 'Yessen', NULL, NULL),
(149, 'yessen@gmail.com', NULL, NULL, '1', 14, 'Yessen', NULL, NULL),
(150, 'yessen@gmail.com', NULL, NULL, '1', 15, 'Yessen', NULL, NULL),
(151, 'yessen@gmail.com', NULL, NULL, '1', 16, 'Yessen', NULL, NULL),
(152, 'yessen@gmail.com', NULL, NULL, '1', 17, 'Yessen', NULL, NULL),
(153, 'yessen@gmail.com', NULL, NULL, '1', 18, 'Yessen', NULL, NULL),
(154, 'test@test.ru', '2018-01-08 06:00:34', '2018-01-08 06:00:34', '1', 1, NULL, NULL, NULL),
(155, 'test@test.kz', NULL, NULL, '1', 12, NULL, NULL, NULL),
(156, 'test@test.kz', NULL, NULL, '1', 13, NULL, NULL, NULL),
(157, 'test@test.kz', NULL, NULL, '1', 14, NULL, NULL, NULL),
(158, 'test@test.kz', NULL, NULL, '1', 15, NULL, NULL, NULL),
(159, 'test@test.kz', NULL, NULL, '1', 16, NULL, NULL, NULL),
(160, 'test@test.kz', NULL, NULL, '1', 17, NULL, NULL, NULL),
(161, 'test@test.kz', NULL, NULL, '1', 18, NULL, NULL, NULL),
(162, 'test@test.test', NULL, NULL, '1', 12, NULL, NULL, NULL),
(163, 'test@test.test', NULL, NULL, '1', 13, NULL, NULL, NULL),
(164, 'test@test.test', NULL, NULL, '1', 14, NULL, NULL, NULL),
(165, 'test@test.test', NULL, NULL, '1', 15, NULL, NULL, NULL),
(166, 'test@test.test', NULL, NULL, '1', 16, NULL, NULL, NULL),
(167, 'test@test.test', NULL, NULL, '1', 17, NULL, NULL, NULL),
(168, 'test@test.test', NULL, NULL, '1', 18, NULL, NULL, NULL),
(169, 'shopita@mail.ru', NULL, NULL, '1', 12, NULL, NULL, NULL),
(170, 'shopita@mail.ru', NULL, NULL, '1', 13, NULL, NULL, NULL),
(171, 'shopita@mail.ru', NULL, NULL, '1', 14, NULL, NULL, NULL),
(172, 'shopita@mail.ru', NULL, NULL, '1', 15, NULL, NULL, NULL),
(173, 'shopita@mail.ru', NULL, NULL, '1', 16, NULL, NULL, NULL),
(174, 'shopita@mail.ru', NULL, NULL, '1', 17, NULL, NULL, NULL),
(175, 'shopita@mail.ru', NULL, NULL, '1', 18, NULL, NULL, NULL),
(176, 'a@a.a', '2018-01-08 06:49:12', '2018-01-08 06:49:12', '1', 1, NULL, NULL, NULL),
(177, 'r.azimkhanov@bugingroup.kz', NULL, NULL, '1', 12, NULL, NULL, NULL),
(178, 'r.azimkhanov@bugingroup.kz', NULL, NULL, '1', 13, NULL, NULL, NULL),
(179, 'r.azimkhanov@bugingroup.kz', NULL, NULL, '1', 14, NULL, NULL, NULL),
(180, 'r.azimkhanov@bugingroup.kz', NULL, NULL, '1', 15, NULL, NULL, NULL),
(181, 'r.azimkhanov@bugingroup.kz', NULL, NULL, '1', 16, NULL, NULL, NULL),
(182, 'r.azimkhanov@bugingroup.kz', NULL, NULL, '1', 17, NULL, NULL, NULL),
(183, 'e.mutan@bugingroup.kz', NULL, '2018-01-09 00:10:50', '1', 19, '', '', ''),
(184, 'post@post.com', NULL, NULL, '1', 12, 'Mark', NULL, NULL),
(185, 'post@post.com', NULL, NULL, '1', 13, 'Mark', NULL, NULL),
(186, 'post@post.com', NULL, NULL, '1', 14, 'Mark', NULL, NULL),
(187, 'post@post.com', NULL, NULL, '1', 15, 'Mark', NULL, NULL),
(188, 'post@post.com', NULL, NULL, '1', 16, 'Mark', NULL, NULL),
(189, 'post@post.com', NULL, NULL, '1', 17, 'Mark', NULL, NULL),
(190, 'post@post.com', NULL, NULL, '1', 18, 'Mark', NULL, NULL),
(191, 'post@post.com', NULL, NULL, '1', 19, 'Mark', NULL, NULL),
(192, 'rustem.azimkhanov@gmail.com', '2018-01-11 02:44:26', '2018-01-23 07:02:32', '1', 12, 'Rustem', '+7(707)644-33-22', 'Test'),
(195, 'rustem.azimkhanov@gmail.com', '2018-01-23 07:07:35', '2018-01-23 07:07:35', '1', 13, '', '', ''),
(196, 'test@gmail.com', NULL, NULL, '1', 12, 'Test', NULL, NULL),
(197, 'test@gmail.com', NULL, NULL, '1', 13, 'Test', NULL, NULL),
(198, 'test@gmail.com', NULL, NULL, '1', 14, 'Test', NULL, NULL),
(199, 'test@gmail.com', NULL, NULL, '1', 15, 'Test', NULL, NULL),
(200, 'test@gmail.com', NULL, NULL, '1', 16, 'Test', NULL, NULL),
(201, 'test@gmail.com', NULL, NULL, '1', 17, 'Test', NULL, NULL),
(202, 'test@gmail.com', NULL, NULL, '1', 18, 'Test', NULL, NULL),
(203, 'test@gmail.com', NULL, NULL, '1', 19, 'Test', NULL, NULL),
(204, 'efwef@efe.ef', NULL, NULL, '1', 12, 'dsrgvre', NULL, NULL),
(205, 'efwef@efe.ef', NULL, NULL, '1', 13, 'dsrgvre', NULL, NULL),
(206, 'efwef@efe.ef', NULL, NULL, '1', 14, 'dsrgvre', NULL, NULL),
(207, 'efwef@efe.ef', NULL, NULL, '1', 15, 'dsrgvre', NULL, NULL),
(208, 'efwef@efe.ef', NULL, NULL, '1', 16, 'dsrgvre', NULL, NULL),
(209, 'efwef@efe.ef', NULL, NULL, '1', 17, 'dsrgvre', NULL, NULL),
(210, 'efwef@efe.ef', NULL, NULL, '1', 18, 'dsrgvre', NULL, NULL),
(211, 'efwef@efe.ef', NULL, NULL, '1', 19, 'dsrgvre', NULL, NULL),
(212, 'ssW@ww.oo', NULL, NULL, '1', 12, 'sdfsd', NULL, NULL),
(213, 'ssW@ww.oo', NULL, NULL, '1', 13, 'sdfsd', NULL, NULL),
(214, 'ssW@ww.oo', NULL, NULL, '1', 14, 'sdfsd', NULL, NULL),
(215, 'ssW@ww.oo', NULL, NULL, '1', 15, 'sdfsd', NULL, NULL),
(216, 'ssW@ww.oo', NULL, NULL, '1', 16, 'sdfsd', NULL, NULL),
(217, 'ssW@ww.oo', NULL, NULL, '1', 17, 'sdfsd', NULL, NULL),
(218, 'ssW@ww.oo', NULL, NULL, '1', 18, 'sdfsd', NULL, NULL),
(219, 'ssW@ww.oo', NULL, NULL, '1', 19, 'sdfsd', NULL, NULL);

-- --------------------------------------------------------

--
-- Структура таблицы `users`
--

CREATE TABLE `users` (
  `user_id` int(11) NOT NULL,
  `name` varchar(200) NOT NULL,
  `surname` varchar(512) NOT NULL DEFAULT '',
  `email` varchar(200) NOT NULL,
  `password` varchar(200) DEFAULT NULL,
  `city` varchar(255) DEFAULT NULL,
  `address` varchar(200) DEFAULT NULL,
  `sex` varchar(1) DEFAULT '0' COMMENT '0 - муж\r\n1 - жен',
  `avatar` varchar(200) DEFAULT 'ava.jpg',
  `city_id` int(11) UNSIGNED DEFAULT '1',
  `role_id` int(11) UNSIGNED DEFAULT '2',
  `mobile_phone` varchar(200) DEFAULT NULL,
  `updated_at` timestamp NULL DEFAULT NULL,
  `created_at` timestamp NULL DEFAULT NULL,
  `deleted_at` timestamp NULL DEFAULT NULL,
  `remember_token` varchar(100) DEFAULT NULL,
  `api_token` varchar(512) NOT NULL DEFAULT '',
  `is_ban` varchar(2) DEFAULT '0',
  `is_social` varchar(20) DEFAULT '0',
  `social_link` varchar(200) DEFAULT NULL,
  `email_is_send` varchar(20) DEFAULT '1'
) ENGINE=InnoDB DEFAULT CHARSET=utf8;

--
-- Дамп данных таблицы `users`
--

INSERT INTO `users` (`user_id`, `name`, `surname`, `email`, `password`, `city`, `address`, `sex`, `avatar`, `city_id`, `role_id`, `mobile_phone`, `updated_at`, `created_at`, `deleted_at`, `remember_token`, `api_token`, `is_ban`, `is_social`, `social_link`, `email_is_send`) VALUES
(27, 'admin@admin.com', '', 'admin@admin.com', '$2y$10$fybjPhlboW5JkH/ywS8OGeVxKkmgCLwO5AXNBBUBsvLX1rfsTiJKO', NULL, NULL, '0', 'ava.jpg', 1, 1, '+7(707)294-00-16', '2018-01-23 08:40:49', '2017-09-01 08:06:35', NULL, 'pL6cX0pRY4a7rxJrEFbcNIuvS9WXe1OC8Pzkpo4yzlM0t628O916u4L4VXu2', '', '0', '0', NULL, '1'),
(28, 'Бекзат', '', 'eleusinbekzat@gmail.com', '$2y$10$G7BO.KD7a.H89X8cGEbSRe0Zg/f5dZMhgP2pGnLCZHIWwMZC1uwTG', NULL, NULL, '0', 'ava.jpg', 1, 2, '+7(707)534-56-20', '2017-09-02 15:25:40', '2017-09-02 15:25:40', NULL, NULL, '', '0', '0', NULL, '1'),
(30, 'Акерке', '', 'kosha088@mail.ru', '$2y$10$8cPxYRxFnDD28d6CX/CdXuF5IojnehMyD/RkJgOPuCPv6uGrXP28e', NULL, NULL, '1', 'ava.jpg', 1, 2, '+7(707)280-68-22', '2017-12-28 05:30:09', '2017-09-06 03:16:06', NULL, 'wwdon92hXQNEKszeKf3XXtz3IErAid13odQFPKzhfcvp8yUFG7KQpl5fVFxl', '', '0', '0', NULL, '1'),
(39, 'нурсултан', '', 'message.nuraga@gmail.com', '$2y$10$vjL5KE.vpqmm1ZdiHgX3BeMi7KvOEbQcliP.7JxVz7AnP2n1gAoo6', NULL, NULL, '0', 'ava.jpg', 1, 2, '+7(707)294-00-15', '2017-09-10 05:11:18', '2017-09-09 05:59:15', NULL, 'HCdsrlzh9eWQSfWgziuOdd7xrUNaTHqe0lGnyyFu0tWwIKztA3rBqKgFP6i6', '', '0', '0', NULL, '1'),
(40, 'nurik', '', 'nurik@mail.ru', '$2y$10$1wLg.LCBg1i92PXhO/Zw/Oo2DZHRXyXBH7nhrzIMxCnpRbeoFkcEq', NULL, 'almaty 71', '0', 'ava.jpg', 1, 2, '+7(775)447-31-09', '2017-09-10 05:23:12', '2017-09-10 05:22:56', NULL, '3JuiVgA1GVaekpFz0Qv76KC2J0wPxKqjOOAkGnDqouAiff4fCEd9deXaB79j', '', '0', '0', NULL, '1'),
(41, 'Коша', '', 'dominant.atyrau@mail.ru', '$2y$10$IqFs/lC59HS1TLRCHirzoeLnkXWSPLE7ubVzfw0/ttRxvqq4FlO3q', NULL, NULL, '0', 'ava.jpg', 1, 2, '+7(707)280-68-22', '2017-09-11 09:29:10', '2017-09-11 09:29:10', NULL, NULL, '', '0', '0', NULL, '1'),
(42, 'Асель', '', 'aselabizova@mail.ru', '$2y$10$9EUSOw8ebyyIuf0t0tg6CekGYsIA02eIjYjKpRV1BwxeWZRzzDCKq', NULL, 'Gfhdkek', '0', 'ava.jpg', 1, 2, '+7(778)747-43-33', '2017-09-14 16:51:47', '2017-09-14 16:51:47', NULL, NULL, '', '0', '0', NULL, '1'),
(43, 'kosha', '', 'kosha088@gmail.com', '$2y$10$jJCy4sYnlHoGJO5CNVDGUej7GAPM/mZhVmLgHiOHi0NBiL/OcaWci', NULL, NULL, '1', 'ava.jpg', 1, 2, '+7(707)280-68-22', '2017-09-16 02:44:56', '2017-09-16 02:42:19', NULL, 'Xv6Oo34derda2PpIvVJY4cfL07XBrzUdJ29aHu1UkUG3cobI3IBLTeigsvJw', '', '0', '0', NULL, '1'),
(44, 'Test', '', 'test@test.ts', '$2y$10$Sb.JIGWBdKCNbV/maU88yuAX2d97MIgcWDhkzyESVoTKoJgUR1jre', NULL, 'Test address', '0', 'ava.jpg', 1, 2, '+7(778)700-01-00', '2017-12-14 01:41:14', '2017-12-14 01:40:16', NULL, 'Ub40t3GTSfhaOy5iCtO1YFrt0blFLjdHJGUDNtEFBlvP0CO7iYSkWxtJrEzC', '', '0', '0', NULL, '1'),
(45, 'Dustin', '', 'dustindias7@gmail.com', '$2y$10$eIkZKAkJ4EzvOhGPljB9VeuS.RgFojH3Iv6xSaDc8p9gc6uJXRHOq', NULL, 'Almaty', '0', 'ava.jpg', 1, 2, '+7(778)400-04-04', '2017-12-14 02:49:44', '2017-12-14 01:49:00', NULL, 'BrgNX7yPz5GLYywIzONzF5mU6Gk1b2zF5kt80X2dwwn7c5apnSZkmNf87kHu', '', '0', '0', NULL, '1'),
(46, 'Максат', '', 'batyrqul.maqsat@gmail.com', '$2y$10$uyQQ6smVd.HWAAJAmG8j3ORMpD.NyN4Uq98yL7KL85pafO76HN12W', NULL, 'Абая 30', '0', 'ava.jpg', 1, 2, '+7(708)300-13-12', '2017-12-14 10:24:37', '2017-12-14 10:10:52', NULL, 'CaXfE6hQsRc8owirqwbBKfC4N67z0XdoEJHb16j5ICeyu6Ifm8IllKjsGJbH', '', '0', '0', NULL, '1'),
(47, 'Arman', '', 'arman.abdiyev@gmail.com', '$2y$10$.3KT8.CoLOHkqI92DND8qupkZgfsvtKP1GsUJ0oJJTfay/gumeuji', 'Almaty', 'address', '0', 'ava.jpg', 1, 2, '+7(222)222-22-22', '2018-01-09 04:37:07', '2017-12-21 17:12:04', NULL, NULL, '', '0', '0', NULL, '1'),
(48, 'Assel', '', 'persona.vatyrau@mail.ru', '$2y$10$VW5e7tM5cBgpIdeLWTUnrei32eiaeQ9dF7eKCQ4C0JB6jmFZnimh6', NULL, NULL, '0', 'ava.jpg', 1, 2, '+7(778)747-43-33', '2017-12-28 05:31:18', '2017-12-28 05:27:30', NULL, '7IWp9ooxX365znCqu8a8rjYoLZuIpPExm7Ooc1nDNddS6HrtpNNkMYxwWrEA', '', '0', '0', NULL, '1'),
(49, 'Yessen', '', 'yessen@gmail.com', '$2y$10$lTp5MiH1Dg1S7sl9EyqPWuf7jIisSvmPNZRI.dS4d4.xK6Dl0Snce', 'Almaty', 'Koktem 1', '0', 'ava.jpg', 1, 2, '+7(778)666-44-33', '2018-01-05 05:05:29', '2018-01-05 05:05:29', NULL, NULL, '', '0', '0', NULL, '1'),
(50, 'Mark', '', 'post@post.com', '$2y$10$c4ZxTbRPYIKr4CBR99HEtuAQ6fzNCjGUp6mZQFyLVH7XmtYrsylHS', 'Astana', 'Dostyk 8', '0', 'ava.jpg', 1, 2, '+7(788)745-45-24', '2018-01-09 06:25:30', '2018-01-09 06:25:30', NULL, NULL, '', '0', '0', NULL, '1'),
(51, 'Azimkhanov Rustem', '', 'rustem_azimkhanov@mail.ru', '$2y$10$fM2Z1.2obkvzEur9FMSyFOidL7FBNydlEwzjR3oPIX83zTyReC7F.', NULL, NULL, '0', 'https://pp.userapi.com/c639826/v639826290/53f73/WXuY3_6S_dY.jpg', 1, 2, NULL, '2018-01-09 06:50:40', '2018-01-09 06:48:01', NULL, 'BOMmEwQE2Srqf4EFsit1aEOHX3EpkMnLboPP1a992Z3mFpHwPoMwawRhWdMv', '', '0', '1', 'http://vk.com/id188935782', '1'),
(52, 'Test', '', 'test@gmail.com', '$2y$10$PeF146zr5QJfpKAueWvt9eqcxb7O2DXa8vKKr6uhK.iHepoIA74Fi', 'Almaty', 'Abay 8', '0', 'ava.jpg', 1, 1, '+7(777)888-99-11', '2018-01-23 08:42:39', '2018-01-23 08:42:39', NULL, NULL, '', '0', '0', NULL, '1'),
(53, 'Елеусин Бекзат', '', '', '$2y$10$jRihJhhigAMteZbdr2WFeONHB/bDnSNLLOO.RZ3.2o.hDXeWpYxj.', NULL, NULL, '0', 'http://graph.facebook.com/100007200016852/picture?type=large', 1, 2, NULL, '2018-01-27 11:41:04', '2018-01-27 06:38:11', NULL, 'GuMW5fiFf3QWKklngRlaapIDjq1v3tDMaJoD1nF38YqcwTAqaBE4dAOHCPc4', '', '0', '1', 'https://www.facebook.com/app_scoped_user_id/100007200016852/', '1'),
(54, 'dsrgvre', '', 'efwef@efe.ef', '$2y$10$FoRL7a6B2nH1w.Bntar49uE27wpEIgB28iPUKdQEcUdEkpSyHue6K', 'ewfwe', 'ewfwef', '0', 'ava.jpg', 1, 2, '+7(324)234-23-42', '2018-01-28 13:21:14', '2018-01-28 13:21:14', NULL, NULL, '', '0', '0', NULL, '1'),
(63, 'q', 'qq', 'a@a.a1', '$2y$10$Prs2MdJ4unB5woN9VAYdB.hlTBvrX7ED9/yPAQ63rzEaTJKVQGcni', NULL, NULL, '0', 'ava.jpg', 1, 2, NULL, '2018-02-02 02:33:27', '2018-02-02 02:33:27', NULL, NULL, '$2y$10$T7iYYT.0XgbCiLDrbgfIyu.FVJcIfzZB4L/3njnZ81pITNFZM6MLS', '0', '0', NULL, '1'),
(64, 'Loot', 'NAN', 'dcmsnick@gmail.com', '$2y$10$xxAMVczdtOmTnc4I2B03u.exQ1ooYoaO1WUX/Hb013sYfHl9yMM1K', NULL, '', '1', '/image/avatar/1518722333_user.jpeg', 1, 2, '+7(222)222-22-21', '2018-02-15 13:18:54', '2018-02-02 04:28:04', NULL, NULL, '$2y$10$MmDckLIbw8LGHhCv0iccyu0NkJbnWdjooNsqS49FcFDAa4u37iWZK', '0', '0', NULL, '1'),
(65, 'sdfsd', '', 'ssW@ww.oo', '$2y$10$/OfkMzS07DjejNPzQaSCB.L0koJSQzE.gI1tnaW/o/TVA7Lkafxiq', 'asdas', 'asdas', '0', 'ava.jpg', 1, 2, '+7(123)456-78-97', '2018-02-07 03:43:48', '2018-02-07 02:16:18', NULL, 'Wl3ce07t1wx2zXARyaA79fx0ouIXlLX1Pkp9aAr0Ietpg0CyICpGQ5rScZrZ', '', '0', '0', NULL, '1'),
(67, 'r4232 e2312', '', 'ww@ww.ww', '$2y$10$nza9YzY6UqsH2DHP.J1nnOE/bBArGwOBLOKkBmZu3c6bHN41psTlG', NULL, NULL, '0', 'ava.jpg', 1, 2, NULL, '2018-02-08 23:19:58', '2018-02-08 23:19:58', NULL, NULL, '$2y$10$BMBTUP2Z4tkf7CCuDJL9Ue7HI2.cz1ySZ3vHQxFsSYLwo7HKx7jku', '0', '1', 'werwerw', '1'),
(68, 'e2312', 'r4232 ', '', '$2y$10$hEf9SDsBVQvVAriDV0SuXuZ8Xtood4d/pvl.hzDI1TRXa0cw3lNAG', NULL, NULL, '0', 'https://habrastorage.org/webt/yg/wh/ph/ygwhphyswt9sfgcxrgv5jtkpryq.jpeg', 1, 2, NULL, '2018-02-08 23:21:33', '2018-02-08 23:21:33', NULL, NULL, '$2y$10$dIMD10hkluNgkHb6o5o.Ge4s03sjeNSY4NNJMk/GzZfkS/zh48IEe', '0', '1', '22', '1');

--
-- Индексы сохранённых таблиц
--

--
-- Индексы таблицы `brand`
--
ALTER TABLE `brand`
  ADD PRIMARY KEY (`brand_id`) USING BTREE;

--
-- Индексы таблицы `category`
--
ALTER TABLE `category`
  ADD PRIMARY KEY (`category_id`) USING BTREE,
  ADD KEY `category_main_id` (`main_category_id`);

--
-- Индексы таблицы `category_feature`
--
ALTER TABLE `category_feature`
  ADD PRIMARY KEY (`category_feature_id`) USING BTREE,
  ADD KEY `feature_id` (`feature_id`),
  ADD KEY `category_id` (`category_id`),
  ADD KEY `item_id` (`item_id`);

--
-- Индексы таблицы `city`
--
ALTER TABLE `city`
  ADD PRIMARY KEY (`city_id`) USING BTREE,
  ADD KEY `region_id` (`region_id`);

--
-- Индексы таблицы `color`
--
ALTER TABLE `color`
  ADD PRIMARY KEY (`id`);

--
-- Индексы таблицы `comment`
--
ALTER TABLE `comment`
  ADD PRIMARY KEY (`comment_id`) USING BTREE,
  ADD KEY `product_id` (`product_id`);

--
-- Индексы таблицы `delivery`
--
ALTER TABLE `delivery`
  ADD PRIMARY KEY (`delivery_id`) USING BTREE;

--
-- Индексы таблицы `delivery_kind`
--
ALTER TABLE `delivery_kind`
  ADD PRIMARY KEY (`delivery_kind_id`) USING BTREE;

--
-- Индексы таблицы `delivery_kind_user`
--
ALTER TABLE `delivery_kind_user`
  ADD PRIMARY KEY (`delivery_kind_user_id`) USING BTREE,
  ADD KEY `user_id` (`user_id`),
  ADD KEY `delivery_kind_id` (`delivery_kind_id`);

--
-- Индексы таблицы `discounts`
--
ALTER TABLE `discounts`
  ADD PRIMARY KEY (`id`);

--
-- Индексы таблицы `feature`
--
ALTER TABLE `feature`
  ADD PRIMARY KEY (`feature_id`) USING BTREE,
  ADD KEY `kind_id` (`kind_id`);

--
-- Индексы таблицы `image`
--
ALTER TABLE `image`
  ADD PRIMARY KEY (`image_id`) USING BTREE,
  ADD KEY `product_id` (`product_id`);

--
-- Индексы таблицы `item`
--
ALTER TABLE `item`
  ADD PRIMARY KEY (`item_id`) USING BTREE,
  ADD KEY `feature_id` (`feature_id`);

--
-- Индексы таблицы `kind`
--
ALTER TABLE `kind`
  ADD PRIMARY KEY (`kind_id`) USING BTREE;

--
-- Индексы таблицы `main_page_text`
--
ALTER TABLE `main_page_text`
  ADD PRIMARY KEY (`id`);

--
-- Индексы таблицы `orders`
--
ALTER TABLE `orders`
  ADD PRIMARY KEY (`id`);

--
-- Индексы таблицы `page`
--
ALTER TABLE `page`
  ADD PRIMARY KEY (`page_id`) USING BTREE,
  ADD KEY `page_kind` (`page_kind`);

--
-- Индексы таблицы `page_kind`
--
ALTER TABLE `page_kind`
  ADD PRIMARY KEY (`page_kind_id`);

--
-- Индексы таблицы `product`
--
ALTER TABLE `product`
  ADD PRIMARY KEY (`product_id`) USING BTREE,
  ADD KEY `brand_id` (`brand_id`),
  ADD KEY `product_id` (`product_id`),
  ADD KEY `product_id_2` (`product_id`);

--
-- Индексы таблицы `product_category`
--
ALTER TABLE `product_category`
  ADD PRIMARY KEY (`product_category_id`) USING BTREE,
  ADD KEY `product_id` (`product_id`),
  ADD KEY `category_id` (`category_id`);

--
-- Индексы таблицы `product_favorite`
--
ALTER TABLE `product_favorite`
  ADD PRIMARY KEY (`product_favorite_id`) USING BTREE,
  ADD KEY `product_id` (`product_id`),
  ADD KEY `user_id` (`user_id`);

--
-- Индексы таблицы `product_feature`
--
ALTER TABLE `product_feature`
  ADD PRIMARY KEY (`product_feature_id`) USING BTREE,
  ADD KEY `feature_id` (`feature_id`),
  ADD KEY `product_id` (`product_id`),
  ADD KEY `item_id` (`item_id`);

--
-- Индексы таблицы `product_recommended`
--
ALTER TABLE `product_recommended`
  ADD PRIMARY KEY (`product_recommended_id`) USING BTREE,
  ADD KEY `product_id` (`product_id`),
  ADD KEY `other_product_id` (`other_product_id`);

--
-- Индексы таблицы `product_size`
--
ALTER TABLE `product_size`
  ADD PRIMARY KEY (`id`);

--
-- Индексы таблицы `promo_code`
--
ALTER TABLE `promo_code`
  ADD PRIMARY KEY (`id`);

--
-- Индексы таблицы `region`
--
ALTER TABLE `region`
  ADD PRIMARY KEY (`region_id`) USING BTREE;

--
-- Индексы таблицы `request`
--
ALTER TABLE `request`
  ADD PRIMARY KEY (`request_id`) USING BTREE,
  ADD KEY `status_id` (`status_id`),
  ADD KEY `user_id` (`user_id`);

--
-- Индексы таблицы `request_product`
--
ALTER TABLE `request_product`
  ADD PRIMARY KEY (`request_product_id`) USING BTREE,
  ADD KEY `product_id` (`product_id`),
  ADD KEY `request_id` (`request_id`);

--
-- Индексы таблицы `role`
--
ALTER TABLE `role`
  ADD PRIMARY KEY (`role_id`) USING BTREE;

--
-- Индексы таблицы `size`
--
ALTER TABLE `size`
  ADD PRIMARY KEY (`id`);

--
-- Индексы таблицы `size_name`
--
ALTER TABLE `size_name`
  ADD PRIMARY KEY (`id`);

--
-- Индексы таблицы `size_type`
--
ALTER TABLE `size_type`
  ADD PRIMARY KEY (`id`);

--
-- Индексы таблицы `status`
--
ALTER TABLE `status`
  ADD PRIMARY KEY (`status_id`) USING BTREE;

--
-- Индексы таблицы `subscriber`
--
ALTER TABLE `subscriber`
  ADD PRIMARY KEY (`subscriber_id`) USING BTREE,
  ADD KEY `delivery_kind_id` (`delivery_kind_id`);

--
-- Индексы таблицы `users`
--
ALTER TABLE `users`
  ADD PRIMARY KEY (`user_id`) USING BTREE,
  ADD KEY `role_id` (`role_id`),
  ADD KEY `city_id` (`city_id`);

--
-- AUTO_INCREMENT для сохранённых таблиц
--

--
-- AUTO_INCREMENT для таблицы `brand`
--
ALTER TABLE `brand`
  MODIFY `brand_id` int(10) UNSIGNED NOT NULL AUTO_INCREMENT, AUTO_INCREMENT=174;
--
-- AUTO_INCREMENT для таблицы `category`
--
ALTER TABLE `category`
  MODIFY `category_id` int(10) UNSIGNED NOT NULL AUTO_INCREMENT, AUTO_INCREMENT=246;
--
-- AUTO_INCREMENT для таблицы `category_feature`
--
ALTER TABLE `category_feature`
  MODIFY `category_feature_id` int(10) UNSIGNED NOT NULL AUTO_INCREMENT, AUTO_INCREMENT=58;
--
-- AUTO_INCREMENT для таблицы `city`
--
ALTER TABLE `city`
  MODIFY `city_id` int(10) UNSIGNED NOT NULL AUTO_INCREMENT, AUTO_INCREMENT=4;
--
-- AUTO_INCREMENT для таблицы `color`
--
ALTER TABLE `color`
  MODIFY `id` int(11) NOT NULL AUTO_INCREMENT, AUTO_INCREMENT=10;
--
-- AUTO_INCREMENT для таблицы `comment`
--
ALTER TABLE `comment`
  MODIFY `comment_id` int(10) UNSIGNED NOT NULL AUTO_INCREMENT, AUTO_INCREMENT=48;
--
-- AUTO_INCREMENT для таблицы `delivery`
--
ALTER TABLE `delivery`
  MODIFY `delivery_id` int(10) UNSIGNED NOT NULL AUTO_INCREMENT, AUTO_INCREMENT=20;
--
-- AUTO_INCREMENT для таблицы `delivery_kind`
--
ALTER TABLE `delivery_kind`
  MODIFY `delivery_kind_id` int(10) UNSIGNED NOT NULL AUTO_INCREMENT, AUTO_INCREMENT=20;
--
-- AUTO_INCREMENT для таблицы `delivery_kind_user`
--
ALTER TABLE `delivery_kind_user`
  MODIFY `delivery_kind_user_id` int(10) UNSIGNED NOT NULL AUTO_INCREMENT, AUTO_INCREMENT=154;
--
-- AUTO_INCREMENT для таблицы `discounts`
--
ALTER TABLE `discounts`
  MODIFY `id` int(11) NOT NULL AUTO_INCREMENT, AUTO_INCREMENT=4;
--
-- AUTO_INCREMENT для таблицы `feature`
--
ALTER TABLE `feature`
  MODIFY `feature_id` int(10) UNSIGNED NOT NULL AUTO_INCREMENT, AUTO_INCREMENT=46;
--
-- AUTO_INCREMENT для таблицы `image`
--
ALTER TABLE `image`
  MODIFY `image_id` int(10) UNSIGNED NOT NULL AUTO_INCREMENT, AUTO_INCREMENT=132;
--
-- AUTO_INCREMENT для таблицы `item`
--
ALTER TABLE `item`
  MODIFY `item_id` int(10) UNSIGNED NOT NULL AUTO_INCREMENT, AUTO_INCREMENT=50;
--
-- AUTO_INCREMENT для таблицы `kind`
--
ALTER TABLE `kind`
  MODIFY `kind_id` int(10) UNSIGNED NOT NULL AUTO_INCREMENT, AUTO_INCREMENT=4;
--
-- AUTO_INCREMENT для таблицы `main_page_text`
--
ALTER TABLE `main_page_text`
  MODIFY `id` int(11) NOT NULL AUTO_INCREMENT, AUTO_INCREMENT=3;
--
-- AUTO_INCREMENT для таблицы `orders`
--
ALTER TABLE `orders`
  MODIFY `id` int(11) NOT NULL AUTO_INCREMENT;
--
-- AUTO_INCREMENT для таблицы `page`
--
ALTER TABLE `page`
  MODIFY `page_id` int(10) UNSIGNED NOT NULL AUTO_INCREMENT, AUTO_INCREMENT=58;
--
-- AUTO_INCREMENT для таблицы `page_kind`
--
ALTER TABLE `page_kind`
  MODIFY `page_kind_id` int(11) NOT NULL AUTO_INCREMENT, AUTO_INCREMENT=6;
--
-- AUTO_INCREMENT для таблицы `product`
--
ALTER TABLE `product`
  MODIFY `product_id` int(10) UNSIGNED NOT NULL AUTO_INCREMENT, AUTO_INCREMENT=48;
--
-- AUTO_INCREMENT для таблицы `product_category`
--
ALTER TABLE `product_category`
  MODIFY `product_category_id` int(10) UNSIGNED NOT NULL AUTO_INCREMENT, AUTO_INCREMENT=233;
--
-- AUTO_INCREMENT для таблицы `product_favorite`
--
ALTER TABLE `product_favorite`
  MODIFY `product_favorite_id` int(10) UNSIGNED NOT NULL AUTO_INCREMENT, AUTO_INCREMENT=57;
--
-- AUTO_INCREMENT для таблицы `product_feature`
--
ALTER TABLE `product_feature`
  MODIFY `product_feature_id` int(10) UNSIGNED NOT NULL AUTO_INCREMENT, AUTO_INCREMENT=534;
--
-- AUTO_INCREMENT для таблицы `product_recommended`
--
ALTER TABLE `product_recommended`
  MODIFY `product_recommended_id` int(10) UNSIGNED NOT NULL AUTO_INCREMENT, AUTO_INCREMENT=43;
--
-- AUTO_INCREMENT для таблицы `product_size`
--
ALTER TABLE `product_size`
  MODIFY `id` int(11) NOT NULL AUTO_INCREMENT, AUTO_INCREMENT=252;
--
-- AUTO_INCREMENT для таблицы `promo_code`
--
ALTER TABLE `promo_code`
  MODIFY `id` int(10) UNSIGNED NOT NULL AUTO_INCREMENT, AUTO_INCREMENT=10;
--
-- AUTO_INCREMENT для таблицы `region`
--
ALTER TABLE `region`
  MODIFY `region_id` int(10) UNSIGNED NOT NULL AUTO_INCREMENT, AUTO_INCREMENT=2;
--
-- AUTO_INCREMENT для таблицы `request`
--
ALTER TABLE `request`
  MODIFY `request_id` int(11) NOT NULL AUTO_INCREMENT, AUTO_INCREMENT=167;
--
-- AUTO_INCREMENT для таблицы `request_product`
--
ALTER TABLE `request_product`
  MODIFY `request_product_id` int(11) NOT NULL AUTO_INCREMENT, AUTO_INCREMENT=315;
--
-- AUTO_INCREMENT для таблицы `role`
--
ALTER TABLE `role`
  MODIFY `role_id` int(10) UNSIGNED NOT NULL AUTO_INCREMENT, AUTO_INCREMENT=3;
--
-- AUTO_INCREMENT для таблицы `size`
--
ALTER TABLE `size`
  MODIFY `id` int(11) NOT NULL AUTO_INCREMENT, AUTO_INCREMENT=1015;
--
-- AUTO_INCREMENT для таблицы `size_name`
--
ALTER TABLE `size_name`
  MODIFY `id` int(10) UNSIGNED NOT NULL AUTO_INCREMENT, AUTO_INCREMENT=21;
--
-- AUTO_INCREMENT для таблицы `size_type`
--
ALTER TABLE `size_type`
  MODIFY `id` int(10) UNSIGNED NOT NULL AUTO_INCREMENT, AUTO_INCREMENT=35;
--
-- AUTO_INCREMENT для таблицы `status`
--
ALTER TABLE `status`
  MODIFY `status_id` int(10) UNSIGNED NOT NULL AUTO_INCREMENT, AUTO_INCREMENT=6;
--
-- AUTO_INCREMENT для таблицы `subscriber`
--
ALTER TABLE `subscriber`
  MODIFY `subscriber_id` int(10) UNSIGNED NOT NULL AUTO_INCREMENT, AUTO_INCREMENT=220;
--
-- AUTO_INCREMENT для таблицы `users`
--
ALTER TABLE `users`
  MODIFY `user_id` int(11) NOT NULL AUTO_INCREMENT, AUTO_INCREMENT=69;
--
-- Ограничения внешнего ключа сохраненных таблиц
--

--
-- Ограничения внешнего ключа таблицы `category`
--
ALTER TABLE `category`
  ADD CONSTRAINT `category_fk1` FOREIGN KEY (`main_category_id`) REFERENCES `category` (`category_id`);

--
-- Ограничения внешнего ключа таблицы `category_feature`
--
ALTER TABLE `category_feature`
  ADD CONSTRAINT `category_feature_fk1` FOREIGN KEY (`feature_id`) REFERENCES `feature` (`feature_id`),
  ADD CONSTRAINT `category_feature_fk2` FOREIGN KEY (`category_id`) REFERENCES `category` (`category_id`),
  ADD CONSTRAINT `category_feature_fk3` FOREIGN KEY (`item_id`) REFERENCES `item` (`item_id`);

--
-- Ограничения внешнего ключа таблицы `comment`
--
ALTER TABLE `comment`
  ADD CONSTRAINT `comment_fk1` FOREIGN KEY (`product_id`) REFERENCES `product` (`product_id`);

--
-- Ограничения внешнего ключа таблицы `delivery_kind_user`
--
ALTER TABLE `delivery_kind_user`
  ADD CONSTRAINT `delivery_kind_user_fk1` FOREIGN KEY (`delivery_kind_id`) REFERENCES `delivery_kind` (`delivery_kind_id`),
  ADD CONSTRAINT `delivery_kind_user_fk2` FOREIGN KEY (`user_id`) REFERENCES `users` (`user_id`);

--
-- Ограничения внешнего ключа таблицы `feature`
--
ALTER TABLE `feature`
  ADD CONSTRAINT `feature_fk1` FOREIGN KEY (`kind_id`) REFERENCES `kind` (`kind_id`);

--
-- Ограничения внешнего ключа таблицы `image`
--
ALTER TABLE `image`
  ADD CONSTRAINT `image_fk1` FOREIGN KEY (`product_id`) REFERENCES `product` (`product_id`);

--
-- Ограничения внешнего ключа таблицы `item`
--
ALTER TABLE `item`
  ADD CONSTRAINT `feature_item_fk1` FOREIGN KEY (`feature_id`) REFERENCES `feature` (`feature_id`);

--
-- Ограничения внешнего ключа таблицы `page`
--
ALTER TABLE `page`
  ADD CONSTRAINT `page_fk1` FOREIGN KEY (`page_kind`) REFERENCES `page_kind` (`page_kind_id`);

--
-- Ограничения внешнего ключа таблицы `product`
--
ALTER TABLE `product`
  ADD CONSTRAINT `product_fk1` FOREIGN KEY (`brand_id`) REFERENCES `brand` (`brand_id`);

--
-- Ограничения внешнего ключа таблицы `product_category`
--
ALTER TABLE `product_category`
  ADD CONSTRAINT `product_category_fk1` FOREIGN KEY (`product_id`) REFERENCES `product` (`product_id`),
  ADD CONSTRAINT `product_category_fk2` FOREIGN KEY (`category_id`) REFERENCES `category` (`category_id`);

/*!40101 SET CHARACTER_SET_CLIENT=@OLD_CHARACTER_SET_CLIENT */;
/*!40101 SET CHARACTER_SET_RESULTS=@OLD_CHARACTER_SET_RESULTS */;
/*!40101 SET COLLATION_CONNECTION=@OLD_COLLATION_CONNECTION */;
