-- phpMyAdmin SQL Dump
-- version 4.5.1
-- http://www.phpmyadmin.net
--
-- Хост: 127.0.0.1
-- Время создания: Дек 02 2016 г., 13:24
-- Версия сервера: 10.1.16-MariaDB
-- Версия PHP: 7.0.9

SET SQL_MODE = "NO_AUTO_VALUE_ON_ZERO";
SET time_zone = "+00:00";


/*!40101 SET @OLD_CHARACTER_SET_CLIENT=@@CHARACTER_SET_CLIENT */;
/*!40101 SET @OLD_CHARACTER_SET_RESULTS=@@CHARACTER_SET_RESULTS */;
/*!40101 SET @OLD_COLLATION_CONNECTION=@@COLLATION_CONNECTION */;
/*!40101 SET NAMES utf8mb4 */;

--
-- База данных: `shop`
--

-- --------------------------------------------------------

--
-- Структура таблицы `brand`
--

CREATE TABLE `brand` (
  `brand_id` int(10) UNSIGNED NOT NULL,
  `brand_name` varchar(255) COLLATE utf8_unicode_ci NOT NULL,
  `brand_url` varchar(300) COLLATE utf8_unicode_ci NOT NULL,
  `is_show` varchar(1) COLLATE utf8_unicode_ci DEFAULT '1',
  `sort_num` int(11) DEFAULT '0',
  `created_at` timestamp NULL DEFAULT NULL,
  `updated_at` timestamp NULL DEFAULT NULL,
  `deleted_at` timestamp NULL DEFAULT NULL
) ENGINE=InnoDB DEFAULT CHARSET=utf8 COLLATE=utf8_unicode_ci;

--
-- Дамп данных таблицы `brand`
--

INSERT INTO `brand` (`brand_id`, `brand_name`, `brand_url`, `is_show`, `sort_num`, `created_at`, `updated_at`, `deleted_at`) VALUES
(1, 'Nike', '', '1', 0, '2016-08-01 05:43:01', '2016-11-30 02:41:52', '2016-11-30 02:41:52'),
(2, 'Adidas', '', '1', 0, '2016-08-01 05:43:33', '2016-11-30 02:41:52', '2016-11-30 02:41:52'),
(3, '22', '', '1', 0, '2016-08-01 05:47:12', '2016-08-01 05:47:15', '2016-08-01 05:47:15'),
(4, 'Missoni', '', '1', 0, '2016-11-30 02:44:43', '2016-11-30 02:44:43', NULL),
(5, 'Liu Jo', '', '1', 0, '2016-11-30 02:45:10', '2016-11-30 02:45:10', NULL),
(6, 'Liu Jeans', '', '1', 0, '2016-11-30 02:45:21', '2016-11-30 02:45:21', NULL),
(7, 'Class Roberto Cavalli', '', '1', 0, '2016-11-30 02:45:31', '2016-11-30 02:45:31', NULL),
(8, 'Who''s Who', '', '1', 0, '2016-11-30 02:45:54', '2016-11-30 02:45:54', NULL),
(9, 'Iceberg', '', '1', 0, '2016-11-30 02:46:03', '2016-11-30 02:46:03', NULL),
(10, 'Walter Babini', '', '1', 0, '2016-11-30 02:46:12', '2016-11-30 02:46:12', NULL),
(11, 'Versace', '', '1', 0, '2016-11-30 02:46:21', '2016-11-30 02:46:21', NULL),
(12, 'Via Delle Perle (VDP)', '', '1', 0, '2016-11-30 02:46:33', '2016-11-30 02:46:33', NULL),
(13, 'Maria Grazia Severi', '', '1', 0, '2016-11-30 02:46:47', '2016-11-30 02:46:47', NULL),
(14, 'Severi Darling', '', '1', 0, '2016-11-30 02:46:57', '2016-11-30 02:46:57', NULL),
(15, '22 Maggio', '', '1', 0, '2016-11-30 02:47:07', '2016-11-30 02:47:07', NULL),
(16, 'KFG ', '', '1', 0, '2016-11-30 02:47:18', '2016-11-30 02:47:18', NULL),
(17, 'Anna Rachele', '', '1', 0, '2016-11-30 02:47:31', '2016-11-30 02:47:31', NULL),
(18, 'Alter Ego', '', '1', 0, '2016-11-30 02:47:41', '2016-11-30 02:47:41', NULL),
(19, 'Red Valentino', '', '1', 0, '2016-11-30 02:47:53', '2016-11-30 02:47:53', NULL),
(20, 'Etro', '', '1', 0, '2016-11-30 02:48:14', '2016-11-30 02:48:14', NULL),
(21, 'Emilio Pucci', '', '1', 0, '2016-11-30 02:48:24', '2016-11-30 02:48:24', NULL),
(22, 'Elisa Fanti', '', '1', 0, '2016-11-30 02:48:37', '2016-11-30 02:48:37', NULL),
(23, 'Chiara D''Este', '', '1', 0, '2016-11-30 02:49:35', '2016-11-30 02:49:35', NULL),
(24, 'Kenzo', '', '1', 0, '2016-11-30 02:49:44', '2016-11-30 02:49:44', NULL),
(25, 'Pinko', '', '1', 0, '2016-11-30 02:49:55', '2016-11-30 02:49:55', NULL),
(26, 'Paola Frani', '', '1', 0, '2016-11-30 02:50:07', '2016-11-30 02:50:07', NULL),
(27, 'Heresis', '', '1', 0, '2016-11-30 02:50:19', '2016-11-30 02:50:19', NULL),
(28, 'Fontanelli', '', '1', 0, '2016-11-30 02:51:12', '2016-11-30 02:51:12', NULL),
(29, 'Coccapani', '', '1', 0, '2016-11-30 02:51:40', '2016-11-30 02:51:40', NULL),
(30, 'Nenette', '', '1', 0, '2016-11-30 02:51:51', '2016-11-30 02:51:51', NULL),
(31, 'Nuvola', '', '1', 0, '2016-11-30 02:52:03', '2016-11-30 02:52:03', NULL),
(32, 'Aquilano. Rimondi', '', '1', 0, '2016-11-30 02:52:56', '2016-11-30 02:52:56', NULL),
(33, 'Emporio Armani', '', '1', 0, '2016-11-30 02:53:09', '2016-11-30 02:53:09', NULL),
(34, 'EA7', '', '1', 0, '2016-11-30 02:53:19', '2016-11-30 02:53:19', NULL),
(35, 'Kiss You', '', '1', 0, '2016-11-30 02:53:35', '2016-11-30 02:53:35', NULL),
(36, 'Moschino Boutique', '', '1', 0, '2016-11-30 02:54:06', '2016-11-30 02:54:06', NULL),
(37, 'Piero Moretti', '', '1', 0, '2016-11-30 02:54:22', '2016-11-30 02:54:22', NULL),
(38, 'Oblique', '', '1', 0, '2016-11-30 02:55:48', '2016-11-30 02:55:48', NULL),
(39, 'Vivienne Westwood', '', '1', 0, '2016-11-30 02:56:22', '2016-11-30 02:56:22', NULL),
(40, 'Manzoni 24', '', '1', 0, '2016-11-30 02:56:35', '2016-11-30 02:56:35', NULL),
(41, 'Langiotti', '', '1', 0, '2016-11-30 02:57:03', '2016-11-30 02:57:03', NULL),
(42, 'Crea', '', '1', 0, '2016-11-30 02:57:25', '2016-11-30 02:57:25', NULL),
(43, 'Diego M', '', '1', 0, '2016-11-30 02:57:39', '2016-11-30 02:57:39', NULL),
(44, 'Elisabetta Franchi', '', '1', 0, '2016-11-30 02:58:11', '2016-11-30 02:58:11', NULL),
(45, 'Pamela', '', '1', 0, '2016-11-30 02:58:22', '2016-11-30 02:58:22', NULL),
(46, 'Giorgio Fabiani', '', '1', 0, '2016-11-30 02:58:44', '2016-11-30 02:58:44', NULL),
(47, 'Cromia', '', '1', 0, '2016-11-30 02:58:55', '2016-11-30 02:58:55', NULL),
(48, 'Giovanni Fabiani', '', '1', 0, '2016-11-30 02:59:24', '2016-11-30 02:59:24', NULL),
(49, 'Braccialini', '', '1', 0, '2016-11-30 02:59:44', '2016-11-30 02:59:44', NULL),
(50, 'Gironacci', '', '1', 0, '2016-11-30 03:00:01', '2016-11-30 03:00:01', NULL),
(51, 'Jacky Celine', '', '1', 0, '2016-11-30 03:00:19', '2016-11-30 03:00:19', NULL),
(52, 'Eagle', '', '1', 0, '2016-11-30 03:00:32', '2016-11-30 03:00:32', NULL),
(53, 'Egon', '', '1', 0, '2016-11-30 03:00:40', '2016-11-30 03:00:40', NULL),
(54, 'Marilu', '', '1', 0, '2016-11-30 03:00:50', '2016-11-30 03:00:50', NULL),
(55, 'Sportalm', '', '1', 0, '2016-11-30 03:01:01', '2016-11-30 03:01:01', NULL),
(56, 'Luisa Spagnoli', '', '1', 0, '2016-11-30 03:01:24', '2016-11-30 03:01:24', NULL),
(57, 'Ferre', '', '1', 0, '2016-11-30 03:01:33', '2016-11-30 03:01:33', NULL),
(58, 'Brunella', '', '1', 0, '2016-11-30 03:01:47', '2016-11-30 03:01:47', NULL),
(59, 'Mally', '', '1', 0, '2016-11-30 03:02:06', '2016-11-30 03:02:06', NULL),
(60, 'Tiffi', '', '1', 0, '2016-11-30 03:05:57', '2016-11-30 03:05:57', NULL),
(61, 'Ballin', '', '1', 0, '2016-11-30 03:06:19', '2016-11-30 03:06:19', NULL),
(62, 'Dyva', '', '1', 0, '2016-11-30 03:06:28', '2016-11-30 03:06:28', NULL),
(63, 'Essere', '', '1', 0, '2016-11-30 03:06:38', '2016-11-30 03:06:38', NULL),
(64, 'Baldinini', '', '1', 0, '2016-11-30 03:06:52', '2016-11-30 03:06:52', NULL),
(65, 'Franco Russo', '', '1', 0, '2016-11-30 03:07:10', '2016-11-30 03:07:10', NULL),
(66, 'Icone', '', '1', 0, '2016-11-30 03:07:17', '2016-11-30 03:07:17', NULL),
(67, 'Lepepe', '', '1', 0, '2016-11-30 03:07:25', '2016-11-30 03:07:25', NULL),
(68, 'Moero', '', '1', 0, '2016-11-30 03:07:36', '2016-11-30 03:07:36', NULL),
(69, 'Nila&Nila', '', '1', 0, '2016-11-30 03:07:58', '2016-11-30 03:07:58', NULL),
(70, 'Mandala', '', '1', 0, '2016-11-30 03:08:09', '2016-11-30 03:08:09', NULL),
(71, 'Peter Kaiser', '', '1', 0, '2016-11-30 03:08:21', '2016-11-30 03:08:21', NULL),
(72, 'R&Renzi', '', '1', 0, '2016-11-30 03:08:33', '2016-11-30 03:08:33', NULL),
(73, 'Santini', '', '1', 0, '2016-11-30 03:09:00', '2016-11-30 03:09:00', NULL),
(74, 'Thierry Rabotin', '', '1', 0, '2016-11-30 03:09:19', '2016-11-30 03:09:19', NULL),
(75, 'Zocal', '', '1', 0, '2016-11-30 03:09:28', '2016-11-30 03:09:28', NULL),
(76, 'Ninalilou', '', '1', 0, '2016-11-30 03:09:38', '2016-11-30 03:09:38', NULL),
(77, 'Uma Parker', '', '1', 0, '2016-11-30 03:09:49', '2016-11-30 03:09:49', NULL),
(78, 'Norma Baker', '', '1', 0, '2016-11-30 03:10:01', '2016-11-30 03:10:01', NULL),
(79, 'Renzi Merkury', '', '1', 0, '2016-11-30 03:10:22', '2016-11-30 03:10:22', NULL),
(80, 'Mary Claud', '', '1', 0, '2016-11-30 03:10:32', '2016-11-30 03:10:32', NULL),
(81, 'Guido Sgariglia', '', '1', 0, '2016-11-30 03:10:51', '2016-11-30 03:10:51', NULL),
(82, 'Vittorio Virgili', '', '1', 0, '2016-11-30 03:11:10', '2016-11-30 03:11:10', NULL),
(83, 'Basler', '', '1', 0, '2016-11-30 03:11:18', '2016-11-30 03:11:18', NULL),
(84, 'Tuzzi', '', '1', 0, '2016-11-30 03:11:27', '2016-11-30 03:11:27', NULL),
(85, 'Laurel', '', '1', 0, '2016-11-30 03:11:37', '2016-11-30 03:11:37', NULL),
(86, 'Eugen Klein', '', '1', 0, '2016-11-30 03:11:54', '2016-11-30 03:11:54', NULL),
(87, 'Michael', '', '1', 0, '2016-11-30 03:12:04', '2016-11-30 03:12:04', NULL),
(88, 'Rosner', '', '1', 0, '2016-11-30 03:12:15', '2016-11-30 03:12:15', NULL),
(89, 'Supertrash', '', '1', 0, '2016-11-30 03:12:30', '2016-11-30 03:12:30', NULL),
(90, 'Elena Miro', '', '1', 0, '2016-11-30 03:12:42', '2016-11-30 03:12:42', NULL),
(91, 'Samoon', '', '1', 0, '2016-11-30 03:12:50', '2016-11-30 03:12:50', NULL),
(92, 'Taifun', '', '1', 0, '2016-11-30 03:12:59', '2016-11-30 03:12:59', NULL),
(93, 'Oui', '', '1', 0, '2016-11-30 03:13:07', '2016-11-30 03:13:07', NULL),
(94, 'Concept''k', '', '1', 0, '2016-11-30 03:13:16', '2016-11-30 03:13:16', NULL),
(95, 'Fuchs Schmitt', '', '1', 0, '2016-11-30 03:13:24', '2016-11-30 03:13:24', NULL),
(96, 'Nice Things', '', '1', 0, '2016-11-30 03:13:33', '2016-11-30 03:13:33', NULL),
(97, 'Blacky Dress', '', '1', 0, '2016-11-30 03:13:42', '2016-11-30 03:13:42', NULL),
(98, 'Ana Alcazar', '', '1', 0, '2016-11-30 03:13:56', '2016-11-30 03:13:56', NULL),
(99, 'Public', '', '1', 0, '2016-11-30 03:14:18', '2016-11-30 03:14:18', NULL),
(100, 'Heymann', '', '1', 0, '2016-11-30 03:14:28', '2016-11-30 03:14:28', NULL),
(101, 'Apanage', '', '1', 0, '2016-11-30 03:15:18', '2016-11-30 03:15:18', NULL),
(102, 'Zaffiri', '', '1', 0, '2016-11-30 03:15:30', '2016-11-30 03:15:30', NULL),
(103, 'Pierre Cardin', '', '1', 0, '2016-11-30 03:15:45', '2016-11-30 03:15:45', NULL),
(104, 'Passport', '', '1', 0, '2016-11-30 03:15:58', '2016-11-30 03:15:58', NULL),
(105, 'Jean Paul', '', '1', 0, '2016-11-30 03:16:12', '2016-11-30 03:16:12', NULL),
(106, 'Eterna', '', '1', 0, '2016-11-30 03:16:20', '2016-11-30 03:16:20', NULL),
(107, 'Erfo', '', '1', 0, '2016-11-30 03:16:31', '2016-11-30 03:16:31', NULL),
(108, 'Mybc', '', '1', 0, '2016-11-30 03:16:41', '2016-11-30 03:16:41', NULL),
(109, 'Lauren Vidal', '', '1', 0, '2016-11-30 03:16:57', '2016-11-30 03:16:57', NULL),
(110, 'Milano', '', '1', 0, '2016-11-30 03:17:07', '2016-11-30 03:17:07', NULL),
(111, 'Lavand', '', '1', 0, '2016-11-30 03:17:18', '2016-11-30 03:17:18', NULL),
(112, 'Gaudi', '', '1', 0, '2016-11-30 03:17:40', '2016-11-30 03:17:40', NULL),
(113, 'Malvin', '', '1', 0, '2016-11-30 03:17:53', '2016-11-30 03:17:53', NULL),
(114, 'Gelco', '', '1', 0, '2016-11-30 03:18:06', '2016-11-30 03:18:06', NULL),
(115, 'Apriori', '', '1', 0, '2016-11-30 03:18:18', '2016-11-30 03:18:18', NULL),
(116, 'Kapalua', '', '1', 0, '2016-11-30 03:18:31', '2016-11-30 03:18:31', NULL),
(117, 'Geisha', '', '1', 0, '2016-11-30 03:18:39', '2016-11-30 03:18:39', NULL),
(118, 'Foresti', '', '1', 0, '2016-11-30 03:18:50', '2016-11-30 03:18:50', NULL),
(119, 'Verpass', '', '1', 0, '2016-11-30 03:19:00', '2016-11-30 03:19:00', NULL),
(120, 'Barbara Becker', '', '1', 0, '2016-11-30 03:19:11', '2016-11-30 03:19:11', NULL),
(121, 'MAC', '', '1', 0, '2016-11-30 03:19:20', '2016-11-30 03:19:20', NULL),
(122, 'Toni', '', '1', 0, '2016-11-30 03:19:30', '2016-11-30 03:19:30', NULL),
(123, 'Steilmann', '', '1', 0, '2016-11-30 03:19:42', '2016-11-30 03:19:42', NULL),
(124, 'Gabriel', '', '1', 0, '2016-11-30 03:19:51', '2016-11-30 03:19:51', NULL),
(125, 'Anna Rita', '', '1', 0, '2016-11-30 03:20:03', '2016-11-30 03:20:56', '2016-11-30 03:20:56'),
(126, 'Feiler', '', '1', 0, '2016-11-30 03:20:50', '2016-11-30 03:20:50', NULL),
(127, 'Anthoni Crown', '', '1', 0, '2016-11-30 03:22:30', '2016-11-30 03:23:28', '2016-11-30 03:23:28'),
(128, 'Atelier Torino', '', '1', 0, '2016-11-30 03:22:47', '2016-11-30 03:22:47', NULL),
(129, 'Atelier Torino', '', '1', 0, '2016-11-30 03:22:47', '2016-11-30 03:23:36', '2016-11-30 03:23:36'),
(130, 'Adhoc', '', '1', 0, '2016-11-30 03:23:02', '2016-11-30 03:23:28', '2016-11-30 03:23:28'),
(131, 'Alberto', '', '1', 0, '2016-11-30 03:23:16', '2016-11-30 03:23:16', NULL),
(132, 'Barker ', '', '1', 0, '2016-11-30 03:24:00', '2016-11-30 03:24:00', NULL),
(133, 'Brax', '', '1', 0, '2016-11-30 03:24:21', '2016-11-30 03:24:21', NULL),
(134, 'Bugatti', '', '1', 0, '2016-11-30 03:24:30', '2016-11-30 03:24:30', NULL),
(135, 'Casa Moda', '', '1', 0, '2016-11-30 03:24:54', '2016-11-30 03:24:54', NULL),
(136, 'Cerruti', '', '1', 0, '2016-11-30 03:25:10', '2016-11-30 03:25:10', NULL),
(137, 'Ciprioni', '', '1', 0, '2016-11-30 03:25:24', '2016-11-30 03:25:24', NULL),
(138, 'CLUB of COMFORT', '', '1', 0, '2016-11-30 03:26:17', '2016-11-30 03:26:17', NULL),
(139, 'Digel', '', '1', 0, '2016-11-30 03:26:37', '2016-11-30 03:26:37', NULL),
(140, 'Dimensione', '', '1', 0, '2016-11-30 03:26:47', '2016-11-30 03:26:47', NULL),
(141, 'Eterna', '', '1', 0, '2016-11-30 03:27:11', '2016-11-30 03:27:11', NULL),
(142, 'Fabio Inghirami', '', '1', 0, '2016-11-30 03:27:35', '2016-11-30 03:27:35', NULL),
(143, 'Frankie Morello', '', '1', 0, '2016-11-30 03:28:03', '2016-11-30 03:28:03', NULL),
(144, 'Feraud', '', '1', 0, '2016-11-30 03:28:13', '2016-11-30 03:28:13', NULL),
(145, 'Gianfranco Lattanzi', '', '1', 0, '2016-11-30 03:28:41', '2016-11-30 03:28:54', NULL),
(146, 'Galotti', '', '1', 0, '2016-11-30 03:29:06', '2016-11-30 03:29:06', NULL),
(147, 'Gioferrari', '', '1', 0, '2016-11-30 03:29:20', '2016-11-30 03:29:20', NULL),
(148, 'Henry Cottons', '', '1', 0, '2016-11-30 03:29:38', '2016-11-30 03:29:38', NULL),
(149, 'Jupiter', '', '1', 0, '2016-11-30 03:29:58', '2016-11-30 03:29:58', NULL),
(150, 'Luciano Ilary', '', '1', 0, '2016-11-30 03:30:23', '2016-11-30 03:30:23', NULL),
(151, 'Luigi Morini', '', '1', 0, '2016-11-30 03:30:49', '2016-11-30 03:30:49', NULL),
(152, 'Lab4style', '', '1', 0, '2016-11-30 03:31:03', '2016-11-30 03:31:16', NULL),
(153, 'Marina Yachting', '', '1', 0, '2016-11-30 03:32:20', '2016-11-30 03:32:20', NULL),
(154, 'Mabrun', '', '1', 0, '2016-11-30 03:32:30', '2016-11-30 03:32:30', NULL),
(155, 'Maestrami', '', '1', 0, '2016-11-30 03:32:41', '2016-11-30 03:32:41', NULL),
(156, 'Maglia ', '', '1', 0, '2016-11-30 03:32:49', '2016-11-30 03:32:49', NULL),
(157, 'Marcello Marabotti', '', '1', 0, '2016-11-30 03:33:04', '2016-11-30 03:33:04', NULL),
(158, 'Maros', '', '1', 0, '2016-11-30 03:33:17', '2016-11-30 03:33:17', NULL),
(159, 'Marvelis', '', '1', 0, '2016-11-30 03:33:26', '2016-11-30 03:33:26', NULL),
(160, 'Milestone', '', '1', 0, '2016-11-30 03:33:53', '2016-11-30 03:33:53', NULL),
(161, 'Mixture', '', '1', 0, '2016-11-30 03:34:02', '2016-11-30 03:34:02', NULL),
(162, 'Montecore', '', '1', 0, '2016-11-30 03:34:14', '2016-11-30 03:34:14', NULL),
(163, 'Mora', '', '1', 0, '2016-11-30 03:34:59', '2016-11-30 03:34:59', NULL),
(164, 'Morgano', '', '1', 0, '2016-11-30 03:35:05', '2016-11-30 03:35:05', NULL),
(165, 'Navigare', '', '1', 0, '2016-11-30 03:35:26', '2016-11-30 03:35:26', NULL),
(166, 'Olymp', '', '1', 0, '2016-11-30 03:35:32', '2016-11-30 03:35:32', NULL),
(167, 'Pure', '', '1', 0, '2016-11-30 03:35:57', '2016-11-30 03:35:57', NULL),
(168, 'Roy Robson', '', '1', 0, '2016-11-30 03:36:08', '2016-11-30 03:36:08', NULL),
(169, 'Roberto Rossi', '', '1', 0, '2016-11-30 03:36:20', '2016-11-30 03:36:20', NULL),
(170, 'Rossi', '', '1', 0, '2016-11-30 03:36:32', '2016-11-30 03:36:32', NULL),
(171, 'Stones', '', '1', 0, '2016-11-30 03:36:45', '2016-11-30 03:36:45', NULL),
(172, 'Venti', '', '1', 0, '2016-11-30 03:37:19', '2016-11-30 03:37:19', NULL),
(173, 'Wilvorst', '', '1', 0, '2016-11-30 03:37:30', '2016-11-30 03:37:30', NULL);

-- --------------------------------------------------------

--
-- Структура таблицы `category`
--

CREATE TABLE `category` (
  `category_id` int(10) UNSIGNED NOT NULL,
  `category_name_ru` varchar(255) COLLATE utf8_unicode_ci NOT NULL,
  `category_name_kz` varchar(255) COLLATE utf8_unicode_ci DEFAULT NULL,
  `category_name_en` varchar(255) COLLATE utf8_unicode_ci DEFAULT NULL,
  `category_url` varchar(300) COLLATE utf8_unicode_ci NOT NULL,
  `main_category_id` int(11) UNSIGNED DEFAULT NULL,
  `category_level` int(11) DEFAULT '1',
  `is_male` varchar(20) COLLATE utf8_unicode_ci DEFAULT '1',
  `is_show` varchar(1) COLLATE utf8_unicode_ci DEFAULT '1',
  `is_show_main` varchar(20) COLLATE utf8_unicode_ci DEFAULT '0' COMMENT 'показать на главной странице',
  `has_child` varchar(20) COLLATE utf8_unicode_ci DEFAULT '1',
  `sort_num` int(11) DEFAULT '0',
  `created_at` timestamp NULL DEFAULT NULL,
  `updated_at` timestamp NULL DEFAULT NULL,
  `deleted_at` timestamp NULL DEFAULT NULL
) ENGINE=InnoDB DEFAULT CHARSET=utf8 COLLATE=utf8_unicode_ci;

--
-- Дамп данных таблицы `category`
--

INSERT INTO `category` (`category_id`, `category_name_ru`, `category_name_kz`, `category_name_en`, `category_url`, `main_category_id`, `category_level`, `is_male`, `is_show`, `is_show_main`, `has_child`, `sort_num`, `created_at`, `updated_at`, `deleted_at`) VALUES
(1, 'Аксессуары', NULL, NULL, 'aksessuary', NULL, 1, '0', '1', '1', '1', 3, '2016-07-27 02:51:54', '2016-11-18 09:00:00', '2016-11-18 09:00:00'),
(2, 'Женская обувь', NULL, NULL, 'dgenskaya-obuv', NULL, 1, '0', '1', '1', '1', 2, '2016-07-27 02:53:39', '2016-11-18 08:59:59', '2016-11-18 08:59:59'),
(3, 'Женская одежда', NULL, NULL, 'dgenskaya-odedgda', NULL, 1, '0', '1', '1', '1', 1, '2016-07-27 02:53:49', '2016-11-18 08:59:58', '2016-11-18 08:59:58'),
(4, 'Аксессуары', NULL, NULL, 'aksessuary', NULL, 1, '1', '1', '1', '1', 3, '2016-07-27 03:23:11', '2016-11-18 08:59:57', '2016-11-18 08:59:57'),
(5, 'Мужская обувь', NULL, NULL, 'mudgskaya-obuv', NULL, 1, '1', '1', '1', '1', 2, '2016-07-27 03:23:24', '2016-11-18 08:59:56', '2016-11-18 08:59:56'),
(6, 'Мужская одежда', NULL, NULL, 'mudgskaya-odedgda', NULL, 1, '1', '1', '1', '1', 1, '2016-07-27 03:23:44', '2016-11-18 08:59:55', '2016-11-18 08:59:55'),
(7, 'Юбки', NULL, NULL, 'yubki', 3, 2, '1', '1', '1', '1', 1, '2016-07-27 04:11:34', '2016-11-18 09:15:29', '2016-11-18 09:15:29'),
(8, 'Брюки', NULL, NULL, 'bryuki', 3, 2, '1', '1', '1', '1', 2, '2016-07-27 04:12:43', '2016-11-18 09:15:36', '2016-11-18 09:15:36'),
(9, 'Джинсы', NULL, NULL, 'ddginsy', 3, 2, '1', '1', '1', '1', 3, '2016-07-27 04:13:50', '2016-11-18 09:15:38', '2016-11-18 09:15:38'),
(10, 'Шорты', NULL, NULL, 'shorty', 3, 2, '1', '1', '1', '1', 4, '2016-07-27 04:14:04', '2016-11-18 09:15:40', '2016-11-18 09:15:40'),
(11, 'Блузки', NULL, NULL, 'bluzki', 3, 2, '1', '1', '1', '1', 5, '2016-07-27 04:14:16', '2016-11-18 09:17:44', '2016-11-18 09:17:44'),
(12, 'Рубажки', NULL, NULL, 'rubadgki', 3, 2, '1', '1', '1', '1', 6, '2016-07-27 04:14:37', '2016-11-18 09:17:43', '2016-11-18 09:17:43'),
(13, 'Название блузки', NULL, NULL, 'nazvanie-bluzki', 11, 3, '1', '1', '0', '1', 1, '2016-07-27 05:27:57', '2016-11-18 09:18:38', '2016-11-18 09:18:38'),
(14, 'товар222', NULL, NULL, 'tovar222', 8, 3, '1', '1', '0', '1', 2, '2016-08-02 07:14:37', '2016-11-18 09:18:38', '2016-11-18 09:18:38'),
(15, 'Прямые', NULL, NULL, 'pryamye', 7, 3, '1', '1', '0', '1', 1, '2016-08-06 01:08:34', '2016-11-18 09:18:14', '2016-11-18 09:18:14'),
(16, 'Мини', NULL, NULL, 'mini', 7, 3, '1', '1', '0', '1', 2, '2016-08-06 01:08:57', '2016-11-18 09:18:14', '2016-11-18 09:18:14'),
(17, 'Макси', NULL, NULL, 'maksi', 7, 3, '1', '1', '0', '1', 3, '2016-08-06 01:09:27', '2016-11-18 09:18:14', '2016-11-18 09:18:14'),
(18, 'Узкие', NULL, NULL, 'uzkie', 7, 3, '1', '1', '0', '1', 4, '2016-08-06 01:09:49', '2016-11-18 09:18:14', '2016-11-18 09:18:14'),
(19, 'www', NULL, NULL, 'www', 3, 2, '1', '1', '1', '0', 0, '2016-08-23 03:24:03', '2016-11-18 09:17:43', '2016-11-18 09:17:43'),
(21, 'www', NULL, NULL, 'www', 19, 3, '1', '1', '1', '1', -1, '2016-08-23 03:26:56', '2016-08-23 03:26:56', NULL),
(22, 'qqqq', NULL, NULL, 'qqqq', 3, 2, '1', '1', '0', '0', 0, '2016-08-23 03:27:04', '2016-11-18 09:17:42', '2016-11-18 09:17:42'),
(23, 'qqqq', NULL, NULL, 'qqqq', 22, 3, '1', '1', '0', '1', -1, '2016-08-23 03:27:04', '2016-08-23 03:27:04', NULL),
(24, 'sss', NULL, NULL, 'sss', 3, 2, '1', '1', '1', '1', 0, '2016-08-23 05:29:10', '2016-11-18 09:17:41', '2016-11-18 09:17:41'),
(25, 'sss', NULL, NULL, 'sss', 3, 2, '1', '1', '0', '1', 0, '2016-08-23 05:29:42', '2016-11-18 09:17:40', '2016-11-18 09:17:40'),
(26, '21312312', NULL, NULL, '21312312', 11, 3, '1', '1', '0', '1', 2, '2016-08-23 05:36:58', '2016-11-18 09:18:13', '2016-11-18 09:18:13'),
(27, 'sss', NULL, NULL, 'sss', 24, 3, '1', '1', '1', '1', -1, '2016-08-23 05:45:23', '2016-11-18 09:18:13', '2016-11-18 09:18:13'),
(28, 'Сумки', NULL, NULL, 'sumki', NULL, 1, '0', '1', '0', '1', 4, '2016-10-29 04:31:41', '2016-11-18 08:59:55', '2016-11-18 08:59:55'),
(29, 'Украшения', NULL, NULL, 'ukrasheniya', NULL, 1, '0', '1', '1', '1', 5, '2016-10-29 04:32:28', '2016-11-18 08:59:54', '2016-11-18 08:59:54'),
(30, 'Сумки', NULL, NULL, 'sumki', NULL, 1, '1', '1', '0', '1', 4, '2016-10-29 04:33:12', '2016-11-18 08:59:52', '2016-11-18 08:59:52'),
(31, 'Костюмы', NULL, NULL, 'kostyumy', 6, 2, '1', '1', '1', '1', 1, '2016-10-29 04:37:49', '2016-11-18 09:17:35', '2016-11-18 09:17:35'),
(32, 'Пиджаки', NULL, NULL, 'piddgaki', 6, 2, '1', '1', '1', '1', 2, '2016-10-29 04:39:10', '2016-11-18 09:17:34', '2016-11-18 09:17:34'),
(33, 'Брюки и слаксы', NULL, NULL, 'bryuki-i-slaksy', 6, 2, '1', '1', '1', '1', 3, '2016-10-29 04:39:39', '2016-11-18 09:17:33', '2016-11-18 09:17:33'),
(34, 'Рубашки', NULL, NULL, 'rubashki', 6, 2, '1', '1', '1', '1', 4, '2016-10-29 04:39:59', '2016-11-18 09:17:33', '2016-11-18 09:17:33'),
(35, 'Свитера', NULL, NULL, 'svitera', 6, 2, '1', '1', '1', '1', 5, '2016-10-29 04:41:57', '2016-11-18 09:17:32', '2016-11-18 09:17:32'),
(36, 'Батники', NULL, NULL, 'batniki', 6, 2, '1', '1', '1', '0', 6, '2016-10-29 04:44:18', '2016-11-18 09:17:31', '2016-11-18 09:17:31'),
(37, 'Батники', NULL, NULL, 'batniki', 36, 3, '1', '1', '1', '1', -1, '2016-10-29 04:44:18', '2016-10-29 04:44:18', NULL),
(38, 'Джинсы', NULL, NULL, 'ddginsy', 6, 2, '1', '1', '1', '1', 7, '2016-10-29 04:45:06', '2016-11-18 09:17:31', '2016-11-18 09:17:31'),
(39, 'Шорты', NULL, NULL, 'shorty', 6, 2, '1', '1', '1', '1', 8, '2016-10-29 04:45:26', '2016-11-18 09:17:30', '2016-11-18 09:17:30'),
(40, 'Спортивная одежда', NULL, NULL, 'sportivnaya-odedgda', 6, 2, '1', '1', '1', '1', 9, '2016-10-29 04:45:50', '2016-11-18 09:17:25', '2016-11-18 09:17:25'),
(41, 'Футболки', NULL, NULL, 'futbolki', 6, 2, '1', '1', '1', '1', 10, '2016-10-29 04:46:33', '2016-11-18 09:17:24', '2016-11-18 09:17:24'),
(42, 'Пляжная одежда', NULL, NULL, 'plyadgnaya-odedgda', 6, 2, '1', '1', '0', '1', 11, '2016-10-29 04:47:02', '2016-11-18 09:17:24', '2016-11-18 09:17:24'),
(43, 'Верхняя одежда', NULL, NULL, 'verkhnyaya-odedgda', 6, 2, '1', '1', '1', '1', 12, '2016-10-29 04:47:31', '2016-11-18 09:17:23', '2016-11-18 09:17:23'),
(44, 'Белье', NULL, NULL, 'bele', 6, 2, '1', '1', '1', '1', 13, '2016-10-29 04:47:58', '2016-11-18 09:17:22', '2016-11-18 09:17:22'),
(45, 'Носки и гетры', NULL, NULL, 'noski-i-getry', 6, 2, '1', '1', '1', '0', 14, '2016-10-29 04:48:42', '2016-11-18 09:17:21', '2016-11-18 09:17:21'),
(46, 'Носки и гетры', NULL, NULL, 'noski-i-getry', 45, 3, '1', '1', '1', '1', -1, '2016-10-29 04:48:42', '2016-10-29 04:48:42', NULL),
(47, 'Домашняя одежда', NULL, NULL, 'domashnyaya-odedgda', 6, 2, '1', '1', '0', '1', 15, '2016-10-29 04:49:26', '2016-11-18 09:17:20', '2016-11-18 09:17:20'),
(48, 'Ботинки', NULL, NULL, 'botinki', 5, 2, '1', '1', '1', '1', 1, '2016-10-29 04:54:28', '2016-11-18 09:17:17', '2016-11-18 09:17:17'),
(49, 'Туфли', NULL, NULL, 'tufli', 5, 2, '1', '1', '1', '1', 2, '2016-10-29 04:54:53', '2016-11-18 09:17:09', '2016-11-18 09:17:09'),
(50, 'Кроссовки и кеды', NULL, NULL, 'krossovki-i-kedy', 5, 2, '1', '1', '1', '1', 3, '2016-10-29 04:56:05', '2016-11-18 09:17:06', '2016-11-18 09:17:06'),
(51, 'Мокасины', NULL, NULL, 'mokasiny', 5, 2, '1', '1', '1', '1', 4, '2016-10-29 04:56:35', '2016-11-18 09:17:05', '2016-11-18 09:17:05'),
(52, 'Летняя обувь', NULL, NULL, 'letnyaya-obuv', 5, 2, '1', '1', '1', '1', 5, '2016-10-29 04:56:59', '2016-11-18 09:17:05', '2016-11-18 09:17:05'),
(53, 'Домашние тапочки', NULL, NULL, 'domashnie-tapochki', 5, 2, '1', '1', '0', '0', 6, '2016-10-29 04:57:22', '2016-11-18 09:17:04', '2016-11-18 09:17:04'),
(54, 'Головные уборы', NULL, NULL, 'golovnye-ubory', 4, 2, '1', '1', '1', '1', 1, '2016-10-29 04:57:57', '2016-11-18 09:17:03', '2016-11-18 09:17:03'),
(55, 'Перчатки', NULL, NULL, 'perchatki', 4, 2, '1', '1', '1', '1', 2, '2016-10-29 04:58:33', '2016-11-18 09:17:00', '2016-11-18 09:17:00'),
(56, 'Шарфы и платки', NULL, NULL, 'sharfy-i-platki', 4, 2, '1', '1', '1', '1', 3, '2016-10-29 04:59:00', '2016-11-18 09:17:00', '2016-11-18 09:17:00'),
(57, 'Ремни', NULL, NULL, 'remni', 4, 2, '1', '1', '1', '1', 4, '2016-10-29 04:59:47', '2016-11-18 09:16:35', '2016-11-18 09:16:35'),
(58, 'Галстуки и бабочки', NULL, NULL, 'galstuki-i-babochki', 4, 2, '1', '1', '1', '1', 5, '2016-10-29 05:00:16', '2016-11-18 09:16:33', '2016-11-18 09:16:33'),
(59, 'Портмоне и кошельки', NULL, NULL, 'portmone-i-koshelki', 4, 2, '1', '1', '0', '1', 6, '2016-10-29 05:00:59', '2016-11-18 09:16:31', '2016-11-18 09:16:31'),
(60, 'Дорожные сумки', NULL, NULL, 'dorodgnye-sumki', 30, 2, '1', '1', '0', '0', 1, '2016-10-29 05:03:28', '2016-11-18 09:16:31', '2016-11-18 09:16:31'),
(61, 'Спортивные сумки', NULL, NULL, 'sportivnye-sumki', 30, 2, '1', '1', '0', '0', 2, '2016-10-29 05:03:55', '2016-11-18 09:16:30', '2016-11-18 09:16:30'),
(62, 'Спортивные сумки', NULL, NULL, 'sportivnye-sumki', 61, 3, '1', '1', '0', '1', -1, '2016-10-29 05:03:55', '2016-10-29 05:03:55', NULL),
(63, 'Дорожные сумки', NULL, NULL, 'dorodgnye-sumki', 60, 3, '1', '1', '0', '1', -1, '2016-10-29 05:04:06', '2016-10-29 05:04:06', NULL),
(64, 'Рюкзаки', NULL, NULL, 'ryukzaki', 30, 2, '1', '1', '0', '0', 3, '2016-10-29 05:04:26', '2016-11-18 09:16:29', '2016-11-18 09:16:29'),
(65, 'Рюкзаки', NULL, NULL, 'ryukzaki', 64, 3, '1', '1', '0', '1', -1, '2016-10-29 05:04:26', '2016-10-29 05:04:26', NULL),
(66, 'Барсетки', NULL, NULL, 'barsetki', 30, 2, '1', '1', '0', '0', 4, '2016-10-29 05:04:44', '2016-11-18 09:16:28', '2016-11-18 09:16:28'),
(67, 'Барсетки', NULL, NULL, 'barsetki', 66, 3, '1', '1', '0', '1', -1, '2016-10-29 05:04:44', '2016-10-29 05:04:44', NULL),
(68, 'Чехлы для планшетов', NULL, NULL, 'chekhly-dlya-planshetov', 30, 2, '1', '1', '0', '0', 5, '2016-10-29 05:05:14', '2016-11-18 09:16:27', '2016-11-18 09:16:27'),
(69, 'Чехлы для планшетов', NULL, NULL, 'chekhly-dlya-planshetov', 68, 3, '1', '1', '0', '1', -1, '2016-10-29 05:05:14', '2016-10-29 05:05:14', NULL),
(70, 'Классические костюмы', NULL, NULL, 'klassicheskie-kostyumy', 31, 3, '1', '1', '0', '1', 1, '2016-10-30 03:53:11', '2016-11-18 09:18:13', '2016-11-18 09:18:13'),
(71, 'Полуприталенные костюмы', NULL, NULL, 'polupritalennye-kostyumy', 31, 3, '1', '1', '0', '1', 2, '2016-10-30 03:54:24', '2016-11-18 09:18:13', '2016-11-18 09:18:13'),
(72, 'Приталенные костюмы', NULL, NULL, 'pritalennye-kostyumy', 31, 3, '1', '1', '0', '1', 3, '2016-10-30 03:54:52', '2016-11-18 09:18:13', '2016-11-18 09:18:13'),
(73, 'Пиджаки', NULL, NULL, 'piddgaki', 32, 3, '1', '1', '0', '1', 1, '2016-10-30 04:15:55', '2016-11-18 09:18:13', '2016-11-18 09:18:13'),
(74, 'Классические брюки', NULL, NULL, 'klassicheskie-bryuki', 33, 3, '1', '1', '0', '1', 1, '2016-10-30 04:30:06', '2016-11-18 09:18:26', '2016-11-18 09:18:26'),
(75, 'Слаксы', NULL, NULL, 'slaksy', 33, 3, '1', '1', '0', '1', 2, '2016-10-30 04:30:40', '2016-11-18 09:18:26', '2016-11-18 09:18:26'),
(76, 'Рубашки с короткими рукавами', NULL, NULL, 'rubashki-s-korotkimi-rukavami', 34, 3, '1', '1', '0', '1', 1, '2016-10-30 04:43:18', '2016-11-18 09:18:26', '2016-11-18 09:18:26'),
(77, 'Рубашки с длинными рукавами', NULL, NULL, 'rubashki-s-dlinnymi-rukavami', 34, 3, '1', '1', '0', '1', 2, '2016-10-30 04:46:01', '2016-11-18 09:18:26', '2016-11-18 09:18:26'),
(78, 'Рубашки со стойким воротником', NULL, NULL, 'rubashki-so-stoykim-vorotnikom', 34, 3, '1', '1', '0', '1', 3, '2016-10-30 04:46:32', '2016-11-18 09:18:26', '2016-11-18 09:18:26'),
(79, 'Свитера', NULL, NULL, 'svitera', 35, 3, '1', '1', '0', '1', 1, '2016-10-30 04:53:06', '2016-11-18 09:18:26', '2016-11-18 09:18:26'),
(80, 'Демперы и пуловеры', NULL, NULL, 'dempery-i-pulovery', 35, 3, '1', '1', '0', '1', 2, '2016-10-30 04:53:43', '2016-11-18 09:18:26', '2016-11-18 09:18:26'),
(81, 'Классические джинсы', NULL, NULL, 'klassicheskie-ddginsy', 38, 3, '1', '1', '0', '1', 1, '2016-10-30 04:55:43', '2016-11-18 09:18:25', '2016-11-18 09:18:25'),
(82, 'Зауженные джинсы', NULL, NULL, 'zaudgennye-ddginsy', 38, 3, '1', '1', '0', '1', 2, '2016-10-30 04:56:13', '2016-11-18 09:18:25', '2016-11-18 09:18:25'),
(83, 'Прямые джинсы', NULL, NULL, 'pryamye-ddginsy', 38, 3, '1', '1', '0', '1', 3, '2016-10-30 04:56:39', '2016-11-18 09:18:25', '2016-11-18 09:18:25'),
(84, 'Спортивные костюмы', NULL, NULL, 'sportivnye-kostyumy', 40, 3, '1', '1', '0', '1', 1, '2016-10-30 04:57:47', '2016-11-18 09:18:07', '2016-11-18 09:18:07'),
(85, 'Олимпийки и толстовки', NULL, NULL, 'olimpiyki-i-tolstovki', 40, 3, '1', '1', '0', '1', 2, '2016-10-30 04:58:14', '2016-11-18 09:18:07', '2016-11-18 09:18:07'),
(86, 'Спортивные брюки', NULL, NULL, 'sportivnye-bryuki', 40, 3, '1', '1', '0', '1', 3, '2016-10-30 04:58:39', '2016-11-18 09:18:07', '2016-11-18 09:18:07'),
(87, 'Футболки с длинным рукавом', NULL, NULL, 'futbolki-s-dlinnym-rukavom', 41, 3, '1', '1', '0', '1', 1, '2016-10-30 05:04:38', '2016-11-18 09:18:07', '2016-11-18 09:18:07'),
(88, 'Пуховики и зимние куртки', NULL, NULL, 'pukhoviki-i-zimnie-kurtki', 43, 3, '1', '1', '0', '1', 1, '2016-10-30 05:05:56', '2016-11-18 09:18:06', '2016-11-18 09:18:06'),
(89, 'Дубленки', NULL, NULL, 'dublenki', 43, 3, '1', '1', '0', '1', 2, '2016-10-30 05:06:15', '2016-11-18 09:18:06', '2016-11-18 09:18:06'),
(90, 'Демисезонные куртки', NULL, NULL, 'demisezonnye-kurtki', 43, 3, '1', '1', '0', '1', 3, '2016-10-30 05:06:40', '2016-11-18 09:18:06', '2016-11-18 09:18:06'),
(91, 'Классические куртки', NULL, NULL, 'klassicheskie-kurtki', 43, 3, '1', '1', '0', '1', 4, '2016-10-30 05:07:06', '2016-11-18 09:18:06', '2016-11-18 09:18:06'),
(92, 'Плащи', NULL, NULL, 'plaschi', 43, 3, '1', '1', '0', '1', 5, '2016-10-30 05:08:28', '2016-11-18 09:18:06', '2016-11-18 09:18:06'),
(93, 'Кожаные куртки', NULL, NULL, 'kodganye-kurtki', 43, 3, '1', '1', '0', '1', 6, '2016-10-30 05:08:56', '2016-11-18 09:18:06', '2016-11-18 09:18:06'),
(94, 'Безрукавки', NULL, NULL, 'bezrukavki', 43, 3, '1', '1', '0', '1', 7, '2016-10-30 05:09:20', '2016-11-18 09:18:20', '2016-11-18 09:18:20'),
(95, 'Легкие куртки и ветровки', NULL, NULL, 'legkie-kurtki-i-vetrovki', 43, 3, '1', '1', '0', '1', 8, '2016-10-30 05:09:43', '2016-11-18 09:18:20', '2016-11-18 09:18:20'),
(96, 'Футболки и майки', NULL, NULL, 'futbolki-i-mayki', 44, 3, '1', '1', '0', '1', 1, '2016-10-30 05:11:22', '2016-11-18 09:18:20', '2016-11-18 09:18:20'),
(97, 'Утягивающие майки', NULL, NULL, 'utyagivayuschie-mayki', 44, 3, '1', '1', '0', '1', 2, '2016-10-30 05:11:45', '2016-11-18 09:18:20', '2016-11-18 09:18:20'),
(98, 'трусы', NULL, NULL, 'trusy', 44, 3, '1', '1', '0', '1', 3, '2016-10-30 05:12:12', '2016-11-18 09:18:19', '2016-11-18 09:18:19'),
(99, 'Сапоги и ботинки', NULL, NULL, 'sapogi-i-botinki', 48, 3, '1', '1', '0', '1', 1, '2016-10-30 05:13:08', '2016-11-18 09:18:19', '2016-11-18 09:18:19'),
(100, 'Осенние ботинки', NULL, NULL, 'osennie-botinki', 48, 3, '1', '1', '0', '1', 2, '2016-10-30 05:13:30', '2016-11-18 09:18:19', '2016-11-18 09:18:19'),
(101, 'Туфли', NULL, NULL, 'tufli', 49, 3, '1', '1', '0', '1', 1, '2016-10-30 05:16:00', '2016-11-18 09:18:19', '2016-11-18 09:18:19'),
(102, 'Кроссовки', NULL, NULL, 'krossovki', 50, 3, '1', '1', '0', '1', 1, '2016-10-30 05:16:18', '2016-11-18 09:18:19', '2016-11-18 09:18:19'),
(103, 'Кеды', NULL, NULL, 'kedy', 50, 3, '1', '1', '0', '1', 2, '2016-10-30 05:16:36', '2016-11-18 09:18:19', '2016-11-18 09:18:19'),
(104, 'Мокасины', NULL, NULL, 'mokasiny', 51, 3, '1', '1', '0', '1', 1, '2016-10-30 05:18:19', '2016-11-18 09:18:00', '2016-11-18 09:18:00'),
(105, 'Кепки', NULL, NULL, 'kepki', 54, 3, '1', '1', '0', '1', 1, '2016-10-30 05:19:14', '2016-11-18 09:18:00', '2016-11-18 09:18:00'),
(106, 'Шапки', NULL, NULL, 'shapki', 54, 3, '1', '1', '0', '1', 2, '2016-10-30 05:19:35', '2016-11-18 09:18:00', '2016-11-18 09:18:00'),
(107, 'Текстильные перчатки', NULL, NULL, 'tekstilnye-perchatki', 55, 3, '1', '1', '0', '1', 1, '2016-10-30 05:19:56', '2016-11-18 09:17:59', '2016-11-18 09:17:59'),
(108, 'Кожаные перчатки', NULL, NULL, 'kodganye-perchatki', 55, 3, '1', '1', '0', '1', 3, '2016-10-30 05:20:19', '2016-11-18 09:17:59', '2016-11-18 09:17:59'),
(109, 'Шарфы', NULL, NULL, 'sharfy', 56, 3, '1', '1', '0', '1', 1, '2016-10-30 05:20:48', '2016-11-18 09:17:59', '2016-11-18 09:17:59'),
(110, 'Носовые платки', NULL, NULL, 'nosovye-platki', 56, 3, '1', '1', '0', '1', 2, '2016-10-30 05:21:09', '2016-11-18 09:17:59', '2016-11-18 09:17:59'),
(111, 'Ремни', NULL, NULL, 'remni', 57, 3, '1', '1', '0', '1', 1, '2016-10-30 05:22:20', '2016-11-18 09:17:59', '2016-11-18 09:17:59'),
(112, 'Галстуки', NULL, NULL, 'galstuki', 58, 3, '1', '1', '0', '1', 1, '2016-10-30 05:22:44', '2016-11-18 09:17:59', '2016-11-18 09:17:59'),
(113, 'Бабочки', NULL, NULL, 'babochki', 58, 3, '1', '1', '0', '1', 2, '2016-10-30 05:23:02', '2016-11-18 09:17:58', '2016-11-18 09:17:58'),
(114, 'Домашние тапочки', NULL, NULL, 'domashnie-tapochki', 53, 3, '1', '1', '0', '1', -1, '2016-10-30 08:20:37', '2016-10-30 08:20:37', NULL),
(115, 'Женская одежда', NULL, NULL, 'dgenskaya-odedgda', NULL, 1, '0', '1', '1', '1', 1, '2016-11-18 09:00:22', '2016-11-18 09:03:07', NULL),
(116, 'Женская обувь', NULL, NULL, 'dgenskaya-obuv', NULL, 1, '0', '1', '1', '1', 2, '2016-11-18 09:01:37', '2016-11-18 09:01:37', NULL),
(117, 'Сумки', NULL, NULL, 'sumki', NULL, 1, '0', '1', '1', '1', 3, '2016-11-18 09:03:24', '2016-11-18 09:03:24', NULL),
(118, 'Аксессуары', NULL, NULL, 'aksessuary', NULL, 1, '0', '1', '1', '1', 4, '2016-11-18 09:03:46', '2016-11-18 09:03:46', NULL),
(119, 'Украшения', NULL, NULL, 'ukrasheniya', NULL, 1, '0', '1', '1', '1', 5, '2016-11-18 09:04:06', '2016-11-18 09:04:06', NULL),
(120, 'Мужская одежда ', NULL, NULL, 'mudgskaya-odedgda', NULL, 1, '1', '1', '1', '1', 1, '2016-11-18 09:04:27', '2016-11-18 09:04:27', NULL),
(121, 'Мужская обувь', NULL, NULL, 'mudgskaya-obuv', NULL, 1, '1', '1', '1', '1', 2, '2016-11-18 09:05:10', '2016-11-18 09:05:10', NULL),
(122, 'Аксессуары', NULL, NULL, 'aksessuary', NULL, 1, '1', '1', '1', '1', 3, '2016-11-18 09:05:26', '2016-11-18 09:05:26', NULL),
(123, 'Сумки', NULL, NULL, 'sumki', NULL, 1, '1', '1', '1', '1', 4, '2016-11-18 09:05:40', '2016-11-18 09:05:40', NULL),
(124, 'Платья', NULL, NULL, 'platya', 115, 2, '1', '1', '1', '1', 1, '2016-11-18 09:07:04', '2016-11-18 09:07:04', NULL),
(125, 'Юбки', NULL, NULL, 'yubki', 115, 2, '1', '1', '1', '1', 2, '2016-11-18 09:07:40', '2016-11-18 09:07:59', NULL),
(126, 'Брюки', NULL, NULL, 'bryuki', 115, 2, '1', '1', '1', '1', 3, '2016-11-18 09:08:20', '2016-11-18 09:08:20', NULL),
(127, 'Джинсы', NULL, NULL, 'ddginsy', 115, 2, '1', '1', '1', '1', 4, '2016-11-18 09:08:40', '2016-11-18 09:08:40', NULL),
(128, 'Шорты', NULL, NULL, 'shorty', 115, 2, '1', '1', '1', '1', 5, '2016-11-18 09:08:55', '2016-11-18 09:08:55', NULL),
(129, 'Блузки и рубашки', NULL, NULL, 'bluzki-i-rubashki', 115, 2, '1', '1', '1', '1', 6, '2016-11-18 09:11:06', '2016-11-18 09:11:06', NULL),
(130, 'Свитера и кардиганы', NULL, NULL, 'svitera-i-kardigany', 115, 2, '1', '1', '1', '1', 7, '2016-11-18 09:11:26', '2016-11-18 09:11:26', NULL),
(131, 'Футболки и поло', NULL, NULL, 'futbolki-i-polo', 115, 2, '1', '1', '1', '1', 8, '2016-11-18 09:11:43', '2016-11-18 09:11:43', NULL),
(132, 'Пиджаки и жилеты', NULL, NULL, 'piddgaki-i-dgilety', 115, 2, '1', '1', '1', '1', 9, '2016-11-18 09:12:03', '2016-11-18 09:12:03', NULL),
(133, 'Костюмы', NULL, NULL, 'kostyumy', 115, 2, '1', '1', '1', '1', 10, '2016-11-18 09:12:21', '2016-11-18 09:12:21', NULL),
(134, 'Спортивная одежда', NULL, NULL, 'sportivnaya-odedgda', 115, 2, '1', '1', '1', '1', 11, '2016-11-18 09:13:25', '2016-11-18 09:13:25', NULL),
(135, 'Верхняя одежда', NULL, NULL, 'verkhnyaya-odedgda', 115, 2, '1', '1', '1', '1', 12, '2016-11-18 09:13:43', '2016-11-18 09:13:43', NULL),
(136, 'Вечерние платья', NULL, NULL, 'vechernie-platya', 124, 3, '1', '1', '0', '1', 1, '2016-11-18 09:20:37', '2016-11-18 09:20:37', NULL),
(137, 'Коктейльные платья', NULL, NULL, 'kokteylnye-platya', 124, 3, '1', '1', '0', '1', 2, '2016-11-18 09:21:12', '2016-11-18 09:21:12', NULL),
(138, 'Платья – макси', NULL, NULL, 'platya-–-maksi', 124, 3, '1', '1', '0', '1', 3, '2016-11-18 09:21:29', '2016-11-18 09:21:29', NULL),
(139, 'Платья – миди', NULL, NULL, 'platya-–-midi', 124, 3, '1', '1', '0', '1', 4, '2016-11-18 09:21:48', '2016-11-18 09:21:48', NULL),
(140, 'Вязаные и трикотажные платья ', NULL, NULL, 'vyazanye-i-trikotadgnye-platya', 124, 3, '1', '1', '0', '1', 5, '2016-11-18 09:22:14', '2016-11-18 09:22:14', NULL),
(141, 'Джинсовые платья', NULL, NULL, 'ddginsovye-platya', 124, 3, '1', '1', '0', '1', 6, '2016-11-18 09:22:35', '2016-11-18 09:22:35', NULL),
(142, 'Спортивные платья', NULL, NULL, 'sportivnye-platya', 124, 3, '1', '1', '0', '1', 7, '2016-11-18 09:29:33', '2016-11-18 09:29:33', NULL),
(143, 'Юбка – шорты', NULL, NULL, 'yubka-–-shorty', 125, 3, '1', '1', '0', '1', 1, '2016-11-18 09:30:48', '2016-11-18 09:30:48', NULL),
(144, 'Джинсовые юбки ', NULL, NULL, 'ddginsovye-yubki', 125, 3, '1', '1', '0', '1', 2, '2016-11-18 09:31:15', '2016-11-18 09:31:15', NULL),
(145, 'Юбки – макси ', NULL, NULL, 'yubki-–-maksi', 125, 3, '1', '1', '0', '1', 3, '2016-11-18 09:35:33', '2016-11-18 09:35:33', NULL),
(146, 'Юбки – миди', NULL, NULL, 'yubki-–-midi', 125, 3, '1', '1', '0', '1', 4, '2016-11-18 09:35:53', '2016-11-18 09:35:53', NULL),
(147, 'Прямые юбки', NULL, NULL, 'pryamye-yubki', 125, 3, '1', '1', '0', '1', 5, '2016-11-18 09:36:23', '2016-11-18 09:36:23', NULL),
(148, 'Юбки – карандаш', NULL, NULL, 'yubki-–-karandash', 125, 3, '1', '1', '0', '1', 6, '2016-11-18 09:38:58', '2016-11-18 09:38:58', NULL),
(149, 'Расклешенные юбки', NULL, NULL, 'raskleshennye-yubki', 125, 3, '1', '1', '0', '1', 7, '2016-11-18 09:39:15', '2016-11-18 09:39:15', NULL),
(150, 'Классические брюки', NULL, NULL, 'klassicheskie-bryuki', 126, 3, '1', '1', '0', '1', 1, '2016-11-18 09:39:56', '2016-11-18 09:39:56', NULL),
(151, 'Зауженные брюки', NULL, NULL, 'zaudgennye-bryuki', 126, 3, '1', '1', '0', '1', 2, '2016-11-18 09:40:11', '2016-11-18 09:40:11', NULL),
(152, 'Прямые брюки', NULL, NULL, 'pryamye-bryuki', 126, 3, '1', '1', '0', '1', 3, '2016-11-18 09:40:32', '2016-11-18 09:40:32', NULL),
(153, 'Широкие и расклешенные брюки', NULL, NULL, 'shirokie-i-raskleshennye-bryuki', 126, 3, '1', '1', '0', '1', 4, '2016-11-18 09:41:02', '2016-11-18 09:41:02', NULL),
(154, 'Утепленные брюки ', NULL, NULL, 'uteplennye-bryuki', 126, 3, '1', '1', '0', '1', 5, '2016-11-18 09:41:21', '2016-11-18 09:41:21', NULL),
(155, 'Бриджи и капри', NULL, NULL, 'briddgi-i-kapri', 126, 3, '1', '1', '0', '1', 6, '2016-11-18 09:41:40', '2016-11-18 09:41:40', NULL),
(156, 'Леггинсы', NULL, NULL, 'legginsy', 126, 3, '1', '1', '0', '1', 7, '2016-11-18 09:42:02', '2016-11-18 09:42:02', NULL),
(157, 'Джинсы – бойфренды', NULL, NULL, 'ddginsy-–-boyfrendy', 127, 3, '1', '1', '0', '1', 1, '2016-11-18 09:42:22', '2016-11-18 09:42:22', NULL),
(158, 'Джинсы с высокой талией', NULL, NULL, 'ddginsy-s-vysokoy-taliey', 127, 3, '1', '1', '0', '1', 2, '2016-11-18 09:42:39', '2016-11-18 09:42:39', NULL),
(159, 'Узкие джинсы', NULL, NULL, 'uzkie-ddginsy', 127, 3, '1', '1', '0', '1', 3, '2016-11-18 09:42:57', '2016-11-18 09:42:57', NULL),
(160, 'Прямые джинсы', NULL, NULL, 'pryamye-ddginsy', 127, 3, '1', '1', '0', '1', 4, '2016-11-18 09:43:16', '2016-11-18 09:43:16', NULL),
(161, 'Спортивные шорты', NULL, NULL, 'sportivnye-shorty', 128, 3, '1', '1', '0', '1', 1, '2016-11-18 09:45:17', '2016-11-18 09:45:17', NULL),
(162, 'Джинсовые шорты', NULL, NULL, 'ddginsovye-shorty', 128, 3, '1', '1', '0', '1', 2, '2016-11-18 09:45:35', '2016-11-18 09:45:35', NULL),
(163, 'Рубашки', NULL, NULL, 'rubashki', 129, 3, '1', '1', '0', '1', 1, '2016-11-18 09:46:08', '2016-11-18 09:46:08', NULL),
(164, 'Джинсовые рубашки', NULL, NULL, 'ddginsovye-rubashki', 129, 3, '1', '1', '0', '1', 2, '2016-11-18 09:46:24', '2016-11-18 09:46:24', NULL),
(165, 'Блузки', NULL, NULL, 'bluzki', 129, 3, '1', '1', '0', '1', 3, '2016-11-18 09:46:42', '2016-11-18 09:46:42', NULL),
(166, 'Блузы', NULL, NULL, 'bluzy', 129, 3, '1', '1', '0', '1', 4, '2016-11-18 09:46:58', '2016-11-18 09:46:58', NULL),
(167, 'Джемперы и пуловеры', NULL, NULL, 'ddgempery-i-pulovery', 130, 3, '1', '1', '0', '1', 1, '2016-11-18 09:47:18', '2016-11-18 09:47:18', NULL),
(168, 'Свитеры', NULL, NULL, 'svitery', 130, 3, '1', '1', '0', '1', 2, '2016-11-18 09:47:37', '2016-11-18 09:47:37', NULL),
(169, 'Кардиганы', NULL, NULL, 'kardigany', 130, 3, '1', '1', '0', '1', 3, '2016-11-18 09:47:55', '2016-11-18 09:47:55', NULL),
(170, 'Пончо, жилеты и накидки', NULL, NULL, 'poncho-dgilety-i-nakidki', 130, 3, '1', '1', '0', '1', 4, '2016-11-18 09:48:13', '2016-11-18 09:48:13', NULL),
(171, 'Водолазки', NULL, NULL, 'vodolazki', 130, 3, '1', '1', '0', '1', 5, '2016-11-18 09:48:34', '2016-11-18 09:48:34', NULL),
(172, 'Поло', NULL, NULL, 'polo', 131, 3, '1', '1', '0', '1', 1, '2016-11-18 09:48:55', '2016-11-18 09:48:55', NULL),
(173, 'Футболки с надписями', NULL, NULL, 'futbolki-s-nadpisyami', 131, 3, '1', '1', '0', '1', 2, '2016-11-18 09:49:16', '2016-11-18 09:49:16', NULL),
(174, 'Футболки с фотопринтами', NULL, NULL, 'futbolki-s-fotoprintami', 131, 3, '1', '1', '0', '1', 3, '2016-11-18 09:49:38', '2016-11-18 09:49:38', NULL),
(175, 'Спортивные футболки', NULL, NULL, 'sportivnye-futbolki', 131, 3, '1', '1', '0', '1', 4, '2016-11-18 09:50:14', '2016-11-18 09:50:14', NULL),
(176, 'Футболки с короткими рукавами', NULL, NULL, 'futbolki-s-korotkimi-rukavami', 131, 3, '1', '1', '0', '1', 5, '2016-11-18 09:50:35', '2016-11-18 09:50:35', NULL),
(177, 'Футболки с длинными рукавами', NULL, NULL, 'futbolki-s-dlinnymi-rukavami', 131, 3, '1', '1', '0', '1', 6, '2016-11-18 09:50:55', '2016-11-18 09:50:55', NULL),
(178, 'Жилеты', NULL, NULL, 'dgilety', 132, 3, '1', '1', '0', '1', 1, '2016-11-18 09:51:24', '2016-11-18 09:51:24', NULL),
(179, 'Жакеты и пиджаки', NULL, NULL, 'dgakety-i-piddgaki', 132, 3, '1', '1', '0', '1', 2, '2016-11-18 09:51:45', '2016-11-18 09:51:45', NULL),
(180, 'Костюмы с юбкой', NULL, NULL, 'kostyumy-s-yubkoy', 133, 3, '1', '1', '0', '1', 1, '2016-11-18 09:52:04', '2016-11-18 09:52:04', NULL),
(181, 'Костюмы с брюками', NULL, NULL, 'kostyumy-s-bryukami', 133, 3, '1', '1', '0', '1', 2, '2016-11-18 09:52:26', '2016-11-18 09:52:26', NULL),
(182, 'Спортивные костюмы', NULL, NULL, 'sportivnye-kostyumy', 134, 3, '1', '1', '0', '1', 1, '2016-11-18 09:52:57', '2016-11-18 09:52:57', NULL),
(183, 'Спортивные брюки', NULL, NULL, 'sportivnye-bryuki', 134, 3, '1', '1', '0', '1', 2, '2016-11-18 09:53:22', '2016-11-18 09:53:22', NULL),
(184, 'Безрукавка', NULL, NULL, 'bezrukavka', 135, 3, '1', '1', '0', '1', 1, '2016-11-18 09:53:51', '2016-11-18 09:53:51', NULL),
(185, 'Накидки и пончо', NULL, NULL, 'nakidki-i-poncho', 135, 3, '1', '1', '0', '1', 2, '2016-11-18 09:54:09', '2016-11-18 09:54:09', NULL),
(186, 'Легкие куртки и ветровки', NULL, NULL, 'legkie-kurtki-i-vetrovki', 135, 3, '1', '1', '0', '1', 3, '2016-11-18 09:54:29', '2016-11-18 09:54:29', NULL),
(187, 'Кожаные куртки', NULL, NULL, 'kodganye-kurtki', 135, 3, '1', '1', '0', '1', 4, '2016-11-18 09:54:45', '2016-11-18 09:54:45', NULL),
(188, 'Джинсовые куртки', NULL, NULL, 'ddginsovye-kurtki', 135, 3, '1', '1', '0', '1', 5, '2016-11-18 09:55:09', '2016-11-18 09:55:09', NULL),
(189, 'Плащи и тренчкоты', NULL, NULL, 'plaschi-i-trenchkoty', 135, 3, '1', '1', '0', '1', 6, '2016-11-18 09:55:35', '2016-11-18 09:55:35', NULL),
(190, 'Пальто', NULL, NULL, 'palto', 135, 3, '1', '1', '0', '1', 7, '2016-11-18 09:55:56', '2016-11-18 09:55:56', NULL),
(191, 'Демисезонные куртки', NULL, NULL, 'demisezonnye-kurtki', 135, 3, '1', '1', '0', '1', 8, '2016-11-18 09:56:26', '2016-11-18 09:56:26', NULL),
(192, 'Парки', NULL, NULL, 'parki', 135, 3, '1', '1', '0', '1', 9, '2016-11-18 09:56:44', '2016-11-18 09:56:44', NULL),
(193, 'Пуховики и зимние куртки', NULL, NULL, 'pukhoviki-i-zimnie-kurtki', 135, 3, '1', '1', '0', '1', 10, '2016-11-18 09:57:01', '2016-11-18 09:57:01', NULL),
(194, 'Балетки ', NULL, NULL, 'baletki', 116, 2, '1', '1', '1', '1', 1, '2016-11-18 09:58:19', '2016-11-18 09:58:19', NULL),
(195, 'Туфли', NULL, NULL, 'tufli', 116, 2, '1', '1', '1', '1', 2, '2016-11-18 09:58:35', '2016-11-18 09:58:35', NULL),
(196, 'Басоножки', NULL, NULL, 'basonodgki', 116, 2, '1', '1', '1', '1', 3, '2016-11-18 09:58:50', '2016-11-18 09:58:50', NULL),
(197, 'Пляжная обувь', NULL, NULL, 'plyadgnaya-obuv', 116, 2, '1', '1', '1', '1', 4, '2016-11-18 09:59:10', '2016-11-18 09:59:10', NULL),
(198, 'Кроссовки', NULL, NULL, 'krossovki', 116, 2, '1', '1', '1', '1', 5, '2016-11-18 09:59:39', '2016-11-18 09:59:39', NULL),
(199, 'Ботильоны', NULL, NULL, 'botilony', 116, 2, '1', '1', '1', '1', 6, '2016-11-18 09:59:59', '2016-11-18 09:59:59', NULL),
(200, 'Ботинки', NULL, NULL, 'botinki', 116, 2, '1', '1', '1', '1', 7, '2016-11-18 10:00:31', '2016-11-18 10:00:31', NULL),
(201, 'Сапоги', NULL, NULL, 'sapogi', 116, 2, '1', '1', '1', '1', 8, '2016-11-18 10:00:48', '2016-11-18 10:00:48', NULL),
(202, 'Лодочки', NULL, NULL, 'lodochki', 195, 3, '1', '1', '0', '1', 1, '2016-11-18 10:01:21', '2016-11-18 10:01:21', NULL),
(203, 'Лофер', NULL, NULL, 'lofer', 195, 3, '1', '1', '0', '1', 2, '2016-11-18 10:01:41', '2016-11-18 10:01:41', NULL),
(204, 'Шлепанцы', NULL, NULL, 'shlepantsy', 197, 3, '1', '1', '0', '1', 1, '2016-11-18 10:02:39', '2016-11-18 10:02:39', NULL),
(205, 'Слипоны', NULL, NULL, 'slipony', 198, 3, '1', '1', '0', '1', 1, '2016-11-18 10:03:04', '2016-11-18 10:03:04', NULL),
(206, 'Кеды', NULL, NULL, 'kedy', 198, 3, '1', '1', '0', '1', 2, '2016-11-18 10:03:23', '2016-11-18 10:03:23', NULL),
(207, 'Кроссовки', NULL, NULL, 'krossovki', 198, 3, '1', '1', '0', '1', 3, '2016-11-18 10:03:47', '2016-11-18 10:03:47', NULL),
(208, 'Ботинки', NULL, NULL, 'botinki', 200, 3, '1', '1', '0', '1', 1, '2016-11-18 10:04:08', '2016-11-18 10:04:08', NULL),
(209, 'Спортивные ботинки', NULL, NULL, 'sportivnye-botinki', 200, 3, '1', '1', '0', '1', 2, '2016-11-18 10:04:39', '2016-11-18 10:04:39', NULL),
(210, 'Спортивные ботинки', NULL, NULL, 'sportivnye-botinki', 200, 3, '1', '1', '0', '1', 2, '2016-11-18 10:04:39', '2016-11-18 10:05:14', '2016-11-18 10:05:14'),
(211, 'Ботфорты', NULL, NULL, 'botforty', 201, 3, '1', '1', '0', '1', 1, '2016-11-18 10:05:32', '2016-11-18 10:05:32', NULL),
(212, 'Полусапоги', NULL, NULL, 'polusapogi', 201, 3, '1', '1', '0', '1', 2, '2016-11-18 10:05:51', '2016-11-18 10:05:51', NULL),
(213, 'Замшевые сапоги', NULL, NULL, 'zamshevye-sapogi', 201, 3, '1', '1', '0', '1', 3, '2016-11-18 10:06:10', '2016-11-18 10:06:10', NULL),
(214, 'Кожаные сапоги ', NULL, NULL, 'kodganye-sapogi', 201, 3, '1', '1', '0', '1', 4, '2016-11-18 10:06:50', '2016-11-18 10:06:50', NULL),
(215, 'Классические сапоги ', NULL, NULL, 'klassicheskie-sapogi', 201, 3, '1', '1', '0', '1', 5, '2016-11-18 10:07:10', '2016-11-18 10:07:10', NULL),
(216, 'Кожаные сумки', NULL, NULL, 'kodganye-sumki', 117, 2, '1', '1', '1', '1', 1, '2016-11-18 10:07:37', '2016-11-18 10:07:37', NULL),
(217, 'Текстильные сумки', NULL, NULL, 'tekstilnye-sumki', 117, 2, '1', '1', '1', '1', 2, '2016-11-18 10:08:09', '2016-11-18 10:08:09', NULL),
(218, 'Большие сумки', NULL, NULL, 'bolshie-sumki', 117, 2, '1', '1', '1', '1', 3, '2016-11-18 10:08:30', '2016-11-18 10:08:30', NULL),
(219, 'Маленькие сумки', NULL, NULL, 'malenkie-sumki', 117, 2, '1', '1', '1', '1', 4, '2016-11-18 10:09:02', '2016-11-18 10:09:02', NULL),
(220, 'Спортивные сумки', NULL, NULL, 'sportivnye-sumki', 117, 2, '1', '1', '1', '1', 5, '2016-11-18 10:09:24', '2016-11-18 10:09:44', NULL),
(221, 'Летние сумки', NULL, NULL, 'letnie-sumki', 117, 2, '1', '1', '1', '1', 6, '2016-11-18 10:10:03', '2016-11-18 10:10:03', NULL),
(222, 'Клатчи', NULL, NULL, 'klatchi', 117, 2, '1', '1', '1', '1', 7, '2016-11-18 10:10:25', '2016-11-18 10:10:25', NULL),
(223, 'Головные уборы', NULL, NULL, 'golovnye-ubory', 118, 2, '1', '1', '1', '1', 1, '2016-11-18 10:11:08', '2016-11-18 10:13:37', NULL),
(224, 'Перчатки', NULL, NULL, 'perchatki', 118, 2, '1', '1', '1', '1', 2, '2016-11-18 10:14:12', '2016-11-18 10:14:12', NULL),
(225, 'Шарфы и платки', NULL, NULL, 'sharfy-i-platki', 118, 2, '1', '1', '1', '1', 3, '2016-11-18 10:14:38', '2016-11-18 10:14:38', NULL),
(226, 'Ремни', NULL, NULL, 'remni', 118, 2, '1', '1', '1', '1', 4, '2016-11-18 10:14:54', '2016-11-18 10:14:54', NULL),
(227, 'Шапки', NULL, NULL, 'shapki', 223, 3, '1', '1', '0', '1', 1, '2016-11-18 10:15:34', '2016-11-18 10:15:34', NULL),
(228, 'Шляпы', NULL, NULL, 'shlyapy', 223, 3, '1', '1', '0', '1', 2, '2016-11-18 10:16:06', '2016-11-18 10:16:06', NULL),
(229, 'Кожаные перчатки', NULL, NULL, 'kodganye-perchatki', 224, 3, '1', '1', '0', '1', 1, '2016-11-18 10:16:24', '2016-11-18 10:16:24', NULL),
(230, 'Текстильные перчатки', NULL, NULL, 'tekstilnye-perchatki', 224, 3, '1', '1', '0', '1', 2, '2016-11-18 10:16:55', '2016-11-18 10:16:55', NULL),
(231, 'Шарфы', NULL, NULL, 'sharfy', 225, 3, '1', '1', '0', '1', 1, '2016-11-18 10:17:15', '2016-11-18 10:17:15', NULL),
(232, 'Платки', NULL, NULL, 'platki', 225, 3, '1', '1', '0', '1', 2, '2016-11-18 10:17:32', '2016-11-18 10:17:32', NULL),
(233, 'Палантины, шали', NULL, NULL, 'palantiny-shali', 225, 3, '1', '1', '0', '1', 3, '2016-11-18 10:17:56', '2016-11-18 10:17:56', NULL),
(234, 'Ремни', NULL, NULL, 'remni', 226, 3, '1', '1', '0', '1', 1, '2016-11-18 10:18:12', '2016-11-18 10:18:12', NULL),
(235, 'Пояса', NULL, NULL, 'poyasa', 226, 3, '1', '1', '0', '1', 2, '2016-11-18 10:18:30', '2016-11-18 10:18:30', NULL),
(236, 'Костюмы', NULL, NULL, 'kostyumy', 120, 2, '1', '1', '1', '1', 1, '2016-11-18 11:02:29', '2016-11-18 11:02:29', NULL),
(237, 'Пиджаки', NULL, NULL, 'piddgaki', 120, 2, '1', '1', '1', '1', 2, '2016-11-18 11:02:55', '2016-11-18 11:02:55', NULL);

-- --------------------------------------------------------

--
-- Структура таблицы `category_feature`
--

CREATE TABLE `category_feature` (
  `category_feature_id` int(10) UNSIGNED NOT NULL,
  `category_id` int(11) UNSIGNED DEFAULT NULL,
  `feature_id` int(11) UNSIGNED DEFAULT NULL,
  `item_id` int(11) UNSIGNED DEFAULT NULL,
  `created_at` timestamp NULL DEFAULT NULL,
  `updated_at` timestamp NULL DEFAULT NULL,
  `deleted_at` timestamp NULL DEFAULT NULL
) ENGINE=InnoDB DEFAULT CHARSET=utf8 COLLATE=utf8_unicode_ci;

--
-- Дамп данных таблицы `category_feature`
--

INSERT INTO `category_feature` (`category_feature_id`, `category_id`, `feature_id`, `item_id`, `created_at`, `updated_at`, `deleted_at`) VALUES
(8, 22, 1, NULL, '2016-08-23 05:23:51', '2016-08-23 05:23:51', NULL),
(9, 22, 3, NULL, '2016-08-23 05:23:51', '2016-08-23 05:23:51', NULL),
(10, 22, NULL, 19, '2016-08-23 05:23:51', '2016-08-23 05:23:51', NULL),
(11, 22, NULL, 13, '2016-08-23 05:23:51', '2016-08-23 05:23:51', NULL),
(12, 22, NULL, 21, '2016-08-23 05:23:51', '2016-08-23 05:23:51', NULL),
(13, 25, 1, NULL, '2016-08-23 05:29:42', '2016-08-23 05:29:42', NULL),
(14, 25, 3, NULL, '2016-08-23 05:29:42', '2016-08-23 05:29:42', NULL),
(15, 25, NULL, 16, '2016-08-23 05:29:42', '2016-08-23 05:29:42', NULL),
(16, 25, NULL, 15, '2016-08-23 05:29:42', '2016-08-23 05:29:42', NULL),
(17, 25, NULL, 20, '2016-08-23 05:29:42', '2016-08-23 05:29:42', NULL),
(23, 18, 1, NULL, '2016-08-23 05:36:27', '2016-08-23 05:36:27', NULL),
(24, 18, 3, NULL, '2016-08-23 05:36:27', '2016-08-23 05:36:27', NULL),
(25, 18, NULL, 19, '2016-08-23 05:36:27', '2016-08-23 05:36:27', NULL),
(26, 18, NULL, 18, '2016-08-23 05:36:27', '2016-08-23 05:36:27', NULL),
(27, 18, NULL, 14, '2016-08-23 05:36:27', '2016-08-23 05:36:27', NULL),
(28, 18, NULL, 20, '2016-08-23 05:36:27', '2016-08-23 05:36:27', NULL),
(29, 26, 1, NULL, '2016-08-23 05:36:58', '2016-08-23 05:36:58', NULL),
(30, 26, NULL, 13, '2016-08-23 05:36:58', '2016-08-23 05:36:58', NULL),
(34, 7, 1, NULL, '2016-08-23 06:13:29', '2016-08-23 06:13:29', NULL),
(35, 7, 3, NULL, '2016-08-23 06:13:30', '2016-08-23 06:13:30', NULL),
(36, 7, NULL, 16, '2016-08-23 06:13:30', '2016-08-23 06:13:30', NULL),
(37, 7, NULL, 15, '2016-08-23 06:13:30', '2016-08-23 06:13:30', NULL),
(38, 7, NULL, 14, '2016-08-23 06:13:30', '2016-08-23 06:13:30', NULL),
(39, 7, NULL, 13, '2016-08-23 06:13:30', '2016-08-23 06:13:30', NULL),
(40, 7, NULL, 21, '2016-08-23 06:13:30', '2016-08-23 06:13:30', NULL),
(41, 7, NULL, 20, '2016-08-23 06:13:30', '2016-08-23 06:13:30', NULL);

-- --------------------------------------------------------

--
-- Структура таблицы `city`
--

CREATE TABLE `city` (
  `city_id` int(10) UNSIGNED NOT NULL,
  `city_name_ru` varchar(50) COLLATE utf8_unicode_ci NOT NULL,
  `city_name_kz` varchar(50) COLLATE utf8_unicode_ci DEFAULT NULL,
  `city_name_en` varchar(50) COLLATE utf8_unicode_ci DEFAULT NULL,
  `created_at` timestamp NULL DEFAULT NULL,
  `updated_at` timestamp NULL DEFAULT NULL,
  `deleted_at` timestamp NULL DEFAULT NULL,
  `region_id` int(11) UNSIGNED DEFAULT NULL
) ENGINE=InnoDB DEFAULT CHARSET=utf8 COLLATE=utf8_unicode_ci;

--
-- Дамп данных таблицы `city`
--

INSERT INTO `city` (`city_id`, `city_name_ru`, `city_name_kz`, `city_name_en`, `created_at`, `updated_at`, `deleted_at`, `region_id`) VALUES
(1, 'Алматы', 'Алматы', 'Алматы', NULL, NULL, NULL, 1),
(2, 'Астана', NULL, NULL, NULL, NULL, NULL, NULL),
(3, 'Караганда', NULL, NULL, NULL, NULL, NULL, NULL);

-- --------------------------------------------------------

--
-- Структура таблицы `color`
--

CREATE TABLE `color` (
  `id` int(11) NOT NULL,
  `title_color` varchar(255) NOT NULL,
  `code_color` text NOT NULL
) ENGINE=InnoDB DEFAULT CHARSET=utf8;

--
-- Дамп данных таблицы `color`
--

INSERT INTO `color` (`id`, `title_color`, `code_color`) VALUES
(2, 'Зеленый', '#006400'),
(3, 'Чёрный', '#000000'),
(4, 'Красный', '#CC0000'),
(5, 'Голубой', '#00BFFF'),
(7, 'Белый', '#ffffff'),
(8, 'Бежевый', '#F5F5DC');

-- --------------------------------------------------------

--
-- Структура таблицы `comment`
--

CREATE TABLE `comment` (
  `comment_id` int(10) UNSIGNED NOT NULL,
  `message` text COLLATE utf8_unicode_ci,
  `user_name` varchar(200) COLLATE utf8_unicode_ci DEFAULT NULL,
  `email` varchar(200) COLLATE utf8_unicode_ci DEFAULT NULL,
  `product_id` int(10) UNSIGNED DEFAULT NULL,
  `is_show` varchar(1) COLLATE utf8_unicode_ci DEFAULT '1',
  `created_at` timestamp NULL DEFAULT NULL,
  `updated_at` timestamp NULL DEFAULT NULL,
  `deleted_at` timestamp NULL DEFAULT NULL
) ENGINE=InnoDB DEFAULT CHARSET=utf8 COLLATE=utf8_unicode_ci;

-- --------------------------------------------------------

--
-- Структура таблицы `delivery`
--

CREATE TABLE `delivery` (
  `delivery_id` int(10) UNSIGNED NOT NULL,
  `name` varchar(200) COLLATE utf8_unicode_ci NOT NULL,
  `title` varchar(200) COLLATE utf8_unicode_ci NOT NULL,
  `delivery_text` text COLLATE utf8_unicode_ci,
  `created_at` timestamp NULL DEFAULT NULL,
  `updated_at` timestamp NULL DEFAULT NULL,
  `deleted_at` timestamp NULL DEFAULT NULL
) ENGINE=InnoDB DEFAULT CHARSET=utf8 COLLATE=utf8_unicode_ci;

--
-- Дамп данных таблицы `delivery`
--

INSERT INTO `delivery` (`delivery_id`, `name`, `title`, `delivery_text`, `created_at`, `updated_at`, `deleted_at`) VALUES
(1, '', '321312', 'ssss', '2016-07-26 08:28:35', '2016-07-26 08:28:45', '2016-07-26 08:28:45');

-- --------------------------------------------------------

--
-- Структура таблицы `delivery_kind`
--

CREATE TABLE `delivery_kind` (
  `delivery_kind_id` int(10) UNSIGNED NOT NULL,
  `delivery_kind_name` varchar(200) COLLATE utf8_unicode_ci NOT NULL,
  `is_show` varchar(20) COLLATE utf8_unicode_ci DEFAULT '0',
  `created_at` timestamp NULL DEFAULT NULL,
  `updated_at` timestamp NULL DEFAULT NULL,
  `deleted_at` timestamp NULL DEFAULT NULL
) ENGINE=InnoDB DEFAULT CHARSET=utf8 COLLATE=utf8_unicode_ci;

--
-- Дамп данных таблицы `delivery_kind`
--

INSERT INTO `delivery_kind` (`delivery_kind_id`, `delivery_kind_name`, `is_show`, `created_at`, `updated_at`, `deleted_at`) VALUES
(1, 'Подписка', '0', NULL, NULL, NULL),
(2, 'Женская обувь', '1', NULL, NULL, NULL),
(3, '33', '0', '2016-07-26 08:19:25', '2016-07-26 08:19:28', '2016-07-26 08:19:28'),
(4, '1', '0', '2016-10-24 10:24:43', '2016-10-24 10:25:55', '2016-10-24 10:25:55'),
(5, 'пример', '0', '2016-10-29 02:24:12', '2016-10-29 02:24:12', NULL);

-- --------------------------------------------------------

--
-- Структура таблицы `delivery_kind_user`
--

CREATE TABLE `delivery_kind_user` (
  `delivery_kind_user_id` int(10) UNSIGNED NOT NULL,
  `user_id` int(11) DEFAULT NULL,
  `delivery_kind_id` int(11) UNSIGNED DEFAULT NULL,
  `created_at` timestamp NULL DEFAULT NULL,
  `updated_at` timestamp NULL DEFAULT NULL,
  `deleted_at` timestamp NULL DEFAULT NULL
) ENGINE=InnoDB DEFAULT CHARSET=utf8 COLLATE=utf8_unicode_ci;

--
-- Дамп данных таблицы `delivery_kind_user`
--

INSERT INTO `delivery_kind_user` (`delivery_kind_user_id`, `user_id`, `delivery_kind_id`, `created_at`, `updated_at`, `deleted_at`) VALUES
(1, 1, 2, NULL, NULL, NULL);

-- --------------------------------------------------------

--
-- Структура таблицы `feature`
--

CREATE TABLE `feature` (
  `feature_id` int(10) UNSIGNED NOT NULL,
  `feature_name_ru` varchar(250) COLLATE utf8_unicode_ci NOT NULL,
  `feature_desc` text COLLATE utf8_unicode_ci,
  `kind_id` int(11) UNSIGNED DEFAULT NULL,
  `sort_num` int(11) DEFAULT '1',
  `visual_kind` varchar(20) COLLATE utf8_unicode_ci DEFAULT '1' COMMENT '1 - круглый вид\r\n2 - выборка\r\n3 - цвет',
  `created_at` timestamp NULL DEFAULT NULL,
  `updated_at` timestamp NULL DEFAULT NULL,
  `deleted_at` timestamp NULL DEFAULT NULL
) ENGINE=InnoDB DEFAULT CHARSET=utf8 COLLATE=utf8_unicode_ci;

--
-- Дамп данных таблицы `feature`
--

INSERT INTO `feature` (`feature_id`, `feature_name_ru`, `feature_desc`, `kind_id`, `sort_num`, `visual_kind`, `created_at`, `updated_at`, `deleted_at`) VALUES
(1, 'Цвет', '', 1, 1, '3', NULL, '2016-12-01 22:00:40', '2016-12-01 22:00:40'),
(2, 'Состав ', '', 3, 1, '1', NULL, '2016-08-03 07:30:20', NULL),
(3, 'Материал подкладки ', '', 3, 1, '1', NULL, '2016-10-30 07:43:54', NULL),
(7, 'Утеплитель', '', 3, 1, '1', '2016-11-30 03:39:29', '2016-11-30 03:39:29', NULL),
(8, 'Застежка', '', 3, 1, '1', '2016-11-30 03:41:00', '2016-11-30 03:41:09', NULL),
(9, 'Коллекция', '', 1, 0, '2', '2016-11-30 03:43:17', '2016-11-30 03:43:17', NULL),
(10, 'Сезон', '', 1, 0, '2', '2016-11-30 03:44:54', '2016-11-30 03:44:54', NULL),
(11, 'Стиль', '', 1, 0, '2', '2016-11-30 03:49:08', '2016-11-30 03:49:08', NULL),
(12, 'Страна производства', '', 3, 0, '1', '2016-11-30 03:50:12', '2016-11-30 03:50:12', NULL),
(13, 'Посадка', '', 3, 0, '1', '2016-11-30 03:54:20', '2016-11-30 03:54:20', NULL),
(14, 'Длина', '', 3, 0, '1', '2016-11-30 03:54:41', '2016-11-30 03:54:41', NULL),
(15, 'Длина рукава', '', 3, 0, '1', '2016-11-30 03:55:03', '2016-11-30 03:55:03', NULL),
(16, 'Рукав', '\r\n\r\n', 3, 0, '1', '2016-11-30 03:55:20', '2016-11-30 03:55:20', NULL),
(17, 'Тип трикотажа', '\r\n', 3, 0, '1', '2016-11-30 03:56:01', '2016-11-30 03:56:01', NULL),
(18, 'Детали одежды', '', 3, 0, '1', '2016-11-30 03:56:29', '2016-11-30 03:56:29', NULL),
(19, 'Длина по боковому шву', '', 3, 0, '1', '2016-11-30 03:56:58', '2016-11-30 03:56:58', NULL),
(20, 'Длина по внутреннему шву', '', 3, 0, '1', '2016-11-30 03:57:17', '2016-11-30 03:57:17', NULL),
(21, 'Высота', '', 3, 0, '1', '2016-11-30 03:57:31', '2016-11-30 03:57:39', NULL),
(22, 'Обхват по бедрам', '', 3, 0, '1', '2016-11-30 04:00:10', '2016-11-30 04:00:10', NULL),
(23, 'Ширина по низу', '', 3, 0, '1', '2016-11-30 04:00:29', '2016-11-30 04:00:29', NULL),
(24, 'Обхват по талии', '', 3, 0, '1', '2016-11-30 04:00:48', '2016-11-30 04:00:48', NULL),
(25, 'Талия', '', 3, 0, '1', '2016-11-30 04:01:27', '2016-11-30 04:01:27', NULL),
(26, 'Рост', '', 3, 0, '1', '2016-11-30 04:01:40', '2016-11-30 04:01:40', NULL),
(27, 'Детали аксессуара', '', 3, 0, '1', '2016-11-30 04:02:10', '2016-11-30 04:02:10', NULL),
(28, 'Ширина', '', 3, 0, '1', '2016-11-30 04:02:32', '2016-11-30 04:02:32', NULL),
(29, 'Материал верха', '', 3, 0, '1', '2016-11-30 04:03:27', '2016-11-30 04:03:27', NULL),
(30, 'Внутренний материал', '', 3, 0, '1', '2016-11-30 04:03:52', '2016-11-30 04:03:52', NULL),
(31, 'Материал стельки', '', 3, 0, '1', '2016-11-30 04:04:37', '2016-11-30 04:04:37', NULL),
(32, 'Материал подошвы', '', 3, 0, '1', '2016-11-30 04:05:02', '2016-11-30 04:05:02', NULL),
(33, 'Высота голенища', '', 3, 0, '1', '2016-11-30 04:05:35', '2016-11-30 04:05:35', NULL),
(34, 'Детали обуви', '', 3, 0, '1', '2016-11-30 04:06:11', '2016-11-30 04:06:11', NULL),
(35, 'Тип каблука', '', 3, 0, '1', '2016-11-30 04:06:28', '2016-11-30 04:06:28', NULL),
(36, 'Высота каблука', '', 3, 0, '1', '2016-11-30 04:06:41', '2016-11-30 04:06:41', NULL),
(37, 'Ширина ремня', '', 3, 0, '1', '2016-11-30 04:07:04', '2016-11-30 04:07:04', NULL),
(38, 'Ширина дна', '', 3, 0, '1', '2016-11-30 04:07:29', '2016-11-30 04:07:29', NULL),
(39, 'Длина ручек', '', 3, 0, '1', '2016-11-30 04:07:52', '2016-11-30 04:07:52', NULL),
(40, 'Плечевой ремень', '', 3, 0, '1', '2016-11-30 04:08:16', '2016-11-30 04:08:16', NULL),
(41, 'Формат А4', '', 3, 0, '1', '2016-11-30 04:09:29', '2016-11-30 04:09:29', NULL),
(42, 'Детали сумок', '', 3, 0, '1', '2016-11-30 04:09:56', '2016-11-30 04:09:56', NULL),
(43, 'Высота платформы', '', 3, 0, '1', '2016-11-30 04:10:18', '2016-11-30 04:10:18', NULL),
(44, 'Высота голенища/задника', '', 3, 0, '1', '2016-11-30 04:10:46', '2016-11-30 04:10:46', NULL),
(45, 'Обхват голенища', '', 3, 0, '1', '2016-11-30 04:11:12', '2016-11-30 04:11:12', NULL);

-- --------------------------------------------------------

--
-- Структура таблицы `image`
--

CREATE TABLE `image` (
  `image_id` int(10) UNSIGNED NOT NULL,
  `image_url` varchar(150) COLLATE utf8_unicode_ci NOT NULL,
  `product_id` int(11) UNSIGNED DEFAULT NULL,
  `image_token` varchar(200) COLLATE utf8_unicode_ci DEFAULT NULL,
  `is_main` varchar(1) COLLATE utf8_unicode_ci DEFAULT '0',
  `created_at` timestamp NULL DEFAULT NULL,
  `updated_at` timestamp NULL DEFAULT NULL,
  `deleted_at` timestamp NULL DEFAULT NULL
) ENGINE=InnoDB DEFAULT CHARSET=utf8 COLLATE=utf8_unicode_ci;

--
-- Дамп данных таблицы `image`
--

INSERT INTO `image` (`image_id`, `image_url`, `product_id`, `image_token`, `is_main`, `created_at`, `updated_at`, `deleted_at`) VALUES
(17, '20160801155632000000.jpg', NULL, NULL, '0', '2016-08-01 09:56:32', '2016-08-01 09:56:32', NULL),
(18, '20160801155724000000.jpg', NULL, NULL, '0', '2016-08-01 09:57:24', '2016-08-01 09:57:24', NULL),
(19, '20160801155747000000.jpg', NULL, NULL, '0', '2016-08-01 09:57:47', '2016-08-01 09:57:47', NULL),
(34, '20160802135141000000.jpg', NULL, 'hYz5eeqw7Abx1DPgrbyBPkQbFshqEDF4K4AysNht', '1', '2016-08-02 07:51:41', '2016-08-02 08:08:05', NULL),
(35, '20160802135145000000.jpg', NULL, 'hYz5eeqw7Abx1DPgrbyBPkQbFshqEDF4K4AysNht', '0', '2016-08-02 07:51:45', '2016-08-02 08:08:05', NULL),
(36, '20160802140644000000.jpg', NULL, 'hYz5eeqw7Abx1DPgrbyBPkQbFshqEDF4K4AysNht', '0', '2016-08-02 08:06:44', '2016-08-02 08:06:44', NULL),
(66, '20161201081753000000.jpg', 25, NULL, '1', '2016-12-01 02:17:53', '2016-12-01 02:17:53', NULL),
(67, '20161201081754000000.jpg', 25, NULL, '0', '2016-12-01 02:17:55', '2016-12-01 02:17:55', NULL),
(68, '20161201081757000000.jpg', 25, NULL, '0', '2016-12-01 02:17:57', '2016-12-01 02:17:57', NULL),
(69, '20161201081800000000.jpg', 25, NULL, '0', '2016-12-01 02:18:00', '2016-12-01 02:18:00', NULL),
(70, 'BE031EWNDO28_4093896_1_v2.jpg', 26, NULL, '1', '2016-12-01 02:28:46', '2016-12-01 02:29:12', NULL),
(71, 'BE031EWNDO28_4097365_6_v1.jpg', 26, NULL, '0', '2016-12-01 02:28:49', '2016-12-01 02:29:12', NULL),
(72, 'BE031EWNDO28_4097367_8_v1.jpg', 26, NULL, '0', '2016-12-01 02:29:00', '2016-12-01 02:29:12', NULL),
(73, 'BE031EWNDO28_4097366_7_v1.jpg', 26, NULL, '0', '2016-12-01 02:29:05', '2016-12-01 02:29:12', NULL),
(74, 'GE347EWJZU39_3897428_1_v2.jpg', 27, NULL, '1', '2016-12-01 02:32:31', '2016-12-01 02:32:31', NULL),
(75, 'GE347EWJZU39_3899103_6_v1.jpg', 27, NULL, '0', '2016-12-01 02:32:33', '2016-12-01 02:32:33', NULL),
(76, 'GE347EWJZU39_3899104_7_v1.jpg', 27, NULL, '0', '2016-12-01 02:32:35', '2016-12-01 02:32:35', NULL),
(77, 'GE347EWJZU39_3899105_8_v1.jpg', 27, NULL, '0', '2016-12-01 02:32:37', '2016-12-01 02:32:37', NULL);

-- --------------------------------------------------------

--
-- Структура таблицы `item`
--

CREATE TABLE `item` (
  `item_id` int(10) UNSIGNED NOT NULL,
  `item_name_ru` varchar(250) COLLATE utf8_unicode_ci NOT NULL,
  `feature_id` int(11) UNSIGNED DEFAULT NULL,
  `item_desc` varchar(200) COLLATE utf8_unicode_ci DEFAULT NULL,
  `item_token` varchar(200) COLLATE utf8_unicode_ci DEFAULT NULL,
  `item_info` varchar(200) COLLATE utf8_unicode_ci DEFAULT NULL,
  `sort_num` int(11) DEFAULT '1',
  `created_at` timestamp NULL DEFAULT NULL,
  `updated_at` timestamp NULL DEFAULT NULL,
  `deleted_at` timestamp NULL DEFAULT NULL
) ENGINE=InnoDB DEFAULT CHARSET=utf8 COLLATE=utf8_unicode_ci;

--
-- Дамп данных таблицы `item`
--

INSERT INTO `item` (`item_id`, `item_name_ru`, `feature_id`, `item_desc`, `item_token`, `item_info`, `sort_num`, `created_at`, `updated_at`, `deleted_at`) VALUES
(13, 'красный', 1, '#FF496F', NULL, NULL, 1, '2016-08-03 07:48:20', '2016-08-03 07:50:41', NULL),
(14, 'зеленый', 1, 'green', NULL, NULL, 1, '2016-08-03 07:48:47', '2016-08-03 07:48:47', NULL),
(15, 'синий', 1, 'blue', NULL, NULL, 1, '2016-08-03 07:49:22', '2016-08-03 07:49:22', NULL),
(16, 'голубой', 1, '#CBD1D5', NULL, NULL, 1, '2016-08-03 07:50:24', '2016-08-03 07:50:24', NULL),
(17, 'черный', 1, 'black', NULL, NULL, 1, '2016-08-03 07:50:57', '2016-08-03 07:50:57', NULL),
(18, 'белый', 1, 'white', NULL, NULL, 1, '2016-08-03 07:51:06', '2016-08-03 07:51:06', NULL),
(19, 'желтый', 1, 'yellow', NULL, NULL, 1, '2016-08-03 07:51:21', '2016-08-03 07:51:21', NULL),
(20, '111', 3, '', NULL, NULL, 1, '2016-08-04 12:01:18', '2016-10-30 07:43:32', '2016-10-30 07:43:32'),
(21, '222', 3, '', NULL, NULL, 1, '2016-08-04 12:01:21', '2016-10-30 07:43:28', '2016-10-30 07:43:28'),
(22, 'fhgfhffhgf', 3, '', NULL, NULL, 1, '2016-09-14 00:08:46', '2016-10-30 07:43:16', '2016-10-30 07:43:16'),
(23, 'ggjh', 3, '', NULL, NULL, 1, '2016-09-14 00:09:10', '2016-10-30 07:43:13', '2016-10-30 07:43:13'),
(30, '1', NULL, '', 'WgnvFbvfBm68cFWlC7cNlw2NIOTbpWXm0cOzdeK1', NULL, 1, '2016-10-28 04:53:44', '2016-10-28 04:53:44', NULL),
(31, '37', NULL, '', 'WgnvFbvfBm68cFWlC7cNlw2NIOTbpWXm0cOzdeK1', NULL, 1, '2016-10-28 04:54:05', '2016-10-28 04:54:05', NULL),
(32, '38', NULL, '', 'WgnvFbvfBm68cFWlC7cNlw2NIOTbpWXm0cOzdeK1', NULL, 1, '2016-10-28 04:54:10', '2016-10-28 04:54:10', NULL),
(33, 'bhujb', NULL, '35', 'SIWrw5XjjEldU4pnN0txN4nbgavjWbEL3zGzeA5W', NULL, 1, '2016-11-03 00:35:24', '2016-11-03 00:35:34', '2016-11-03 00:35:34'),
(34, '33', NULL, '', 'SIWrw5XjjEldU4pnN0txN4nbgavjWbEL3zGzeA5W', NULL, 1, '2016-11-03 00:35:31', '2016-11-03 00:35:31', NULL),
(35, '32', NULL, '', 'SIWrw5XjjEldU4pnN0txN4nbgavjWbEL3zGzeA5W', NULL, 1, '2016-11-03 00:35:39', '2016-11-03 00:35:39', NULL),
(37, 'Весна - лето', 9, '', NULL, NULL, 1, '2016-11-30 03:42:04', '2016-11-30 03:43:17', NULL),
(38, 'Осень - Зима', 9, '', NULL, NULL, 1, '2016-11-30 03:42:19', '2016-11-30 03:43:17', NULL),
(39, 'Зима', 10, '', NULL, NULL, 1, '2016-11-30 03:44:14', '2016-11-30 03:44:54', NULL),
(40, 'Лето', 10, '', NULL, NULL, 1, '2016-11-30 03:44:20', '2016-11-30 03:44:54', NULL),
(41, 'Демисезон', 10, '', NULL, NULL, 1, '2016-11-30 03:44:43', '2016-11-30 03:44:54', NULL),
(42, 'Мульти', 10, '', NULL, NULL, 1, '2016-11-30 03:44:50', '2016-11-30 03:44:54', NULL),
(43, 'Спортивный', 11, '', NULL, NULL, 1, '2016-11-30 03:47:46', '2016-11-30 03:49:08', NULL),
(44, 'Выход в свет', 11, '', NULL, NULL, 1, '2016-11-30 03:47:58', '2016-11-30 03:49:08', NULL),
(45, 'Романтический', 11, '', NULL, NULL, 1, '2016-11-30 03:48:14', '2016-11-30 03:49:08', NULL),
(46, 'Повседневный', 11, '', NULL, NULL, 1, '2016-11-30 03:48:28', '2016-11-30 03:49:08', NULL),
(47, 'Деловой', 11, '', NULL, NULL, 1, '2016-11-30 03:48:38', '2016-11-30 03:49:08', NULL),
(48, 'Базовый гардеров', 11, '', NULL, NULL, 1, '2016-11-30 03:48:55', '2016-11-30 03:49:08', NULL),
(49, 'Ультрамодный', 11, '', NULL, NULL, 1, '2016-11-30 03:49:03', '2016-11-30 03:49:08', NULL);

-- --------------------------------------------------------

--
-- Структура таблицы `kind`
--

CREATE TABLE `kind` (
  `kind_id` int(10) UNSIGNED NOT NULL,
  `kind_name` varchar(250) COLLATE utf8_unicode_ci NOT NULL,
  `kind_code` varchar(250) COLLATE utf8_unicode_ci NOT NULL,
  `created_at` timestamp NULL DEFAULT NULL,
  `updated_at` timestamp NULL DEFAULT NULL,
  `deleted_at` timestamp NULL DEFAULT NULL
) ENGINE=InnoDB DEFAULT CHARSET=utf8 COLLATE=utf8_unicode_ci;

--
-- Дамп данных таблицы `kind`
--

INSERT INTO `kind` (`kind_id`, `kind_name`, `kind_code`, `created_at`, `updated_at`, `deleted_at`) VALUES
(1, 'Мультивыборка', 'feature', NULL, NULL, NULL),
(2, 'Одна выборка', 'feature', NULL, NULL, NULL),
(3, 'Текст', 'feature', NULL, NULL, NULL);

-- --------------------------------------------------------

--
-- Структура таблицы `migrations`
--

CREATE TABLE `migrations` (
  `migration` varchar(255) COLLATE utf8_unicode_ci NOT NULL,
  `batch` int(11) NOT NULL
) ENGINE=InnoDB DEFAULT CHARSET=utf8 COLLATE=utf8_unicode_ci;

--
-- Дамп данных таблицы `migrations`
--

INSERT INTO `migrations` (`migration`, `batch`) VALUES
('2016_11_15_055625_create_basket_table', 1),
('2016_11_20_091317_create_name_size_table', 2),
('2016_11_20_091446_create_type_size_table', 2),
('2016_11_20_091708_create_size_table', 2),
('2016_11_20_092008_rollback', 3),
('2016_11_20_092124_rollback', 4);

-- --------------------------------------------------------

--
-- Структура таблицы `page`
--

CREATE TABLE `page` (
  `page_id` int(10) UNSIGNED NOT NULL,
  `page_name_ru` varchar(255) COLLATE utf8_unicode_ci NOT NULL,
  `page_name_kz` varchar(255) COLLATE utf8_unicode_ci DEFAULT NULL,
  `page_name_en` varchar(255) COLLATE utf8_unicode_ci DEFAULT NULL,
  `page_text_kz` longtext COLLATE utf8_unicode_ci,
  `page_text_ru` longtext COLLATE utf8_unicode_ci,
  `page_text_en` longtext COLLATE utf8_unicode_ci,
  `page_image` varchar(200) COLLATE utf8_unicode_ci DEFAULT NULL,
  `page_url` varchar(300) COLLATE utf8_unicode_ci NOT NULL,
  `page_position` int(11) DEFAULT '0',
  `page_kind` int(11) DEFAULT '1',
  `is_show` varchar(1) COLLATE utf8_unicode_ci DEFAULT '1',
  `created_at` timestamp NULL DEFAULT NULL,
  `updated_at` timestamp NULL DEFAULT NULL,
  `deleted_at` timestamp NULL DEFAULT NULL
) ENGINE=InnoDB DEFAULT CHARSET=utf8 COLLATE=utf8_unicode_ci;

--
-- Дамп данных таблицы `page`
--

INSERT INTO `page` (`page_id`, `page_name_ru`, `page_name_kz`, `page_name_en`, `page_text_kz`, `page_text_ru`, `page_text_en`, `page_image`, `page_url`, `page_position`, `page_kind`, `is_show`, `created_at`, `updated_at`, `deleted_at`) VALUES
(1, 'Как сделать заказ?', NULL, NULL, '', '<div class="infoSale">\r\n	<p>\r\n		A’GACI is a lifestyle brand created for \r\nyoung fashion lovers who rock it well and march to their own beat. \r\nSimply put, we are a brand that reflects who you are. Our goal at A’GACI\r\n is to make you feel sexy, feminine and confident.\r\n	</p>\r\n	<p>\r\n		We started back in 1971 and A’GACI is now\r\n one of fashion’s fastest growing brands. We feature an online fashion \r\nhaven and high energy stores nationwide with new locations opening every\r\n year.\r\n	</p>\r\n	<p>\r\n		Each of our pieces has been carefully \r\nselected by our team of crazy talented, fashion-devoted buyers who are \r\nexperts on all things now. So what are you waiting for? Check us out \r\ntoday! Tons of new stuff comes in daily, and we’re sure we got \r\neverything you’re looking for!\r\n	</p>\r\n</div>', NULL, NULL, 'kak-sdelat-zakaz', 1, 1, '1', '2016-07-19 08:33:20', '2016-07-19 08:33:20', NULL),
(3, 'Как оплатить заказ?', NULL, NULL, '', '<p>\r\n	Lorem ipsum dolor sit amet, consectetur adipisicing elit. Facilis \r\nconsequatur commodi laudantium asperiores corporis non sed inventore. \r\nAnimi, tempore nostrum deleniti alias minus provident delectus officiis?\r\n Sint, beatae pariatur facilis.\r\n</p>\r\n<p>\r\n	Lorem ipsum dolor sit amet, \r\nconsectetur adipisicing elit. Voluptatum officia, dicta eveniet \r\nconsequatur optio consectetur cum quisquam quibusdam unde inventore \r\ncorporis provident sunt eligendi et ea voluptates modi quis accusamus.\r\n</p>\r\n<p>\r\n	Lorem ipsum dolor sit amet, \r\nconsectetur adipisicing elit. Quidem repudiandae aliquid asperiores modi\r\n beatae excepturi placeat voluptatum quam doloremque deleniti laborum \r\ndeserunt, adipisci. Odit quasi consequatur ullam laudantium, ex \r\npossimus!\r\n</p>', NULL, NULL, 'kak-oplatit-zakaz', 1, 1, '1', '2016-07-19 08:56:25', '2016-07-19 08:57:29', NULL),
(4, 'Условия доставки', NULL, NULL, '', '<p>\r\n	Lorem ipsum dolor sit amet, consectetur adipisicing elit. Facilis \r\nconsequatur commodi laudantium asperiores corporis non sed inventore. \r\nAnimi, tempore nostrum deleniti alias minus provident delectus officiis?\r\n Sint, beatae pariatur facilis.\r\n</p>\r\n<p>\r\n	Lorem ipsum dolor sit amet, \r\nconsectetur adipisicing elit. Voluptatum officia, dicta eveniet \r\nconsequatur optio consectetur cum quisquam quibusdam unde inventore \r\ncorporis provident sunt eligendi et ea voluptates modi quis accusamus.\r\n</p>\r\n<p>\r\n	Lorem ipsum dolor sit amet, \r\nconsectetur adipisicing elit. Quidem repudiandae aliquid asperiores modi\r\n beatae excepturi placeat voluptatum quam doloremque deleniti laborum \r\ndeserunt, adipisci. Odit quasi consequatur ullam laudantium, ex \r\npossimus!\r\n</p>', NULL, NULL, 'usloviya-dostavki', 1, 1, '1', '2016-07-19 08:56:43', '2016-07-19 08:56:43', NULL),
(5, 'Возврат', NULL, NULL, '', '<p>\r\n	Lorem ipsum dolor sit amet, consectetur adipisicing elit. Facilis \r\nconsequatur commodi laudantium asperiores corporis non sed inventore. \r\nAnimi, tempore nostrum deleniti alias minus provident delectus officiis?\r\n Sint, beatae pariatur facilis.\r\n</p>\r\n<p>\r\n	Lorem ipsum dolor sit amet, \r\nconsectetur adipisicing elit. Voluptatum officia, dicta eveniet \r\nconsequatur optio consectetur cum quisquam quibusdam unde inventore \r\ncorporis provident sunt eligendi et ea voluptates modi quis accusamus.\r\n</p>\r\n<p>\r\n	Lorem ipsum dolor sit amet, \r\nconsectetur adipisicing elit. Quidem repudiandae aliquid asperiores modi\r\n beatae excepturi placeat voluptatum quam doloremque deleniti laborum \r\ndeserunt, adipisci. Odit quasi consequatur ullam laudantium, ex \r\npossimus!\r\n</p>\r\n<br />', NULL, NULL, 'vozvrat', 1, 1, '1', '2016-07-19 08:57:16', '2016-07-19 08:57:16', NULL),
(6, 'Контакты', NULL, NULL, '', '<p>\r\n	Вопросы, предложение, отзывы? Наши менеджеры всегда готов принять от вас звонок!\r\n</p>\r\n<h3>\r\n	<b>+7 (727) 452 369</b>\r\n</h3>\r\n<p>\r\n	support@shopita.kz\r\n</p>\r\n<p>\r\n	24 часов / 7 дней\r\n</p>', NULL, NULL, 'kontakty', 1, 1, '1', '2016-07-19 08:58:19', '2016-07-19 08:58:19', NULL),
(7, 'О нас', NULL, NULL, '', '<p>\r\n	Любой гардероб не мыслим без модных одежд. Выглядеть стильно и модно\r\n сегодня хотят не только женщины, но и сильный пол. Предлагаем Вашему \r\nвниманию наш интернет-магазин – shopita.kz.з\r\n</p>\r\n<p>\r\n	<b>Shopita.kz</b> – это не просто\r\n магазин одежды, это магазин женской и мужской одежды. В этом огромном \r\nкаталоге одежды Вы можете выбрать определенную вещь и подобрать готовый \r\nкомплект для комбинирования, созданный профессиональными стилистами.\r\n</p>\r\n<p>\r\n	Наш интернет-магазин представляет\r\n женскую и мужскую одежду популярных и самых модных мировых брендов. \r\nЧувственная роскошь и изысканная простота, загадка и эфирность – наряды \r\nиз многих коллекции подойдут как для светских раутов, похода в театр, \r\nтак и для скромных семейных торжеств, свиданий с любимым.\r\n</p>\r\n<p>\r\n	<b>Shopita.kz </b>– это гарантия качества и обслуживания высокого качества!!!\r\n</p>', NULL, NULL, 'o-nas', 1, 1, '1', '2016-07-19 09:01:32', '2016-07-19 09:01:32', NULL),
(8, 'Публичная оферта', NULL, NULL, '', '<p>\r\n	Любой гардероб не мыслим без модных одежд. Выглядеть стильно и модно\r\n сегодня хотят не только женщины, но и сильный пол. Предлагаем Вашему \r\nвниманию наш интернет-магазин – shopita.kz.з\r\n</p>\r\n<p>\r\n	<b>Shopita.kz</b> – это не просто\r\n магазин одежды, это магазин женской и мужской одежды. В этом огромном \r\nкаталоге одежды Вы можете выбрать определенную вещь и подобрать готовый \r\nкомплект для комбинирования, созданный профессиональными стилистами.\r\n</p>\r\n<p>\r\n	Наш интернет-магазин представляет\r\n женскую и мужскую одежду популярных и самых модных мировых брендов. \r\nЧувственная роскошь и изысканная простота, загадка и эфирность – наряды \r\nиз многих коллекции подойдут как для светских раутов, похода в театр, \r\nтак и для скромных семейных торжеств, свиданий с любимым.\r\n</p>\r\n<p>\r\n	<b>Shopita.kz </b>– это гарантия качества и обслуживания высокого качества!!!\r\n</p>', NULL, NULL, 'publichnaya-oferta', 1, 1, '1', '2016-07-19 09:11:46', '2016-07-19 09:11:46', NULL),
(9, 'Конфиденциальность', NULL, NULL, '', '<p>\r\n	Любой гардероб не мыслим без модных одежд. Выглядеть стильно и модно\r\n сегодня хотят не только женщины, но и сильный пол. Предлагаем Вашему \r\nвниманию наш интернет-магазин – shopita.kz.з\r\n</p>\r\n<p>\r\n	<b>Shopita.kz</b> – это не просто\r\n магазин одежды, это магазин женской и мужской одежды. В этом огромном \r\nкаталоге одежды Вы можете выбрать определенную вещь и подобрать готовый \r\nкомплект для комбинирования, созданный профессиональными стилистами.\r\n</p>\r\n<p>\r\n	Наш интернет-магазин представляет\r\n женскую и мужскую одежду популярных и самых модных мировых брендов. \r\nЧувственная роскошь и изысканная простота, загадка и эфирность – наряды \r\nиз многих коллекции подойдут как для светских раутов, похода в театр, \r\nтак и для скромных семейных торжеств, свиданий с любимым.\r\n</p>\r\n<p>\r\n	<b>Shopita.kz </b>– это гарантия качества и обслуживания высокого качества!!!\r\n</p>', NULL, NULL, 'konfidentsialnost', 1, 1, '1', '2016-07-19 09:12:07', '2016-10-24 03:05:46', NULL),
(11, 'first blog', NULL, NULL, '', 'blog text<br />', NULL, '20160720072708000000.jpg', 'first-blog', 1, 2, '1', '2016-07-20 01:27:09', '2016-07-20 01:27:09', NULL),
(12, 'второй бог', NULL, NULL, '', 'его текст<br />', NULL, 'default.jpg', 'vtoroy-bog', 1, 2, '1', '2016-07-20 01:28:34', '2016-07-20 01:28:34', NULL),
(15, 'dolge and gabbana', NULL, NULL, NULL, NULL, NULL, 'brend1.png', 'http://google.kz', 0, 4, '1', '2016-07-20 02:39:28', '2016-07-20 02:39:28', NULL),
(16, 'Giorgio Armani', NULL, NULL, NULL, NULL, NULL, 'brend2.png', 'http://google.kz', 0, 4, '1', '2016-07-20 02:40:02', '2016-10-30 09:02:51', NULL),
(17, 'Puma', NULL, NULL, NULL, NULL, NULL, 'brend3.png', 'http://google.kz', 0, 4, '1', '2016-07-20 02:40:17', '2016-07-20 02:40:17', NULL),
(18, 'Louis Vution', NULL, NULL, NULL, NULL, NULL, 'brend4.png', 'http://google.kz', 0, 4, '1', '2016-07-20 02:40:42', '2016-07-20 02:40:42', NULL),
(19, 'DKNY', NULL, NULL, NULL, NULL, NULL, 'brend5.png', 'http://google.kz', 0, 4, '1', '2016-07-20 02:41:03', '2016-07-20 02:41:03', NULL),
(25, 'Акция №1', NULL, NULL, NULL, '<div class="col-md-3 col-sm-3">\r\n	<img src="/image/in_style.png" class="img-responsive center-block" alt="" /> \r\n</div>\r\n<div class="col-md-6 col-sm-6">\r\n	<p>\r\n		A’GACI is a lifestyle brand created for young fashion lovers who rock it well and march to their own beat. Simply put, we are a brand that reflects who you are. Our goal at A’GACI is to make you feel sexy, feminine and confident.\r\n	</p>\r\n	<p>\r\n		We started back in 1971 and A’GACI is now one of fashion’s fastest growing brands. We feature an online fashion haven and high energy stores nationwide with new locations opening every year.\r\n	</p>\r\n</div>\r\n<div class="col-md-3 col-sm-3 hidden-xs">\r\n	<img src="/image/in_style2.png" class="img-responsive center-block" alt="" /> \r\n</div>\r\n\r\n\r\n<div class="col-md-3 col-sm-3">\r\n	<img src="/image/in_style.png" class="img-responsive center-block" alt="" /> \r\n</div>\r\n<div class="col-md-6 col-sm-6">\r\n	<p>\r\n		A’GACI is a lifestyle brand created for young fashion lovers who rock it well and march to their own beat. Simply put, we are a brand that reflects who you are. Our goal at A’GACI is to make you feel sexy, feminine and confident.\r\n	</p>\r\n	<p>\r\n		We started back in 1971 and A’GACI is now one of fashion’s fastest growing brands. We feature an online fashion haven and high energy stores nationwide with new locations opening every year.\r\n	</p>\r\n</div>\r\n<div class="col-md-3 col-sm-3 hidden-xs">\r\n	<img src="/image/in_style2.png" class="img-responsive center-block" alt="" /> \r\n</div>', NULL, 'slid2.png', 'aktsiya-№1', 1, 3, '1', '2016-07-20 04:11:43', '2016-07-20 04:50:04', NULL),
(26, 'Акция №2', NULL, NULL, NULL, '<div class="col-md-3 col-sm-3">\r\n	<img src="/image/in_style.png" class="img-responsive center-block" alt="" /> \r\n</div>\r\n<div class="col-md-6 col-sm-6">\r\n	<p>\r\n		A’GACI is a lifestyle brand created for young fashion lovers who rock it well and march to their own beat. Simply put, we are a brand that reflects who you are. Our goal at A’GACI is to make you feel sexy, feminine and confident.\r\n	</p>\r\n	<p>\r\n		We started back in 1971 and A’GACI is now one of fashion’s fastest growing brands. We feature an online fashion haven and high energy stores nationwide with new locations opening every year.\r\n	</p>\r\n</div>\r\n<div class="col-md-3 col-sm-3 hidden-xs">\r\n	<img src="/image/in_style2.png" class="img-responsive center-block" alt="" /> \r\n</div>\r\n\r\n\r\n<div class="col-md-3 col-sm-3">\r\n	<img src="/image/in_style.png" class="img-responsive center-block" alt="" /> \r\n</div>\r\n<div class="col-md-6 col-sm-6">\r\n	<p>\r\n		A’GACI is a lifestyle brand created for young fashion lovers who rock it well and march to their own beat. Simply put, we are a brand that reflects who you are. Our goal at A’GACI is to make you feel sexy, feminine and confident.\r\n	</p>\r\n	<p>\r\n		We started back in 1971 and A’GACI is now one of fashion’s fastest growing brands. We feature an online fashion haven and high energy stores nationwide with new locations opening every year.\r\n	</p>\r\n</div>\r\n<div class="col-md-3 col-sm-3 hidden-xs">\r\n	<img src="/image/in_style2.png" class="img-responsive center-block" alt="" /> \r\n</div>', NULL, 'slid1.png', 'aktsiya-№2', 1, 3, '1', '2016-07-20 04:46:30', '2016-07-20 04:50:03', NULL),
(27, 'Акция №3', NULL, NULL, NULL, '<div class="col-md-3 col-sm-3">\r\n	<img src="/image/in_style.png" class="img-responsive center-block" alt="" /> \r\n</div>\r\n<div class="col-md-6 col-sm-6">\r\n	<p>\r\n		A’GACI is a lifestyle brand created for young fashion lovers who rock it well and march to their own beat. Simply put, we are a brand that reflects who you are. Our goal at A’GACI is to make you feel sexy, feminine and confident.\r\n	</p>\r\n	<p>\r\n		We started back in 1971 and A’GACI is now one of fashion’s fastest growing brands. We feature an online fashion haven and high energy stores nationwide with new locations opening every year.\r\n	</p>\r\n</div>\r\n<div class="col-md-3 col-sm-3 hidden-xs">\r\n	<img src="/image/in_style2.png" class="img-responsive center-block" alt="" /> \r\n</div>\r\n\r\n\r\n<div class="col-md-3 col-sm-3">\r\n	<img src="/image/in_style.png" class="img-responsive center-block" alt="" /> \r\n</div>\r\n<div class="col-md-6 col-sm-6">\r\n	<p>\r\n		A’GACI is a lifestyle brand created for young fashion lovers who rock it well and march to their own beat. Simply put, we are a brand that reflects who you are. Our goal at A’GACI is to make you feel sexy, feminine and confident.\r\n	</p>\r\n	<p>\r\n		We started back in 1971 and A’GACI is now one of fashion’s fastest growing brands. We feature an online fashion haven and high energy stores nationwide with new locations opening every year.\r\n	</p>\r\n</div>\r\n<div class="col-md-3 col-sm-3 hidden-xs">\r\n	<img src="/image/in_style2.png" class="img-responsive center-block" alt="" /> \r\n</div>', NULL, 'img1.png', 'aktsiya-№3', 2, 3, '1', '2016-07-20 04:47:13', '2016-07-20 04:50:03', NULL),
(28, 'Акция №4', NULL, NULL, NULL, '<div class="col-md-3 col-sm-3">\r\n	<img src="/image/in_style.png" class="img-responsive center-block" alt="" /> \r\n</div>\r\n<div class="col-md-6 col-sm-6">\r\n	<p>\r\n		A’GACI is a lifestyle brand created for young fashion lovers who rock it well and march to their own beat. Simply put, we are a brand that reflects who you are. Our goal at A’GACI is to make you feel sexy, feminine and confident.\r\n	</p>\r\n	<p>\r\n		We started back in 1971 and A’GACI is now one of fashion’s fastest growing brands. We feature an online fashion haven and high energy stores nationwide with new locations opening every year.\r\n	</p>\r\n</div>\r\n<div class="col-md-3 col-sm-3 hidden-xs">\r\n	<img src="/image/in_style2.png" class="img-responsive center-block" alt="" /> \r\n</div>\r\n\r\n\r\n<div class="col-md-3 col-sm-3">\r\n	<img src="/image/in_style.png" class="img-responsive center-block" alt="" /> \r\n</div>\r\n<div class="col-md-6 col-sm-6">\r\n	<p>\r\n		A’GACI is a lifestyle brand created for young fashion lovers who rock it well and march to their own beat. Simply put, we are a brand that reflects who you are. Our goal at A’GACI is to make you feel sexy, feminine and confident.\r\n	</p>\r\n	<p>\r\n		We started back in 1971 and A’GACI is now one of fashion’s fastest growing brands. We feature an online fashion haven and high energy stores nationwide with new locations opening every year.\r\n	</p>\r\n</div>\r\n<div class="col-md-3 col-sm-3 hidden-xs">\r\n	<img src="/image/in_style2.png" class="img-responsive center-block" alt="" /> \r\n</div>', NULL, 'img2.png', 'aktsiya-№4', 4, 3, '1', '2016-07-20 04:48:00', '2016-07-20 04:50:03', NULL),
(29, 'Акция №5', NULL, NULL, NULL, '<div class="col-md-3 col-sm-3">\r\n	<img src="/image/in_style.png" class="img-responsive center-block" alt="" /> \r\n</div>\r\n<div class="col-md-6 col-sm-6">\r\n	<p>\r\n		A’GACI is a lifestyle brand created for young fashion lovers who rock it well and march to their own beat. Simply put, we are a brand that reflects who you are. Our goal at A’GACI is to make you feel sexy, feminine and confident.\r\n	</p>\r\n	<p>\r\n		We started back in 1971 and A’GACI is now one of fashion’s fastest growing brands. We feature an online fashion haven and high energy stores nationwide with new locations opening every year.\r\n	</p>\r\n</div>\r\n<div class="col-md-3 col-sm-3 hidden-xs">\r\n	<img src="/image/in_style2.png" class="img-responsive center-block" alt="" /> \r\n</div>\r\n\r\n\r\n<div class="col-md-3 col-sm-3">\r\n	<img src="/image/in_style.png" class="img-responsive center-block" alt="" /> \r\n</div>\r\n<div class="col-md-6 col-sm-6">\r\n	<p>\r\n		A’GACI is a lifestyle brand created for young fashion lovers who rock it well and march to their own beat. Simply put, we are a brand that reflects who you are. Our goal at A’GACI is to make you feel sexy, feminine and confident.\r\n	</p>\r\n	<p>\r\n		We started back in 1971 and A’GACI is now one of fashion’s fastest growing brands. We feature an online fashion haven and high energy stores nationwide with new locations opening every year.\r\n	</p>\r\n</div>\r\n<div class="col-md-3 col-sm-3 hidden-xs">\r\n	<img src="/image/in_style2.png" class="img-responsive center-block" alt="" /> \r\n</div>', NULL, 'img3.png', 'aktsiya-№5', 3, 3, '1', '2016-07-20 04:48:41', '2016-07-20 04:50:03', NULL),
(30, 'Акция №6', NULL, NULL, NULL, '<div class="col-md-3 col-sm-3">\r\n	<img src="/image/in_style.png" class="img-responsive center-block" alt="" /> \r\n</div>\r\n<div class="col-md-6 col-sm-6">\r\n	<p>\r\n		A’GACI is a lifestyle brand created for young fashion lovers who rock it well and march to their own beat. Simply put, we are a brand that reflects who you are. Our goal at A’GACI is to make you feel sexy, feminine and confident.\r\n	</p>\r\n	<p>\r\n		We started back in 1971 and A’GACI is now one of fashion’s fastest growing brands. We feature an online fashion haven and high energy stores nationwide with new locations opening every year.\r\n	</p>\r\n</div>\r\n<div class="col-md-3 col-sm-3 hidden-xs">\r\n	<img src="/image/in_style2.png" class="img-responsive center-block" alt="" /> \r\n</div>\r\n\r\n\r\n<div class="col-md-3 col-sm-3">\r\n	<img src="/image/in_style.png" class="img-responsive center-block" alt="" /> \r\n</div>\r\n<div class="col-md-6 col-sm-6">\r\n	<p>\r\n		A’GACI is a lifestyle brand created for young fashion lovers who rock it well and march to their own beat. Simply put, we are a brand that reflects who you are. Our goal at A’GACI is to make you feel sexy, feminine and confident.\r\n	</p>\r\n	<p>\r\n		We started back in 1971 and A’GACI is now one of fashion’s fastest growing brands. We feature an online fashion haven and high energy stores nationwide with new locations opening every year.\r\n	</p>\r\n</div>\r\n<div class="col-md-3 col-sm-3 hidden-xs">\r\n	<img src="/image/in_style2.png" class="img-responsive center-block" alt="" /> \r\n</div>', NULL, 'img4.png', 'aktsiya-№6', 5, 3, '1', '2016-07-20 04:49:15', '2016-07-20 04:50:03', NULL),
(31, 'Акция №6', NULL, NULL, NULL, '<div class="col-md-3 col-sm-3">\r\n	<img src="/image/in_style.png" class="img-responsive center-block" alt="" /> \r\n</div>\r\n<div class="col-md-6 col-sm-6">\r\n	<p>\r\n		A’GACI is a lifestyle brand created for young fashion lovers who rock it well and march to their own beat. Simply put, we are a brand that reflects who you are. Our goal at A’GACI is to make you feel sexy, feminine and confident.\r\n	</p>\r\n	<p>\r\n		We started back in 1971 and A’GACI is now one of fashion’s fastest growing brands. We feature an online fashion haven and high energy stores nationwide with new locations opening every year.\r\n	</p>\r\n</div>\r\n<div class="col-md-3 col-sm-3 hidden-xs">\r\n	<img src="/image/in_style2.png" class="img-responsive center-block" alt="" /> \r\n</div>\r\n\r\n\r\n<div class="col-md-3 col-sm-3">\r\n	<img src="/image/in_style.png" class="img-responsive center-block" alt="" /> \r\n</div>\r\n<div class="col-md-6 col-sm-6">\r\n	<p>\r\n		A’GACI is a lifestyle brand created for young fashion lovers who rock it well and march to their own beat. Simply put, we are a brand that reflects who you are. Our goal at A’GACI is to make you feel sexy, feminine and confident.\r\n	</p>\r\n	<p>\r\n		We started back in 1971 and A’GACI is now one of fashion’s fastest growing brands. We feature an online fashion haven and high energy stores nationwide with new locations opening every year.\r\n	</p>\r\n</div>\r\n<div class="col-md-3 col-sm-3 hidden-xs">\r\n	<img src="/image/in_style2.png" class="img-responsive center-block" alt="" /> \r\n</div>', NULL, 'img5.png', 'aktsiya-№6', 6, 3, '1', '2016-07-20 04:49:38', '2016-07-20 04:50:03', NULL),
(32, 'Женская мода 2016 года только для вас! Посмотрите.', NULL, NULL, NULL, '<div class="col-md-3 col-sm-3">\r\n	<img src="/image/in_style.png" class="img-responsive center-block" alt="" /> \r\n</div>\r\n<div class="col-md-6 col-sm-6">\r\n	<p>\r\n		A’GACI is a lifestyle brand created for young fashion lovers who rock it well and march to their own beat. Simply put, we are a brand that reflects who you are. Our goal at A’GACI is to make you feel sexy, feminine and confident.\r\n	</p>\r\n	<p>\r\n		We started back in 1971 and A’GACI is now one of fashion’s fastest growing brands. We feature an online fashion haven and high energy stores nationwide with new locations opening every year.\r\n	</p>\r\n</div>\r\n<div class="col-md-3 col-sm-3 hidden-xs">\r\n	<img src="/image/in_style2.png" class="img-responsive center-block" alt="" /> \r\n</div>\r\n\r\n\r\n<div class="col-md-3 col-sm-3">\r\n	<img src="/image/in_style.png" class="img-responsive center-block" alt="" /> \r\n</div>\r\n<div class="col-md-6 col-sm-6">\r\n	<p>\r\n		A’GACI is a lifestyle brand created for young fashion lovers who rock it well and march to their own beat. Simply put, we are a brand that reflects who you are. Our goal at A’GACI is to make you feel sexy, feminine and confident.\r\n	</p>\r\n	<p>\r\n		We started back in 1971 and A’GACI is now one of fashion’s fastest growing brands. We feature an online fashion haven and high energy stores nationwide with new locations opening every year.\r\n	</p>\r\n</div>\r\n<div class="col-md-3 col-sm-3 hidden-xs">\r\n	<img src="/image/in_style2.png" class="img-responsive center-block" alt="" /> \r\n</div>', NULL, 'stylish1.png', 'dgenskaya-moda-2016-goda-tolko-dlya-vas!-posmotrite', 0, 2, '1', '2016-07-21 01:51:17', '2016-07-21 01:51:17', NULL),
(33, 'Как можно иллюстрировать вашу одежду под цвет?', NULL, NULL, NULL, '<div class="col-md-3 col-sm-3">\r\n	<img src="/image/in_style.png" class="img-responsive center-block" alt="" /> \r\n</div>\r\n<div class="col-md-6 col-sm-6">\r\n	<p>\r\n		A’GACI is a lifestyle brand created for young fashion lovers who rock it well and march to their own beat. Simply put, we are a brand that reflects who you are. Our goal at A’GACI is to make you feel sexy, feminine and confident.\r\n	</p>\r\n	<p>\r\n		We started back in 1971 and A’GACI is now one of fashion’s fastest growing brands. We feature an online fashion haven and high energy stores nationwide with new locations opening every year.\r\n	</p>\r\n</div>\r\n<div class="col-md-3 col-sm-3 hidden-xs">\r\n	<img src="/image/in_style2.png" class="img-responsive center-block" alt="" /> \r\n</div>\r\n\r\n\r\n<div class="col-md-3 col-sm-3">\r\n	<img src="/image/in_style.png" class="img-responsive center-block" alt="" /> \r\n</div>\r\n<div class="col-md-6 col-sm-6">\r\n	<p>\r\n		A’GACI is a lifestyle brand created for young fashion lovers who rock it well and march to their own beat. Simply put, we are a brand that reflects who you are. Our goal at A’GACI is to make you feel sexy, feminine and confident.\r\n	</p>\r\n	<p>\r\n		We started back in 1971 and A’GACI is now one of fashion’s fastest growing brands. We feature an online fashion haven and high energy stores nationwide with new locations opening every year.\r\n	</p>\r\n</div>\r\n<div class="col-md-3 col-sm-3 hidden-xs">\r\n	<img src="/image/in_style2.png" class="img-responsive center-block" alt="" /> \r\n</div>', NULL, 'stylish2.png', 'kak-modgno-illyustrirovat-vashu-odedgdu-pod-tsvet', 0, 2, '1', '2016-07-21 01:51:38', '2016-07-21 01:51:38', NULL),
(34, 'Хотите купить костюм? Дорого? ', NULL, NULL, NULL, '<div class="col-md-3 col-sm-3">\r\n	<img src="/image/in_style.png" class="img-responsive center-block" alt="" /> \r\n</div>\r\n<div class="col-md-6 col-sm-6">\r\n	<p>\r\n		A’GACI is a lifestyle brand created for young fashion lovers who rock it well and march to their own beat. Simply put, we are a brand that reflects who you are. Our goal at A’GACI is to make you feel sexy, feminine and confident.\r\n	</p>\r\n	<p>\r\n		We started back in 1971 and A’GACI is now one of fashion’s fastest growing brands. We feature an online fashion haven and high energy stores nationwide with new locations opening every year.\r\n	</p>\r\n</div>\r\n<div class="col-md-3 col-sm-3 hidden-xs">\r\n	<img src="/image/in_style2.png" class="img-responsive center-block" alt="" /> \r\n</div>\r\n\r\n\r\n<div class="col-md-3 col-sm-3">\r\n	<img src="/image/in_style.png" class="img-responsive center-block" alt="" /> \r\n</div>\r\n<div class="col-md-6 col-sm-6">\r\n	<p>\r\n		A’GACI is a lifestyle brand created for young fashion lovers who rock it well and march to their own beat. Simply put, we are a brand that reflects who you are. Our goal at A’GACI is to make you feel sexy, feminine and confident.\r\n	</p>\r\n	<p>\r\n		We started back in 1971 and A’GACI is now one of fashion’s fastest growing brands. We feature an online fashion haven and high energy stores nationwide with new locations opening every year.\r\n	</p>\r\n</div>\r\n<div class="col-md-3 col-sm-3 hidden-xs">\r\n	<img src="/image/in_style2.png" class="img-responsive center-block" alt="" /> \r\n</div>', NULL, 'zoom3.png', 'khotite-kupit-kostyum-dorogo', 0, 2, '1', '2016-07-21 01:51:59', '2016-07-21 01:51:59', NULL),
(35, 'Красная одежда. Чем надеть?', NULL, NULL, NULL, '<div class="col-md-3 col-sm-3">\r\n	<img src="/image/in_style.png" class="img-responsive center-block" alt="" /> \r\n</div>\r\n<div class="col-md-6 col-sm-6">\r\n	<p>\r\n		A’GACI is a lifestyle brand created for young fashion lovers who rock it well and march to their own beat. Simply put, we are a brand that reflects who you are. Our goal at A’GACI is to make you feel sexy, feminine and confident.\r\n	</p>\r\n	<p>\r\n		We started back in 1971 and A’GACI is now one of fashion’s fastest growing brands. We feature an online fashion haven and high energy stores nationwide with new locations opening every year.\r\n	</p>\r\n</div>\r\n<div class="col-md-3 col-sm-3 hidden-xs">\r\n	<img src="/image/in_style2.png" class="img-responsive center-block" alt="" /> \r\n</div>\r\n\r\n\r\n<div class="col-md-3 col-sm-3">\r\n	<img src="/image/in_style.png" class="img-responsive center-block" alt="" /> \r\n</div>\r\n<div class="col-md-6 col-sm-6">\r\n	<p>\r\n		A’GACI is a lifestyle brand created for young fashion lovers who rock it well and march to their own beat. Simply put, we are a brand that reflects who you are. Our goal at A’GACI is to make you feel sexy, feminine and confident.\r\n	</p>\r\n	<p>\r\n		We started back in 1971 and A’GACI is now one of fashion’s fastest growing brands. We feature an online fashion haven and high energy stores nationwide with new locations opening every year.\r\n	</p>\r\n</div>\r\n<div class="col-md-3 col-sm-3 hidden-xs">\r\n	<img src="/image/in_style2.png" class="img-responsive center-block" alt="" /> \r\n</div>', NULL, 'sale1.png', 'krasnaya-odedgda-chem-nadet', 0, 2, '1', '2016-07-21 01:52:21', '2016-07-21 01:52:21', NULL),
(36, 'Скоро уже осень! А вы уже готовы моде?!', NULL, NULL, NULL, '<div class="col-md-3 col-sm-3">\r\n	<img src="/image/in_style.png" class="img-responsive center-block" alt="" /> \r\n</div>\r\n<div class="col-md-6 col-sm-6">\r\n	<p>\r\n		A’GACI is a lifestyle brand created for young fashion lovers who rock it well and march to their own beat. Simply put, we are a brand that reflects who you are. Our goal at A’GACI is to make you feel sexy, feminine and confident.\r\n	</p>\r\n	<p>\r\n		We started back in 1971 and A’GACI is now one of fashion’s fastest growing brands. We feature an online fashion haven and high energy stores nationwide with new locations opening every year.\r\n	</p>\r\n</div>\r\n<div class="col-md-3 col-sm-3 hidden-xs">\r\n	<img src="/image/in_style2.png" class="img-responsive center-block" alt="" /> \r\n</div>\r\n\r\n\r\n<div class="col-md-3 col-sm-3">\r\n	<img src="/image/in_style.png" class="img-responsive center-block" alt="" /> \r\n</div>\r\n<div class="col-md-6 col-sm-6">\r\n	<p>\r\n		A’GACI is a lifestyle brand created for young fashion lovers who rock it well and march to their own beat. Simply put, we are a brand that reflects who you are. Our goal at A’GACI is to make you feel sexy, feminine and confident.\r\n	</p>\r\n	<p>\r\n		We started back in 1971 and A’GACI is now one of fashion’s fastest growing brands. We feature an online fashion haven and high energy stores nationwide with new locations opening every year.\r\n	</p>\r\n</div>\r\n<div class="col-md-3 col-sm-3 hidden-xs">\r\n	<img src="/image/in_style2.png" class="img-responsive center-block" alt="" /> \r\n</div>', NULL, 'sale7.png', 'skoro-udge-osen!-a-vy-udge-gotovy-mode!', 0, 2, '1', '2016-07-21 01:52:37', '2016-07-21 01:52:37', NULL),
(37, 'Мода 80х возвращается ', NULL, NULL, NULL, '<div class="col-md-3 col-sm-3">\r\n	<img src="/image/in_style.png" class="img-responsive center-block" alt="" /> \r\n</div>\r\n<div class="col-md-6 col-sm-6">\r\n	<p>\r\n		A’GACI is a lifestyle brand created for young fashion lovers who rock it well and march to their own beat. Simply put, we are a brand that reflects who you are. Our goal at A’GACI is to make you feel sexy, feminine and confident.\r\n	</p>\r\n	<p>\r\n		We started back in 1971 and A’GACI is now one of fashion’s fastest growing brands. We feature an online fashion haven and high energy stores nationwide with new locations opening every year.\r\n	</p>\r\n</div>\r\n<div class="col-md-3 col-sm-3 hidden-xs">\r\n	<img src="/image/in_style2.png" class="img-responsive center-block" alt="" /> \r\n</div>\r\n\r\n\r\n<div class="col-md-3 col-sm-3">\r\n	<img src="/image/in_style.png" class="img-responsive center-block" alt="" /> \r\n</div>\r\n<div class="col-md-6 col-sm-6">\r\n	<p>\r\n		A’GACI is a lifestyle brand created for young fashion lovers who rock it well and march to their own beat. Simply put, we are a brand that reflects who you are. Our goal at A’GACI is to make you feel sexy, feminine and confident.\r\n	</p>\r\n	<p>\r\n		We started back in 1971 and A’GACI is now one of fashion’s fastest growing brands. We feature an online fashion haven and high energy stores nationwide with new locations opening every year.\r\n	</p>\r\n</div>\r\n<div class="col-md-3 col-sm-3 hidden-xs">\r\n	<img src="/image/in_style2.png" class="img-responsive center-block" alt="" /> \r\n</div>', NULL, 'stylish6.png', 'moda-80kh-vozvraschaetsya', 0, 2, '1', '2016-07-21 01:52:54', '2016-07-21 01:52:54', NULL),
(38, 'Хотите купить костюм? Дорого? ', NULL, NULL, NULL, '<div class="col-md-3 col-sm-3">\r\n	<img src="/image/in_style.png" class="img-responsive center-block" alt="" /> \r\n</div>\r\n<div class="col-md-6 col-sm-6">\r\n	<p>\r\n		A’GACI is a lifestyle brand created for young fashion lovers who rock it well and march to their own beat. Simply put, we are a brand that reflects who you are. Our goal at A’GACI is to make you feel sexy, feminine and confident.\r\n	</p>\r\n	<p>\r\n		We started back in 1971 and A’GACI is now one of fashion’s fastest growing brands. We feature an online fashion haven and high energy stores nationwide with new locations opening every year.\r\n	</p>\r\n</div>\r\n<div class="col-md-3 col-sm-3 hidden-xs">\r\n	<img src="/image/in_style2.png" class="img-responsive center-block" alt="" /> \r\n</div>\r\n\r\n\r\n<div class="col-md-3 col-sm-3">\r\n	<img src="/image/in_style.png" class="img-responsive center-block" alt="" /> \r\n</div>\r\n<div class="col-md-6 col-sm-6">\r\n	<p>\r\n		A’GACI is a lifestyle brand created for young fashion lovers who rock it well and march to their own beat. Simply put, we are a brand that reflects who you are. Our goal at A’GACI is to make you feel sexy, feminine and confident.\r\n	</p>\r\n	<p>\r\n		We started back in 1971 and A’GACI is now one of fashion’s fastest growing brands. We feature an online fashion haven and high energy stores nationwide with new locations opening every year.\r\n	</p>\r\n</div>\r\n<div class="col-md-3 col-sm-3 hidden-xs">\r\n	<img src="/image/in_style2.png" class="img-responsive center-block" alt="" /> \r\n</div>', NULL, 'stylish8.png', 'khotite-kupit-kostyum-dorogo', 0, 2, '1', '2016-07-21 01:53:07', '2016-07-21 01:53:07', NULL),
(39, 'Хотите купить костюм? Дорого? ', NULL, NULL, NULL, '<div class="col-md-3 col-sm-3">\r\n	<img src="/image/in_style.png" class="img-responsive center-block" alt="" /> \r\n</div>\r\n<div class="col-md-6 col-sm-6">\r\n	<p>\r\n		A’GACI is a lifestyle brand created for young fashion lovers who rock it well and march to their own beat. Simply put, we are a brand that reflects who you are. Our goal at A’GACI is to make you feel sexy, feminine and confident.\r\n	</p>\r\n	<p>\r\n		We started back in 1971 and A’GACI is now one of fashion’s fastest growing brands. We feature an online fashion haven and high energy stores nationwide with new locations opening every year.\r\n	</p>\r\n</div>\r\n<div class="col-md-3 col-sm-3 hidden-xs">\r\n	<img src="/image/in_style2.png" class="img-responsive center-block" alt="" /> \r\n</div>\r\n\r\n\r\n<div class="col-md-3 col-sm-3">\r\n	<img src="/image/in_style.png" class="img-responsive center-block" alt="" /> \r\n</div>\r\n<div class="col-md-6 col-sm-6">\r\n	<p>\r\n		A’GACI is a lifestyle brand created for young fashion lovers who rock it well and march to their own beat. Simply put, we are a brand that reflects who you are. Our goal at A’GACI is to make you feel sexy, feminine and confident.\r\n	</p>\r\n	<p>\r\n		We started back in 1971 and A’GACI is now one of fashion’s fastest growing brands. We feature an online fashion haven and high energy stores nationwide with new locations opening every year.\r\n	</p>\r\n</div>\r\n<div class="col-md-3 col-sm-3 hidden-xs">\r\n	<img src="/image/in_style2.png" class="img-responsive center-block" alt="" /> \r\n</div>', NULL, 'stylish7.png', 'khotite-kupit-kostyum-dorogo', 0, 2, '1', '2016-07-21 01:53:21', '2016-07-26 01:45:57', NULL),
(40, 'Скидочные купоны для женских одежды', NULL, NULL, NULL, '<div class="col-md-3 col-sm-3">\r\n	<img src="/image/in_style.png" class="img-responsive center-block" alt="" /> \r\n</div>\r\n<div class="col-md-6 col-sm-6">\r\n	<p>\r\n		A’GACI is a lifestyle brand created for young fashion lovers who rock it well and march to their own beat. Simply put, we are a brand that reflects who you are. Our goal at A’GACI is to make you feel sexy, feminine and confident.\r\n	</p>\r\n	<p>\r\n		We started back in 1971 and A’GACI is now one of fashion’s fastest growing brands. We feature an online fashion haven and high energy stores nationwide with new locations opening every year.\r\n	</p>\r\n</div>\r\n<div class="col-md-3 col-sm-3 hidden-xs">\r\n	<img src="/image/in_style2.png" class="img-responsive center-block" alt="" /> \r\n</div>\r\n\r\n\r\n<div class="col-md-3 col-sm-3">\r\n	<img src="/image/in_style.png" class="img-responsive center-block" alt="" /> \r\n</div>\r\n<div class="col-md-6 col-sm-6">\r\n	<p>\r\n		A’GACI is a lifestyle brand created for young fashion lovers who rock it well and march to their own beat. Simply put, we are a brand that reflects who you are. Our goal at A’GACI is to make you feel sexy, feminine and confident.\r\n	</p>\r\n	<p>\r\n		We started back in 1971 and A’GACI is now one of fashion’s fastest growing brands. We feature an online fashion haven and high energy stores nationwide with new locations opening every year.\r\n	</p>\r\n</div>\r\n<div class="col-md-3 col-sm-3 hidden-xs">\r\n	<img src="/image/in_style2.png" class="img-responsive center-block" alt="" /> \r\n</div>', NULL, '20160726091120000000.png', 'skidochnye-kupony-dlya-dgenskikh-odedgdy', 0, 5, '1', '2016-07-26 03:11:35', '2016-07-26 03:11:35', NULL),
(41, 'Как получить купоны?', NULL, NULL, NULL, '<div class="col-md-3 col-sm-3">\r\n	<img src="/image/in_style.png" class="img-responsive center-block" alt="" /> \r\n</div>\r\n<div class="col-md-6 col-sm-6">\r\n	<p>\r\n		A’GACI is a lifestyle brand created for young fashion lovers who rock it well and march to their own beat. Simply put, we are a brand that reflects who you are. Our goal at A’GACI is to make you feel sexy, feminine and confident.\r\n	</p>\r\n	<p>\r\n		We started back in 1971 and A’GACI is now one of fashion’s fastest growing brands. We feature an online fashion haven and high energy stores nationwide with new locations opening every year.\r\n	</p>\r\n</div>\r\n<div class="col-md-3 col-sm-3 hidden-xs">\r\n	<img src="/image/in_style2.png" class="img-responsive center-block" alt="" /> \r\n</div>\r\n\r\n\r\n<div class="col-md-3 col-sm-3">\r\n	<img src="/image/in_style.png" class="img-responsive center-block" alt="" /> \r\n</div>\r\n<div class="col-md-6 col-sm-6">\r\n	<p>\r\n		A’GACI is a lifestyle brand created for young fashion lovers who rock it well and march to their own beat. Simply put, we are a brand that reflects who you are. Our goal at A’GACI is to make you feel sexy, feminine and confident.\r\n	</p>\r\n	<p>\r\n		We started back in 1971 and A’GACI is now one of fashion’s fastest growing brands. We feature an online fashion haven and high energy stores nationwide with new locations opening every year.\r\n	</p>\r\n</div>\r\n<div class="col-md-3 col-sm-3 hidden-xs">\r\n	<img src="/image/in_style2.png" class="img-responsive center-block" alt="" /> \r\n</div>', NULL, 'sale2.png', 'kak-poluchit-kupony', 0, 5, '1', '2016-07-26 03:12:39', '2016-07-26 03:12:39', NULL),
(42, 'Летние купоны', NULL, NULL, NULL, '<div class="col-md-3 col-sm-3">\r\n	<img src="/image/in_style.png" class="img-responsive center-block" alt="" /> \r\n</div>\r\n<div class="col-md-6 col-sm-6">\r\n	<p>\r\n		A’GACI is a lifestyle brand created for young fashion lovers who rock it well and march to their own beat. Simply put, we are a brand that reflects who you are. Our goal at A’GACI is to make you feel sexy, feminine and confident.\r\n	</p>\r\n	<p>\r\n		We started back in 1971 and A’GACI is now one of fashion’s fastest growing brands. We feature an online fashion haven and high energy stores nationwide with new locations opening every year.\r\n	</p>\r\n</div>\r\n<div class="col-md-3 col-sm-3 hidden-xs">\r\n	<img src="/image/in_style2.png" class="img-responsive center-block" alt="" /> \r\n</div>\r\n\r\n\r\n<div class="col-md-3 col-sm-3">\r\n	<img src="/image/in_style.png" class="img-responsive center-block" alt="" /> \r\n</div>\r\n<div class="col-md-6 col-sm-6">\r\n	<p>\r\n		A’GACI is a lifestyle brand created for young fashion lovers who rock it well and march to their own beat. Simply put, we are a brand that reflects who you are. Our goal at A’GACI is to make you feel sexy, feminine and confident.\r\n	</p>\r\n	<p>\r\n		We started back in 1971 and A’GACI is now one of fashion’s fastest growing brands. We feature an online fashion haven and high energy stores nationwide with new locations opening every year.\r\n	</p>\r\n</div>\r\n<div class="col-md-3 col-sm-3 hidden-xs">\r\n	<img src="/image/in_style2.png" class="img-responsive center-block" alt="" /> \r\n</div>', NULL, 'sale3.png', 'letnie-kupony', 0, 5, '1', '2016-07-26 03:14:19', '2016-07-26 03:14:19', NULL),
(43, 'Летние купоны', NULL, NULL, NULL, '<div class="col-md-3 col-sm-3">\r\n	<img src="/image/in_style.png" class="img-responsive center-block" alt="" /> \r\n</div>\r\n<div class="col-md-6 col-sm-6">\r\n	<p>\r\n		A’GACI is a lifestyle brand created for young fashion lovers who rock it well and march to their own beat. Simply put, we are a brand that reflects who you are. Our goal at A’GACI is to make you feel sexy, feminine and confident.\r\n	</p>\r\n	<p>\r\n		We started back in 1971 and A’GACI is now one of fashion’s fastest growing brands. We feature an online fashion haven and high energy stores nationwide with new locations opening every year.\r\n	</p>\r\n</div>\r\n<div class="col-md-3 col-sm-3 hidden-xs">\r\n	<img src="/image/in_style2.png" class="img-responsive center-block" alt="" /> \r\n</div>\r\n\r\n\r\n<div class="col-md-3 col-sm-3">\r\n	<img src="/image/in_style.png" class="img-responsive center-block" alt="" /> \r\n</div>\r\n<div class="col-md-6 col-sm-6">\r\n	<p>\r\n		A’GACI is a lifestyle brand created for young fashion lovers who rock it well and march to their own beat. Simply put, we are a brand that reflects who you are. Our goal at A’GACI is to make you feel sexy, feminine and confident.\r\n	</p>\r\n	<p>\r\n		We started back in 1971 and A’GACI is now one of fashion’s fastest growing brands. We feature an online fashion haven and high energy stores nationwide with new locations opening every year.\r\n	</p>\r\n</div>\r\n<div class="col-md-3 col-sm-3 hidden-xs">\r\n	<img src="/image/in_style2.png" class="img-responsive center-block" alt="" /> \r\n</div>', NULL, 'sale4.png', 'letnie-kupony', 0, 5, '1', '2016-07-26 03:14:59', '2016-07-26 03:14:59', NULL),
(44, 'Летние купоны', NULL, NULL, NULL, '<div class="col-md-3 col-sm-3">\r\n	<img src="/image/in_style.png" class="img-responsive center-block" alt="" /> \r\n</div>\r\n<div class="col-md-6 col-sm-6">\r\n	<p>\r\n		A’GACI is a lifestyle brand created for young fashion lovers who rock it well and march to their own beat. Simply put, we are a brand that reflects who you are. Our goal at A’GACI is to make you feel sexy, feminine and confident.\r\n	</p>\r\n	<p>\r\n		We started back in 1971 and A’GACI is now one of fashion’s fastest growing brands. We feature an online fashion haven and high energy stores nationwide with new locations opening every year.\r\n	</p>\r\n</div>\r\n<div class="col-md-3 col-sm-3 hidden-xs">\r\n	<img src="/image/in_style2.png" class="img-responsive center-block" alt="" /> \r\n</div>\r\n\r\n\r\n<div class="col-md-3 col-sm-3">\r\n	<img src="/image/in_style.png" class="img-responsive center-block" alt="" /> \r\n</div>\r\n<div class="col-md-6 col-sm-6">\r\n	<p>\r\n		A’GACI is a lifestyle brand created for young fashion lovers who rock it well and march to their own beat. Simply put, we are a brand that reflects who you are. Our goal at A’GACI is to make you feel sexy, feminine and confident.\r\n	</p>\r\n	<p>\r\n		We started back in 1971 and A’GACI is now one of fashion’s fastest growing brands. We feature an online fashion haven and high energy stores nationwide with new locations opening every year.\r\n	</p>\r\n</div>\r\n<div class="col-md-3 col-sm-3 hidden-xs">\r\n	<img src="/image/in_style2.png" class="img-responsive center-block" alt="" /> \r\n</div>', NULL, 'sale5.png', 'letnie-kupony', 0, 5, '1', '2016-07-26 03:19:47', '2016-07-26 03:19:47', NULL);

-- --------------------------------------------------------

--
-- Структура таблицы `page_kind`
--

CREATE TABLE `page_kind` (
  `page_kind_id` int(11) NOT NULL,
  `page_kind_name` varchar(200) DEFAULT NULL
) ENGINE=InnoDB DEFAULT CHARSET=utf8 PACK_KEYS=0;

--
-- Дамп данных таблицы `page_kind`
--

INSERT INTO `page_kind` (`page_kind_id`, `page_kind_name`) VALUES
(1, 'Статичная страница'),
(2, 'Блог'),
(3, 'Баннеры'),
(4, 'Бренды'),
(5, 'Скидочные купоны');

-- --------------------------------------------------------

--
-- Структура таблицы `product`
--

CREATE TABLE `product` (
  `product_id` int(10) UNSIGNED NOT NULL,
  `product_name_ru` varchar(350) COLLATE utf8_unicode_ci NOT NULL,
  `product_code` varchar(100) COLLATE utf8_unicode_ci DEFAULT NULL,
  `product_price` int(11) DEFAULT NULL,
  `product_old_price` int(11) DEFAULT NULL,
  `product_desc_ru` text COLLATE utf8_unicode_ci,
  `brand_id` int(11) UNSIGNED DEFAULT NULL,
  `discount` int(11) DEFAULT '0',
  `is_show` varchar(1) COLLATE utf8_unicode_ci DEFAULT '1',
  `is_sale` varchar(1) COLLATE utf8_unicode_ci DEFAULT '0',
  `product_count` int(11) DEFAULT '10',
  `tag` text COLLATE utf8_unicode_ci,
  `product_url` varchar(400) COLLATE utf8_unicode_ci DEFAULT NULL,
  `sort_num` int(11) DEFAULT '0',
  `view_count` int(11) DEFAULT '0',
  `color_id` int(11) NOT NULL,
  `created_at` timestamp NULL DEFAULT NULL,
  `updated_at` timestamp NULL DEFAULT NULL,
  `deleted_at` timestamp NULL DEFAULT NULL
) ENGINE=InnoDB DEFAULT CHARSET=utf8 COLLATE=utf8_unicode_ci;

--
-- Дамп данных таблицы `product`
--

INSERT INTO `product` (`product_id`, `product_name_ru`, `product_code`, `product_price`, `product_old_price`, `product_desc_ru`, `brand_id`, `discount`, `is_show`, `is_sale`, `product_count`, `tag`, `product_url`, `sort_num`, `view_count`, `color_id`, `created_at`, `updated_at`, `deleted_at`) VALUES
(19, 'test', 'test', 5000, 0, 'test', 2, 0, '1', '0', 0, 'test,test,test', 'test', 1, 102, 0, '2016-11-24 06:33:11', '2016-11-28 23:30:54', '2016-11-28 23:30:54'),
(20, 'test2', 'test2', 0, 0, 'test2', 2, 0, '1', '0', 9, 'test2', 'test2', 0, 77, 0, '2016-11-24 06:44:38', '2016-11-28 23:30:52', '2016-11-28 23:30:52'),
(21, 'wwwww', 'wwwwwww', 685555, 0, 'wwwwwww', 2, 0, '1', '0', 9, 'wwwwwww', 'wwwww', 0, 1, 0, '2016-11-28 23:25:55', '2016-11-28 23:30:50', '2016-11-28 23:30:50'),
(22, '56h6', 'y56y56', 56656, 0, '56y56y', 15, 0, '1', '0', 10, '6556', '56h6', 65, 0, 3, '2016-11-30 08:22:05', '2016-11-30 23:45:54', '2016-11-30 23:45:54'),
(23, 'Пуховик', 'Пуховик', 36000, 0, 'Пуховик', 131, 0, '1', '0', 10, 'Пуховик', 'pukhovik', 0, 1, 2, '2016-11-30 23:47:26', '2016-12-01 02:13:55', '2016-12-01 02:13:55'),
(24, 'y54y', 't45t45', 454545, 0, 't54t54t54', 75, 0, '1', '0', 10, '5454tg54', 'y54y', 0, 7, 2, '2016-11-30 23:54:58', '2016-12-01 02:13:57', NULL),
(25, 'rerere', 'ewfwe', 434433, 0, 'wefwef', 131, 0, '1', '0', 10, 'ascasc', 'rerere', 0, 2, 7, '2016-12-01 02:17:44', '2016-12-01 02:24:04', NULL),
(26, 'Пуховик', 'Товар находится на складе Lamoda и может быть доставлен вам в кратчайшие сроки. Узнайте сроки достав', 42000, 0, 'Пуховик Befree выполнен из быстросохнущего текстиля; натуральный утеплитель. Модель приталенного силуэта. Детали: застежка на молнию с ветрозащитной планкой на кнопки; воротник-стойка с подкладкой из искусственного меха; съемный утепленный капюшон со съемной меховой оторочкой; боковые регулирующие объем молнии; четыре внешних кармана; внутренние трикотажные манжеты; внутренняя регулирующая объем кулиска.', 101, 0, '1', '0', 10, 'куртка,женский одежда', 'pukhovik', 0, 0, 8, '2016-12-01 02:29:11', '2016-12-01 02:29:11', NULL),
(27, 'Geox Пуховик', 'Geox Пуховик', 5335, 54000, '<div class="ii-product__brand">\r\n	ггнорикеукп\r\n</div>', 131, 45123, '1', '1', 19, '', 'Geox-pukhovik', 0, 3, 2, '2016-12-01 02:32:25', '2016-12-01 03:35:34', NULL);

-- --------------------------------------------------------

--
-- Структура таблицы `product_category`
--

CREATE TABLE `product_category` (
  `product_category_id` int(10) UNSIGNED NOT NULL,
  `product_id` int(11) UNSIGNED DEFAULT NULL,
  `category_id` int(11) UNSIGNED DEFAULT NULL,
  `created_at` timestamp NULL DEFAULT NULL,
  `updated_at` timestamp NULL DEFAULT NULL,
  `deleted_at` timestamp NULL DEFAULT NULL
) ENGINE=InnoDB DEFAULT CHARSET=utf8 COLLATE=utf8_unicode_ci;

--
-- Дамп данных таблицы `product_category`
--

INSERT INTO `product_category` (`product_category_id`, `product_id`, `category_id`, `created_at`, `updated_at`, `deleted_at`) VALUES
(109, 19, 155, '2016-11-24 06:49:48', '2016-11-24 06:49:48', NULL),
(110, 20, 151, '2016-11-24 07:44:05', '2016-11-24 07:44:05', NULL),
(111, 21, 229, '2016-11-28 23:25:55', '2016-11-28 23:25:55', NULL),
(115, 22, 227, '2016-11-30 23:44:52', '2016-11-30 23:44:52', NULL),
(119, 24, 227, '2016-12-01 00:33:33', '2016-12-01 00:33:33', NULL),
(120, 23, 193, '2016-12-01 02:13:45', '2016-12-01 02:13:45', NULL),
(123, 25, 193, '2016-12-01 02:24:04', '2016-12-01 02:24:04', NULL),
(124, 26, 193, '2016-12-01 02:29:11', '2016-12-01 02:29:11', NULL),
(126, 27, 193, '2016-12-01 02:32:43', '2016-12-01 02:32:43', NULL);

-- --------------------------------------------------------

--
-- Структура таблицы `product_favorite`
--

CREATE TABLE `product_favorite` (
  `product_favorite_id` int(10) UNSIGNED NOT NULL,
  `product_id` int(11) UNSIGNED DEFAULT NULL,
  `user_id` int(11) DEFAULT NULL,
  `created_at` timestamp NULL DEFAULT NULL,
  `updated_at` timestamp NULL DEFAULT NULL,
  `deleted_at` timestamp NULL DEFAULT NULL
) ENGINE=InnoDB DEFAULT CHARSET=utf8 COLLATE=utf8_unicode_ci;

--
-- Дамп данных таблицы `product_favorite`
--

INSERT INTO `product_favorite` (`product_favorite_id`, `product_id`, `user_id`, `created_at`, `updated_at`, `deleted_at`) VALUES
(6, 5, 1, '2016-08-07 00:56:42', '2016-08-07 00:56:42', NULL),
(7, 3, 1, '2016-08-07 02:04:21', '2016-08-07 02:04:21', NULL),
(28, 1, 4, '2016-08-16 11:03:02', '2016-08-16 11:03:02', NULL),
(31, 3, 4, '2016-08-23 01:34:49', '2016-08-23 01:34:49', NULL),
(32, 4, 1, '2016-08-23 04:31:40', '2016-08-23 04:31:40', NULL),
(33, 5, 11, '2016-10-24 01:41:49', '2016-10-24 01:41:49', NULL),
(34, 5, 12, '2016-10-30 08:16:52', '2016-10-30 08:16:52', NULL),
(35, 7, 1, '2016-10-31 11:52:38', '2016-10-31 11:52:38', NULL),
(36, 19, 1, '2016-11-24 06:34:14', '2016-11-24 06:34:14', NULL),
(38, 26, 1, '2016-12-01 05:23:23', '2016-12-01 05:23:23', NULL);

-- --------------------------------------------------------

--
-- Структура таблицы `product_feature`
--

CREATE TABLE `product_feature` (
  `product_feature_id` int(10) UNSIGNED NOT NULL,
  `product_id` int(11) UNSIGNED DEFAULT NULL,
  `feature_id` int(11) UNSIGNED DEFAULT NULL,
  `item_id` int(11) UNSIGNED DEFAULT NULL,
  `product_feature_desc` text COLLATE utf8_unicode_ci,
  `created_at` timestamp NULL DEFAULT NULL,
  `updated_at` timestamp NULL DEFAULT NULL,
  `deleted_at` timestamp NULL DEFAULT NULL
) ENGINE=InnoDB DEFAULT CHARSET=utf8 COLLATE=utf8_unicode_ci;

--
-- Дамп данных таблицы `product_feature`
--

INSERT INTO `product_feature` (`product_feature_id`, `product_id`, `feature_id`, `item_id`, `product_feature_desc`, `created_at`, `updated_at`, `deleted_at`) VALUES
(72, 4, 2, NULL, 'Материал 1: Полиэстер - 100%; Материал 2: Полиуретан - 100%', '2016-08-06 01:47:59', '2016-08-06 01:47:59', NULL),
(73, 3, 2, NULL, 'Материал 1: Полиэстер - 100%; Материал 2: Полиуретан - 100%', '2016-08-06 01:48:19', '2016-08-06 01:48:19', NULL),
(74, 3, 1, NULL, NULL, '2016-08-06 01:48:20', '2016-08-06 01:48:20', NULL),
(75, 3, NULL, 13, NULL, '2016-08-06 01:48:20', '2016-08-06 01:48:20', NULL),
(76, 2, 2, NULL, 'Материал 1: Полиэстер - 100%; Материал 2: Полиуретан - 100%', '2016-08-06 01:48:44', '2016-08-06 01:48:44', NULL),
(77, 1, 2, NULL, 'Материал 1: Полиэстер - 100%; Материал 2: Полиуретан - 100%', '2016-08-06 01:49:21', '2016-08-06 01:49:21', NULL),
(93, 6, 1, NULL, NULL, '2016-08-08 08:16:18', '2016-08-08 08:16:18', NULL),
(94, 6, NULL, 18, NULL, '2016-08-08 08:16:18', '2016-08-08 08:16:18', NULL),
(95, 6, NULL, 16, NULL, '2016-08-08 08:16:18', '2016-08-08 08:16:18', NULL),
(141, 5, 1, NULL, NULL, '2016-08-23 05:06:26', '2016-08-23 05:06:26', NULL),
(142, 5, 2, NULL, 'Материал 1: Полиэстер - 100%; Материал 2: Полиуретан - 100%', '2016-08-23 05:06:27', '2016-08-23 05:06:27', NULL),
(143, 5, NULL, 18, NULL, '2016-08-23 05:06:27', '2016-08-23 05:06:27', NULL),
(144, 5, NULL, 17, NULL, '2016-08-23 05:06:27', '2016-08-23 05:06:27', NULL),
(145, 5, NULL, 13, NULL, '2016-08-23 05:06:27', '2016-08-23 05:06:27', NULL),
(182, 11, 1, NULL, NULL, '2016-11-06 22:34:01', '2016-11-06 22:34:01', NULL),
(183, 11, NULL, 18, NULL, '2016-11-06 22:34:01', '2016-11-06 22:34:01', NULL),
(184, 11, NULL, 17, NULL, '2016-11-06 22:34:01', '2016-11-06 22:34:01', NULL),
(185, 11, NULL, 16, NULL, '2016-11-06 22:34:01', '2016-11-06 22:34:01', NULL),
(202, 9, 1, NULL, NULL, '2016-11-19 06:11:33', '2016-11-19 06:11:33', NULL),
(203, 9, NULL, 18, NULL, '2016-11-19 06:11:33', '2016-11-19 06:11:33', NULL),
(204, 9, NULL, 17, NULL, '2016-11-19 06:11:33', '2016-11-19 06:11:33', NULL),
(205, 9, NULL, 16, NULL, '2016-11-19 06:11:34', '2016-11-19 06:11:34', NULL),
(206, 12, 1, NULL, NULL, '2016-11-23 21:37:26', '2016-11-23 21:37:26', NULL),
(207, 12, NULL, 19, NULL, '2016-11-23 21:37:27', '2016-11-23 21:37:27', NULL),
(208, 12, NULL, 18, NULL, '2016-11-23 21:37:27', '2016-11-23 21:37:27', NULL),
(209, 12, NULL, 17, NULL, '2016-11-23 21:37:27', '2016-11-23 21:37:27', NULL),
(210, 13, 1, NULL, NULL, '2016-11-23 21:39:04', '2016-11-23 21:39:04', NULL),
(211, 13, NULL, 19, NULL, '2016-11-23 21:39:04', '2016-11-23 21:39:04', NULL),
(212, 13, NULL, 18, NULL, '2016-11-23 21:39:04', '2016-11-23 21:39:04', NULL),
(213, 14, 1, NULL, NULL, '2016-11-23 22:13:24', '2016-11-23 22:13:24', NULL),
(214, 14, NULL, 18, NULL, '2016-11-23 22:13:24', '2016-11-23 22:13:24', NULL),
(215, 14, NULL, 17, NULL, '2016-11-23 22:13:24', '2016-11-23 22:13:24', NULL),
(216, 15, 1, NULL, NULL, '2016-11-23 22:14:30', '2016-11-23 22:14:30', NULL),
(217, 15, NULL, 18, NULL, '2016-11-23 22:14:30', '2016-11-23 22:14:30', NULL),
(218, 15, NULL, 17, NULL, '2016-11-23 22:14:30', '2016-11-23 22:14:30', NULL),
(219, 15, NULL, 16, NULL, '2016-11-23 22:14:30', '2016-11-23 22:14:30', NULL),
(220, 16, 1, NULL, NULL, '2016-11-23 22:16:02', '2016-11-23 22:16:02', NULL),
(221, 16, NULL, 17, NULL, '2016-11-23 22:16:02', '2016-11-23 22:16:02', NULL),
(222, 17, 1, NULL, NULL, '2016-11-23 22:21:35', '2016-11-23 22:21:35', NULL),
(223, 17, NULL, 18, NULL, '2016-11-23 22:21:35', '2016-11-23 22:21:35', NULL),
(224, 17, NULL, 17, NULL, '2016-11-23 22:21:35', '2016-11-23 22:21:35', NULL),
(229, 8, 1, NULL, NULL, '2016-11-24 06:19:48', '2016-11-24 06:19:48', NULL),
(230, 8, 2, NULL, 'dasdasdas', '2016-11-24 06:19:48', '2016-11-24 06:19:48', NULL),
(231, 8, 3, NULL, 'wdwqdw', '2016-11-24 06:19:48', '2016-11-24 06:19:48', NULL),
(232, 8, NULL, 17, NULL, '2016-11-24 06:19:48', '2016-11-24 06:19:48', NULL),
(233, 8, NULL, 16, NULL, '2016-11-24 06:19:48', '2016-11-24 06:19:48', NULL),
(238, 18, 1, NULL, NULL, '2016-11-24 06:23:10', '2016-11-24 06:23:10', NULL),
(239, 18, NULL, 18, NULL, '2016-11-24 06:23:10', '2016-11-24 06:23:10', NULL),
(240, 18, NULL, 17, NULL, '2016-11-24 06:23:10', '2016-11-24 06:23:10', NULL),
(241, 18, NULL, 16, NULL, '2016-11-24 06:23:10', '2016-11-24 06:23:10', NULL),
(259, 19, 1, NULL, NULL, '2016-11-24 06:49:49', '2016-11-24 06:49:49', NULL),
(260, 19, NULL, 18, NULL, '2016-11-24 06:49:49', '2016-11-24 06:49:49', NULL),
(261, 19, NULL, 17, NULL, '2016-11-24 06:49:49', '2016-11-24 06:49:49', NULL),
(262, 19, NULL, 16, NULL, '2016-11-24 06:49:49', '2016-11-24 06:49:49', NULL),
(263, 20, 2, NULL, 'test2test2test2test2', '2016-11-24 07:44:06', '2016-11-24 07:44:06', NULL),
(264, 21, 1, NULL, NULL, '2016-11-28 23:25:55', '2016-11-28 23:25:55', NULL),
(265, 21, NULL, 19, NULL, '2016-11-28 23:25:55', '2016-11-28 23:25:55', NULL),
(266, 21, NULL, 18, NULL, '2016-11-28 23:25:55', '2016-11-28 23:25:55', NULL),
(267, 21, NULL, 17, NULL, '2016-11-28 23:25:55', '2016-11-28 23:25:55', NULL),
(274, 22, 9, NULL, NULL, '2016-11-30 23:44:52', '2016-11-30 23:44:52', NULL),
(275, 22, NULL, 38, NULL, '2016-11-30 23:44:52', '2016-11-30 23:44:52', NULL),
(280, 24, 9, NULL, NULL, '2016-12-01 00:33:34', '2016-12-01 00:33:34', NULL),
(281, 24, NULL, 38, NULL, '2016-12-01 00:33:34', '2016-12-01 00:33:34', NULL),
(282, 23, 2, NULL, 'Состав Полиэстер - 100%\r\nМатериал подкладки Материал 1: Полиэстер - 100%; Материал 2: Полиэстер - 100%\r\nУтеплитель Натуральный пух - 50%, Перо - 50%\r\nДлина рукава 65 см\r\nДлина 75 см\r\nРазмер модели на фото 42/44\r\nРост модели на фото 176\r\nПараметры модели 82-59-89\r\nДлина до середины бедра\r\nРукав длинный', '2016-12-01 02:13:45', '2016-12-01 02:13:45', NULL),
(291, 25, 10, NULL, NULL, '2016-12-01 02:24:04', '2016-12-01 02:24:04', NULL),
(292, 25, 9, NULL, NULL, '2016-12-01 02:24:04', '2016-12-01 02:24:04', NULL),
(293, 25, NULL, 39, NULL, '2016-12-01 02:24:04', '2016-12-01 02:24:04', NULL),
(294, 25, NULL, 38, NULL, '2016-12-01 02:24:04', '2016-12-01 02:24:04', NULL),
(295, 26, 9, NULL, NULL, '2016-12-01 02:29:11', '2016-12-01 02:29:11', NULL),
(296, 26, 10, NULL, NULL, '2016-12-01 02:29:12', '2016-12-01 02:29:12', NULL),
(297, 26, 11, NULL, NULL, '2016-12-01 02:29:12', '2016-12-01 02:29:12', NULL),
(298, 26, NULL, 38, NULL, '2016-12-01 02:29:12', '2016-12-01 02:29:12', NULL),
(299, 26, NULL, 41, NULL, '2016-12-01 02:29:12', '2016-12-01 02:29:12', NULL),
(300, 26, NULL, 48, NULL, '2016-12-01 02:29:12', '2016-12-01 02:29:12', NULL),
(301, 26, NULL, 45, NULL, '2016-12-01 02:29:12', '2016-12-01 02:29:12', NULL),
(304, 27, 10, NULL, NULL, '2016-12-01 02:32:43', '2016-12-01 02:32:43', NULL),
(305, 27, NULL, 41, NULL, '2016-12-01 02:32:43', '2016-12-01 02:32:43', NULL);

-- --------------------------------------------------------

--
-- Структура таблицы `product_recommended`
--

CREATE TABLE `product_recommended` (
  `product_recommended_id` int(10) UNSIGNED NOT NULL,
  `product_id` int(11) UNSIGNED DEFAULT NULL,
  `other_product_id` int(11) UNSIGNED DEFAULT NULL,
  `product_recommended_token` varchar(300) COLLATE utf8_unicode_ci DEFAULT NULL,
  `created_at` timestamp NULL DEFAULT NULL,
  `updated_at` timestamp NULL DEFAULT NULL,
  `deleted_at` timestamp NULL DEFAULT NULL
) ENGINE=InnoDB DEFAULT CHARSET=utf8 COLLATE=utf8_unicode_ci;

--
-- Дамп данных таблицы `product_recommended`
--

INSERT INTO `product_recommended` (`product_recommended_id`, `product_id`, `other_product_id`, `product_recommended_token`, `created_at`, `updated_at`, `deleted_at`) VALUES
(16, 5, 4, NULL, '2016-08-08 08:14:01', '2016-08-08 08:14:01', NULL),
(20, 5, 3, NULL, '2016-08-08 08:41:14', '2016-08-08 08:41:14', NULL),
(21, 5, 2, NULL, '2016-08-23 04:34:03', '2016-08-23 04:34:03', NULL),
(22, 8, 7, NULL, '2016-09-23 07:47:12', '2016-09-23 07:47:20', NULL),
(23, 8, 4, NULL, '2016-09-23 07:47:15', '2016-09-23 07:47:20', NULL);

-- --------------------------------------------------------

--
-- Структура таблицы `product_size`
--

CREATE TABLE `product_size` (
  `id` int(11) NOT NULL,
  `product_id` int(11) NOT NULL,
  `unique_size` varchar(11) NOT NULL,
  `size_name_id` int(11) NOT NULL,
  `size_type_id` int(11) NOT NULL,
  `updated_at` timestamp NULL DEFAULT NULL
) ENGINE=InnoDB DEFAULT CHARSET=utf8;

--
-- Дамп данных таблицы `product_size`
--

INSERT INTO `product_size` (`id`, `product_id`, `unique_size`, `size_name_id`, `size_type_id`, `updated_at`) VALUES
(9, 19, 'XS', 3, 2, NULL),
(10, 20, 'M', 3, 2, NULL),
(11, 21, 'S', 1, 1, NULL),
(12, 22, 'S', 1, 1, NULL),
(13, 23, 'S', 1, 1, NULL),
(14, 24, 'S', 1, 1, NULL),
(15, 24, 'S', 1, 1, NULL),
(16, 25, 'S', 1, 1, NULL),
(17, 26, 'S', 1, 1, NULL),
(18, 27, 'S', 1, 1, NULL);

-- --------------------------------------------------------

--
-- Структура таблицы `region`
--

CREATE TABLE `region` (
  `region_id` int(10) UNSIGNED NOT NULL,
  `region_name_ru` varchar(50) COLLATE utf8_unicode_ci NOT NULL,
  `region_name_kz` varchar(50) COLLATE utf8_unicode_ci DEFAULT NULL,
  `region_name_en` varchar(50) COLLATE utf8_unicode_ci DEFAULT NULL,
  `created_at` timestamp NULL DEFAULT NULL,
  `updated_at` timestamp NULL DEFAULT NULL,
  `deleted_at` timestamp NULL DEFAULT NULL
) ENGINE=InnoDB DEFAULT CHARSET=utf8 COLLATE=utf8_unicode_ci;

--
-- Дамп данных таблицы `region`
--

INSERT INTO `region` (`region_id`, `region_name_ru`, `region_name_kz`, `region_name_en`, `created_at`, `updated_at`, `deleted_at`) VALUES
(1, 'Казахстан', NULL, NULL, NULL, NULL, NULL);

-- --------------------------------------------------------

--
-- Структура таблицы `request`
--

CREATE TABLE `request` (
  `request_id` int(11) NOT NULL,
  `user_name` varchar(100) DEFAULT NULL,
  `phone` varchar(50) DEFAULT NULL,
  `email` varchar(50) DEFAULT NULL,
  `address` varchar(250) DEFAULT NULL,
  `status_id` int(11) UNSIGNED DEFAULT NULL,
  `comment` text,
  `session` varchar(1200) DEFAULT NULL,
  `size_basket` int(11) NOT NULL,
  `user_id` int(11) DEFAULT NULL,
  `is_epay` varchar(20) DEFAULT '0',
  `is_pickup` int(11) DEFAULT '0' COMMENT 'Признак самовывоза',
  `created_at` timestamp NULL DEFAULT NULL,
  `updated_at` timestamp NULL DEFAULT NULL,
  `deleted_at` timestamp NULL DEFAULT NULL,
  `size` varchar(255) NOT NULL
) ENGINE=InnoDB DEFAULT CHARSET=utf8;

--
-- Дамп данных таблицы `request`
--

INSERT INTO `request` (`request_id`, `user_name`, `phone`, `email`, `address`, `status_id`, `comment`, `session`, `size_basket`, `user_id`, `is_epay`, `is_pickup`, `created_at`, `updated_at`, `deleted_at`, `size`) VALUES
(0, NULL, NULL, NULL, NULL, 1, NULL, 'YtqiuuhIvEGUWSuKT2imRg5qQb7K8WRGCrmiijmy', 0, NULL, '0', 0, '2016-11-07 05:05:34', '2016-11-07 05:05:34', NULL, ''),
(9, '11111111111', '+7(222)222-22-22', '2@mail.ru', ' 321312312312', 2, NULL, NULL, 0, 7, '0', 0, '2016-08-12 07:39:50', '2016-11-28 23:24:52', '2016-11-28 23:24:52', ''),
(10, '444444', '+7(444)444-44-44', '44@mail.ru', '444444', 2, NULL, NULL, 0, 9, '0', 0, '2016-08-12 07:41:14', '2016-11-28 23:30:40', '2016-11-28 23:30:40', ''),
(11, '555', '+7(555)555-55-55', '5@mail.ru', '321321321', 2, NULL, NULL, 0, 10, '0', 0, '2016-08-12 07:56:26', '2016-11-28 23:24:54', '2016-11-28 23:24:54', ''),
(12, '555', '+7(555)555-55-55', '5@mail.ru', ' 321321321', 2, NULL, NULL, 0, 10, '0', 0, '2016-08-12 08:15:33', '2016-11-28 23:24:56', '2016-11-28 23:24:56', ''),
(13, NULL, NULL, NULL, NULL, 1, NULL, NULL, 0, 10, '0', 0, '2016-08-12 08:19:31', '2016-08-12 08:19:31', NULL, ''),
(14, 'arman', '+7(701)893-23-63', 'arman.abdiyev@gmail.com', 'address', 2, NULL, NULL, 0, 4, '0', 0, '2016-08-15 00:09:55', '2016-11-28 23:30:38', '2016-11-28 23:30:38', ''),
(15, 'arman', '+7(701)893-23-63', 'arman.abdiyev@gmail.com', '111', 2, NULL, NULL, 0, 4, '0', 0, '2016-08-15 02:17:13', '2016-11-28 23:30:34', '2016-11-28 23:30:34', ''),
(16, 'arman', '+7(701)893-23-63', 'arman.abdiyev@gmail.com', '111', 2, NULL, NULL, 0, 4, '0', 0, '2016-08-15 02:55:04', '2016-11-28 23:30:32', '2016-11-28 23:30:32', ''),
(17, 'arman', '+7(701)893-23-63', 'arman.abdiyev@gmail.com', '12345', 2, NULL, NULL, 0, 4, '0', 0, '2016-08-15 03:03:00', '2016-11-28 23:30:31', '2016-11-28 23:30:31', ''),
(18, 'arman', '+7(701)893-23-63', 'arman.abdiyev@gmail.com', '111', 2, NULL, NULL, 0, 4, '0', 0, '2016-08-15 03:05:47', '2016-11-28 23:25:07', '2016-11-28 23:25:07', ''),
(19, 'arman', '+7(701)893-23-63', 'arman.abdiyev@gmail.com', '11', 2, NULL, NULL, 0, 4, '0', 0, '2016-08-15 03:09:40', '2016-11-28 23:25:05', '2016-11-28 23:25:05', ''),
(20, 'arman', '+7(701)893-23-63', 'arman.abdiyev@gmail.com', '1111', 2, NULL, NULL, 0, 4, '0', 0, '2016-08-15 03:11:53', '2016-11-28 23:25:03', '2016-11-28 23:25:03', ''),
(21, 'check', '+7(701)893-23-63', 'arman.abdiyev@gmail.com', ' 1111', 2, 'weqwewq11', NULL, 0, 4, '0', 0, '2016-08-15 06:19:34', '2016-11-28 23:25:00', '2016-11-28 23:25:00', ''),
(22, 'arman', '+7(701)893-23-63', 'arman.abdiyev@gmail.com', 'block', 2, NULL, NULL, 0, 4, '0', 1, '2016-08-16 10:00:13', '2016-08-17 12:23:49', '2016-08-17 12:23:49', ''),
(23, 'arman', '+7(701)893-23-63', 'arman.abdiyev@gmail.com', '111', 4, '222', NULL, 0, 4, '1', 0, '2016-08-16 10:01:58', '2016-08-17 12:23:28', '2016-08-17 12:23:28', ''),
(24, 'check', '+7(701)893-23-63', 'arman.abdiyev@gmail.com', ' 111', 5, NULL, NULL, 0, 4, '0', 0, '2016-08-16 10:07:52', '2016-08-17 12:09:04', '2016-08-17 12:09:04', ''),
(25, 'check222', '+7(701)893-23-63', 'arman.abdiyev@gmail.com', ' 111', 2, '', NULL, 0, 4, '0', 1, '2016-08-21 05:31:05', '2016-11-28 23:24:46', '2016-11-28 23:24:46', ''),
(26, NULL, NULL, NULL, NULL, 1, NULL, NULL, 0, 4, '0', 0, '2016-08-22 07:08:04', '2016-08-22 08:22:29', NULL, ''),
(27, 'Администратор', '+7(222)000-00-00', 'admin@shopita.kz', ' 312321', 4, '', NULL, 0, 1, '0', 1, '2016-08-23 04:10:58', '2016-11-28 23:24:44', '2016-11-28 23:24:44', ''),
(28, NULL, NULL, NULL, NULL, 1, NULL, 'arwoZ7tTsN5bgIBse5XPQVDs5lzsJWdkKaymdOSk', 0, NULL, '0', 0, '2016-09-19 10:07:31', '2016-09-19 10:07:31', NULL, ''),
(29, NULL, NULL, NULL, NULL, 1, NULL, 'UUmzGsCngNFMt35g1lAIKeqGppsVnTJa39cQG3DS', 0, NULL, '0', 0, '2016-10-10 09:42:21', '2016-10-10 09:42:21', NULL, ''),
(30, 'выа', '+7(222)222-22-22', 'fd@fds.ff', 'dsfdsf', 2, '', NULL, 0, 11, '0', 0, '2016-10-24 01:40:45', '2016-11-28 23:24:42', '2016-11-28 23:24:42', ''),
(31, NULL, NULL, NULL, NULL, 1, NULL, 'JTxtEamdIr5AnV3nxWLSqpqjPX92yyf43AjGib6X', 0, NULL, '0', 0, '2016-10-28 11:20:19', '2016-10-28 11:20:19', NULL, ''),
(32, NULL, NULL, NULL, NULL, 1, NULL, NULL, 0, 12, '0', 0, '2016-10-30 04:33:44', '2016-10-30 04:33:44', NULL, ''),
(33, NULL, NULL, NULL, NULL, 1, NULL, '8daeoCyZtlDKRXlEMNOPhmtMWt0ihojEN9F0kWFk', 0, NULL, '0', 0, '2016-10-30 08:07:25', '2016-10-30 08:07:25', NULL, ''),
(34, 'Администратор', '+7(222)000-00-00', 'admin@shopita.kz', ' 312321', 2, NULL, NULL, 0, 1, '0', 0, '2016-10-31 00:24:54', '2016-11-28 23:24:39', '2016-11-28 23:24:39', ''),
(35, 'Администратор', '+7(222)000-00-00', 'admin@shopita.kz', ' 312321', 2, NULL, NULL, 0, 1, '0', 0, '2016-11-06 20:52:32', '2016-11-28 23:24:37', '2016-11-28 23:24:37', '45'),
(36, NULL, NULL, NULL, NULL, 1, NULL, 'E4e6vOftefFN6JA7LyKAgYx1kMXgm8pkADgEAFon', 0, NULL, '0', 0, '2016-11-08 00:14:05', '2016-11-08 00:14:05', NULL, ''),
(37, 'Администратор', '+7(222)000-00-00', 'admin@shopita.kz', ' 312321', 2, NULL, NULL, 0, 1, '0', 0, '2016-11-19 23:12:29', '2016-11-28 23:15:08', '2016-11-28 23:15:08', '\n                                                                        XS\n                                                                    '),
(38, 'Администратор', '+7(222)000-00-00', 'admin@shopita.kz', ' 312321', 2, NULL, NULL, 0, 1, '0', 0, '2016-11-28 23:12:48', '2016-11-28 23:12:54', '2016-11-28 23:12:54', ''),
(39, 'Администратор', '+7(222)000-00-00', 'admin@shopita.kz', ' 312321', 2, NULL, NULL, 0, 1, '0', 0, '2016-11-28 23:15:13', '2016-11-28 23:16:08', '2016-11-28 23:16:08', ''),
(40, 'Администратор', '+7(222)000-00-00', 'admin@shopita.kz', ' 312321', 2, NULL, NULL, 0, 1, '0', 0, '2016-11-28 23:16:23', '2016-11-28 23:24:35', '2016-11-28 23:24:35', ''),
(41, 'Администратор', '+7(222)000-00-00', 'admin@shopita.kz', ' 312321', 2, NULL, NULL, 0, 1, '0', 0, '2016-11-28 23:22:34', '2016-11-28 23:24:33', '2016-11-28 23:24:33', ''),
(42, 'Nursultan', '+7(707)294-00-15', 'n.kaliabyev@gmail.com', 'Almaty265', 2, NULL, NULL, 0, 13, '0', 0, '2016-11-28 23:23:13', '2016-11-28 23:30:29', '2016-11-28 23:30:29', ''),
(43, 'Администратор', '+7(222)000-00-00', 'admin@shopita.kz', ' 312321', 2, NULL, NULL, 0, 1, '0', 0, '2016-12-01 02:57:47', '2016-12-01 02:57:54', NULL, '');

-- --------------------------------------------------------

--
-- Структура таблицы `request_product`
--

CREATE TABLE `request_product` (
  `request_product_id` int(11) NOT NULL,
  `unit` int(11) NOT NULL DEFAULT '1' COMMENT 'Количество продуктов',
  `product_id` int(11) UNSIGNED DEFAULT NULL COMMENT 'Идентификатор продукта',
  `request_id` int(11) DEFAULT NULL,
  `price` int(11) DEFAULT NULL,
  `product_feature_desc` text,
  `product_size` varchar(255) DEFAULT NULL,
  `created_at` timestamp NULL DEFAULT NULL,
  `updated_at` timestamp NULL DEFAULT NULL,
  `deleted_at` timestamp NULL DEFAULT NULL
) ENGINE=InnoDB DEFAULT CHARSET=utf8;

--
-- Дамп данных таблицы `request_product`
--

INSERT INTO `request_product` (`request_product_id`, `unit`, `product_id`, `request_id`, `price`, `product_feature_desc`, `product_size`, `created_at`, `updated_at`, `deleted_at`) VALUES
(27, 1, 3, 9, 4800, 'ok', NULL, '2016-08-12 07:39:50', '2016-08-12 07:39:50', NULL),
(28, 3, 1, 9, 1200, 'ok', NULL, '2016-08-12 07:39:57', '2016-08-12 07:39:57', NULL),
(29, 5, 1, 10, 1200, 'ok', NULL, '2016-08-12 07:41:14', '2016-08-12 07:41:14', NULL),
(30, 6, 3, 10, 4800, 'ok', NULL, '2016-08-12 07:41:22', '2016-08-12 07:41:22', NULL),
(31, 8, 4, 11, 6600, 'ok', NULL, '2016-08-12 07:56:26', '2016-08-12 07:56:52', NULL),
(32, 2, 1, 11, 1200, 'ok', NULL, '2016-08-12 07:57:16', '2016-08-12 07:57:16', NULL),
(33, 4, 4, 12, 6600, 'ok', NULL, '2016-08-12 08:15:33', '2016-08-12 08:15:33', NULL),
(34, 4, 3, 13, 4800, 'ok', NULL, '2016-08-12 08:19:31', '2016-08-12 08:26:57', NULL),
(35, 1, 5, 13, 8000, 'ok', NULL, '2016-08-12 08:22:45', '2016-08-12 08:22:45', NULL),
(36, 14, 3, 14, 4800, 'ok', NULL, '2016-08-15 00:09:55', '2016-08-15 02:11:54', NULL),
(37, 7, 3, 15, 4800, 'ok', NULL, '2016-08-15 02:17:14', '2016-08-15 02:17:28', NULL),
(38, 14, 3, 16, 4800, 'ok', NULL, '2016-08-15 02:55:04', '2016-08-15 03:01:33', NULL),
(39, 3, 3, 17, 4800, 'ok', NULL, '2016-08-15 03:03:21', '2016-08-15 03:03:30', NULL),
(40, 2, 1, 18, 1200, 'ok', NULL, '2016-08-15 03:06:00', '2016-08-15 03:06:00', NULL),
(41, 8, 5, 19, 8000, 'ok', NULL, '2016-08-15 03:09:40', '2016-08-15 03:10:20', NULL),
(42, 1, 4, 20, 6600, 'ok', NULL, '2016-08-15 03:11:53', '2016-08-15 03:11:53', NULL),
(43, 4, 4, 21, 6600, 'ok', NULL, '2016-08-15 06:19:42', '2016-08-15 06:19:42', NULL),
(44, 5, 1, 21, 1200, 'ok', NULL, '2016-08-15 06:19:51', '2016-08-15 06:19:51', NULL),
(45, 1, 2, 21, 6700, 'ok', NULL, '2016-08-15 06:20:37', '2016-08-15 06:20:37', NULL),
(46, 1, 4, 22, 6600, 'ok', NULL, '2016-08-16 10:00:13', '2016-08-16 10:00:13', NULL),
(47, 1, 2, 23, 6700, 'ok', NULL, '2016-08-16 10:01:58', '2016-08-16 10:01:58', NULL),
(48, 5, 1, 23, 1200, 'ok', NULL, '2016-08-16 10:06:58', '2016-08-16 10:07:10', NULL),
(49, 8, 2, 24, 6700, 'ok', NULL, '2016-08-16 10:31:45', '2016-08-16 10:44:54', NULL),
(50, 4, 4, 25, 6600, 'ok', NULL, '2016-08-21 05:31:05', '2016-08-21 06:29:10', NULL),
(51, 6, 2, 26, 6700, 'ok', NULL, '2016-08-22 07:23:12', '2016-08-23 02:41:28', NULL),
(52, 3, 3, 25, 4800, 'ok', NULL, '2016-08-22 08:22:29', '2016-08-22 08:22:50', NULL),
(53, 1, 5, 27, 8000, 'ok', NULL, '2016-08-23 04:10:58', '2016-08-23 04:10:58', NULL),
(54, 4, 5, 30, 8000, 'ok', NULL, '2016-10-24 01:40:51', '2016-10-24 01:40:51', NULL),
(56, 1, 5, 33, 8000, 'ok', NULL, '2016-10-30 08:07:25', '2016-10-30 08:07:32', NULL),
(63, 1, 9, 36, 5000, 'ok', NULL, '2016-11-08 00:14:06', '2016-11-08 00:14:06', NULL),
(66, 1, 19, 34, 5000, 'ok', NULL, '2016-11-24 09:23:47', '2016-11-24 09:23:47', NULL),
(78, 1, 20, 35, 0, 'ok', NULL, '2016-11-24 10:09:13', '2016-11-24 10:09:13', NULL),
(79, 4, 19, 37, 5000, 'ok', NULL, '2016-11-24 10:32:16', '2016-11-24 10:32:22', NULL),
(80, 1, 19, 38, 5000, 'ok', NULL, '2016-11-28 23:12:48', '2016-11-28 23:12:48', NULL),
(81, 1, 19, 39, 5000, 'ok', 'XS', '2016-11-28 23:15:13', '2016-11-28 23:15:13', NULL),
(82, 1, 19, 40, 5000, 'ok', 'XS', '2016-11-28 23:16:23', '2016-11-28 23:16:23', NULL),
(83, 2, 19, 41, 5000, 'ok', 'XS', '2016-11-28 23:22:34', '2016-11-28 23:22:38', NULL),
(84, 1, 21, 42, 685555, 'ok', '23', '2016-11-28 23:26:20', '2016-11-28 23:26:20', NULL),
(85, 1, 27, 43, 5335, 'ok', '23', '2016-12-01 02:57:47', '2016-12-01 02:57:47', NULL);

-- --------------------------------------------------------

--
-- Структура таблицы `role`
--

CREATE TABLE `role` (
  `role_id` int(10) UNSIGNED NOT NULL,
  `role_name` varchar(50) COLLATE utf8_unicode_ci NOT NULL,
  `created_at` timestamp NULL DEFAULT NULL,
  `updated_at` timestamp NULL DEFAULT NULL,
  `deleted_at` timestamp NULL DEFAULT NULL,
  `role_code` varchar(200) COLLATE utf8_unicode_ci NOT NULL
) ENGINE=InnoDB DEFAULT CHARSET=utf8 COLLATE=utf8_unicode_ci;

--
-- Дамп данных таблицы `role`
--

INSERT INTO `role` (`role_id`, `role_name`, `created_at`, `updated_at`, `deleted_at`, `role_code`) VALUES
(1, 'Администратор', NULL, NULL, NULL, 'admin'),
(2, 'Клиент', NULL, NULL, NULL, 'client');

-- --------------------------------------------------------

--
-- Структура таблицы `size`
--

CREATE TABLE `size` (
  `id` int(11) NOT NULL,
  `size_name_title` varchar(255) NOT NULL,
  `size_type_id` int(11) NOT NULL,
  `size_name_id` varchar(255) NOT NULL,
  `unique_size` text NOT NULL
) ENGINE=InnoDB DEFAULT CHARSET=utf8;

--
-- Дамп данных таблицы `size`
--

INSERT INTO `size` (`id`, `size_name_title`, `size_type_id`, `size_name_id`, `unique_size`) VALUES
(61, '3', 2, 'XS', 'XS'),
(63, '3', 2, 'M', 'M'),
(64, '3', 7, '25', 'M'),
(65, '1', 1, 'S', 'S'),
(66, '1', 2, '23', 'S'),
(67, '1', 3, '32', 'S'),
(69, '24', 1, 'qsq', 'qsq');

-- --------------------------------------------------------

--
-- Структура таблицы `size_name`
--

CREATE TABLE `size_name` (
  `id` int(10) UNSIGNED NOT NULL,
  `title` varchar(255) COLLATE utf8_unicode_ci NOT NULL
) ENGINE=InnoDB DEFAULT CHARSET=utf8 COLLATE=utf8_unicode_ci;

--
-- Дамп данных таблицы `size_name`
--

INSERT INTO `size_name` (`id`, `title`) VALUES
(1, 'Одежда / Женский размер'),
(2, 'Обувь / Женский размер'),
(3, 'Обувь / Мужской размер'),
(4, 'Джинсы / Женский'),
(5, 'Джинсы / Мужской'),
(7, 'Мужской - Трикотаж, спортивная и остальная одежда'),
(8, 'Мужские - Костюмы и классические брюки'),
(9, 'Мужские - Куртки'),
(10, 'Мужские Рубашки / Modern fit, regular fit'),
(11, 'Мужские Рубашки / Modern fit city'),
(12, 'Мужские Рубашки / Slim fit'),
(13, 'Мужские Рубашки / Body fit');

-- --------------------------------------------------------

--
-- Структура таблицы `size_name_type`
--

CREATE TABLE `size_name_type` (
  `name_size_id` int(11) NOT NULL,
  `type_size_id` int(11) NOT NULL
) ENGINE=InnoDB DEFAULT CHARSET=utf8;

--
-- Дамп данных таблицы `size_name_type`
--

INSERT INTO `size_name_type` (`name_size_id`, `type_size_id`) VALUES
(2, 2),
(2, 6),
(2, 7),
(3, 2),
(3, 7),
(4, 1),
(4, 2),
(4, 3),
(4, 4),
(5, 2),
(5, 15),
(5, 16),
(5, 17),
(7, 1),
(7, 18),
(8, 21),
(8, 15),
(8, 16),
(8, 17),
(9, 25),
(9, 26),
(9, 1),
(10, 28),
(10, 29),
(10, 1),
(11, 28),
(11, 29),
(11, 1),
(12, 28),
(12, 29),
(12, 1),
(13, 28),
(13, 29),
(0, 1),
(21, 1),
(21, 29),
(22, 1),
(22, 2),
(22, 3),
(1, 1),
(1, 2),
(1, 3);

-- --------------------------------------------------------

--
-- Структура таблицы `size_type`
--

CREATE TABLE `size_type` (
  `id` int(10) UNSIGNED NOT NULL,
  `type` varchar(255) COLLATE utf8_unicode_ci NOT NULL
) ENGINE=InnoDB DEFAULT CHARSET=utf8 COLLATE=utf8_unicode_ci;

--
-- Дамп данных таблицы `size_type`
--

INSERT INTO `size_type` (`id`, `type`) VALUES
(1, 'Международный'),
(2, 'Казахстанский'),
(3, 'Итальянский'),
(4, 'Германский'),
(6, 'Американский'),
(7, 'В см'),
(15, '4 рост'),
(16, '6 рост'),
(17, '8 рост'),
(18, 'Европейский'),
(21, '2 рост'),
(22, '5 рост'),
(25, 'Европейский и казахский'),
(26, 'Европейский и рост'),
(28, 'Воротник'),
(29, 'Талия'),
(30, 'Обхват ладони (см)'),
(31, 'Великобритания (UK)'),
(32, 'Размер производителя');

-- --------------------------------------------------------

--
-- Структура таблицы `status`
--

CREATE TABLE `status` (
  `status_id` int(10) UNSIGNED NOT NULL,
  `status_name` varchar(250) COLLATE utf8_unicode_ci NOT NULL,
  `status_code` varchar(250) COLLATE utf8_unicode_ci NOT NULL,
  `created_at` timestamp NULL DEFAULT NULL,
  `updated_at` timestamp NULL DEFAULT NULL,
  `deleted_at` timestamp NULL DEFAULT NULL
) ENGINE=InnoDB DEFAULT CHARSET=utf8 COLLATE=utf8_unicode_ci;

--
-- Дамп данных таблицы `status`
--

INSERT INTO `status` (`status_id`, `status_name`, `status_code`, `created_at`, `updated_at`, `deleted_at`) VALUES
(1, 'Корзина', 'request', NULL, NULL, NULL),
(2, 'Ожидает доставки', 'request', NULL, NULL, NULL),
(3, 'Оплачено', 'request', NULL, NULL, NULL),
(4, 'Доставлено', 'request', NULL, NULL, NULL),
(5, 'Отменено', 'request', NULL, NULL, NULL);

-- --------------------------------------------------------

--
-- Структура таблицы `subscriber`
--

CREATE TABLE `subscriber` (
  `subscriber_id` int(10) UNSIGNED NOT NULL,
  `email` varchar(100) COLLATE utf8_unicode_ci NOT NULL,
  `created_at` timestamp NULL DEFAULT NULL,
  `updated_at` timestamp NULL DEFAULT NULL,
  `email_is_send` varchar(20) COLLATE utf8_unicode_ci DEFAULT '1',
  `delivery_kind_id` int(11) UNSIGNED DEFAULT NULL,
  `name` varchar(200) COLLATE utf8_unicode_ci DEFAULT NULL,
  `phone` varchar(200) COLLATE utf8_unicode_ci DEFAULT NULL,
  `info` text COLLATE utf8_unicode_ci
) ENGINE=InnoDB DEFAULT CHARSET=utf8 COLLATE=utf8_unicode_ci;

--
-- Дамп данных таблицы `subscriber`
--

INSERT INTO `subscriber` (`subscriber_id`, `email`, `created_at`, `updated_at`, `email_is_send`, `delivery_kind_id`, `name`, `phone`, `info`) VALUES
(1, 'arman.abdiyev@gmail.com', '2016-07-26 07:55:45', '2016-07-26 08:12:47', '1', 1, '', '', ''),
(2, 'arman.abdiyev2@gmail.com', '2016-07-26 08:13:09', '2016-07-26 08:13:09', '1', 2, '3221', '+7(222)222-22-22', '333'),
(4, 'arman.abdiyev4@gmail.com', '2016-07-26 08:20:16', '2016-07-26 08:20:16', '1', 1, NULL, NULL, NULL),
(5, 'arman.abdiyev5@gmail.com', '2016-07-26 08:20:16', '2016-07-26 08:20:16', '1', 1, NULL, NULL, NULL),
(6, '1', '2016-10-24 10:25:17', '2016-10-24 10:25:17', '1', 4, '1', '', '1'),
(7, 'fg@df.dfg', '2016-12-01 05:27:29', '2016-12-01 05:27:29', '1', 1, NULL, NULL, NULL),
(8, 'ffdgg@df.dfg', '2016-12-01 05:27:43', '2016-12-01 05:27:43', '1', 1, NULL, NULL, NULL);

-- --------------------------------------------------------

--
-- Структура таблицы `users`
--

CREATE TABLE `users` (
  `user_id` int(11) NOT NULL,
  `name` varchar(200) NOT NULL,
  `email` varchar(200) NOT NULL,
  `password` varchar(200) DEFAULT NULL,
  `address` varchar(200) DEFAULT NULL,
  `sex` varchar(1) DEFAULT '0' COMMENT '0 - муж\r\n1 - жен',
  `avatar` varchar(200) DEFAULT 'ava.jpg',
  `city_id` int(11) UNSIGNED DEFAULT '1',
  `role_id` int(11) UNSIGNED DEFAULT '2',
  `mobile_phone` varchar(200) DEFAULT NULL,
  `updated_at` timestamp(6) NULL DEFAULT NULL,
  `created_at` timestamp(6) NULL DEFAULT NULL,
  `deleted_at` timestamp(6) NULL DEFAULT NULL,
  `remember_token` varchar(100) DEFAULT NULL,
  `is_ban` varchar(2) DEFAULT '0',
  `is_social` varchar(20) DEFAULT '0',
  `social_link` varchar(200) DEFAULT NULL,
  `email_is_send` varchar(20) DEFAULT '1'
) ENGINE=InnoDB DEFAULT CHARSET=utf8;

--
-- Дамп данных таблицы `users`
--

INSERT INTO `users` (`user_id`, `name`, `email`, `password`, `address`, `sex`, `avatar`, `city_id`, `role_id`, `mobile_phone`, `updated_at`, `created_at`, `deleted_at`, `remember_token`, `is_ban`, `is_social`, `social_link`, `email_is_send`) VALUES
(1, 'Администратор', 'admin@shopita.kz', '$2y$10$2A6YvsDazs6EbBHb/svtq.5mlQtpXNFSB.Z2O0TvXJ9vrwCnTuiEK', '312321', '0', 'ava.jpg', 1, 1, '+7(222)000-00-00', '2016-11-28 23:26:07.000000', NULL, NULL, 'HuLgIanr8aML4XS3oSFxrsoquQCUTojVPdkCC9MWkXnLO6ecR47LWOcDbnzn', '0', '0', NULL, '1'),
(2, 'Абдиев Арман Ергалиевич', 'arman.abdiyev33@gmail.com', '$2y$10$t0NIXVpG.oreIfhx5sn1X.DdBmZkbnYD3PtkqgZRiK47iRFhy11mq', 'Восточка', '0', '190003_348209505254373_822196027_n.jpg', 1, 2, '+7(222)211-12-23', '2016-07-29 05:41:51.000000', NULL, NULL, 'IAzeueHDXq6L9pFosmjaiPCCbLRfZdVNnT5HM7R69DEeCcJgzMuWDbta5t5f', '0', '0', NULL, '1'),
(3, 'Новый пользователь', 'info@shopita.kz', '$2y$10$ToOmfuM.ICC1p0LcWLIIfOxePbFzwyrQp81lM/ueYvH2yutkfZ1LK', 'Абая 101', '1', 'ava.jpg', 2, 2, '+7(222)222-11-11', '2016-07-19 04:46:10.000000', '2016-07-19 04:46:10.000000', NULL, NULL, '0', '0', NULL, '1'),
(4, 'check', 'arman.abdiyev@gmail.com', '$2y$10$lvoJ8jG68YZk12aIGhFcJ.Xc3WgWV5TmQm4QqDPpvHRgcAB.VczzS', '111', '0', 'ava.jpg', 1, 2, '+7(701)893-23-63', '2016-08-23 02:42:00.000000', '2016-07-26 04:59:09.000000', NULL, '4unV6EEGt7DI3nVQNWIgldd1LbuZIWJpCGQxIXwLzyq6s8g3mXHI9RnAGm4X', '0', '0', NULL, '1'),
(5, 'Абдиев Арман', 'abdi_arman@mail.ru', '$2y$10$pJwIye5/DgqSpqV6Jxoh3e2Fcz62FBxNj6JHzQKUR1gkOB9J77J5S', '321321', '0', 'http://cs617129.vk.me/v617129363/2147d/EUmkHbYnhdM.jpg', 1, 2, '+7(701)893-23-63', '2016-07-29 05:42:36.000000', '2016-07-26 05:43:19.000000', NULL, '6Mcg9Aj4Om6uQH3oNAL1aC3rqc2vypmkbSwI4l6mequWdsv7FURvagU4oNs3', '0', '1', 'http://vk.com/id149414363', '1'),
(7, '11111111111', '2@mail.ru', '$2y$10$XUYBHDKb5zk4Hmp9iS7u7uWibYgSuK1CIYsZoOBt9m5MVhU4OCXRW', '321312312312', '0', 'ava.jpg', 1, 2, '+7(222)222-22-22', '2016-08-12 07:41:02.000000', '2016-08-12 07:38:04.000000', NULL, '4U4DqA7TCEnOvWTMqqBKxNkPbGEvob9pVlmzY3VXEvvDGplUI9oeIOVyusjj', '0', '0', NULL, '1'),
(8, '33333333333', '3@mail.ru', '$2y$10$AhfF.ZaTpDveMEt6Qb3fD.wJN4lviHQPkoFs2z76zxJlm5DCipCJe', '33333', '0', 'ava.jpg', 1, 2, '+7(333)333-33-33', '2016-08-12 07:45:05.000000', '2016-08-12 07:42:22.000000', NULL, 'bVWf3KHaYf7BQJhgaMpCD80vyCMhKsPAdh2V2c1b8HnaLY3gzI3sKa9Ohuy0', '0', '0', NULL, '1'),
(9, '444444', '44@mail.ru', '$2y$10$UHWA0zV9wJj7x9LnzMEhJurFUJoiFveCxhcryuyO731lLEYvzc6lu', '444444', '0', 'ava.jpg', 1, 2, '+7(444)444-44-44', '2016-08-12 07:56:17.000000', '2016-08-12 07:46:37.000000', NULL, 'hVz0X8uOFHydsRfZpaOv2utzSSJ5H9RK1m7W1B5vBf93ymi4903wXtOPWfDw', '0', '0', NULL, '1'),
(10, '555', '5@mail.ru', '$2y$10$r9xB7f0uPgFmo5zRRqlPN.1SEG1lf4HFfYR.xm1a8bvYjqA68kpG2', '321321321', '0', 'ava.jpg', 1, 2, '+7(555)555-55-55', '2016-08-12 07:57:51.000000', '2016-08-12 07:57:51.000000', '2016-07-26 04:59:09.000000', NULL, '0', '0', NULL, '1'),
(11, 'выа', 'fd@fds.ff', '$2y$10$qnscqbDPaAs81qIPuHCivuvvbGjBQGhXgYl0/093nPpt.9BpUTpvG', 'dsfdsf', '0', 'ava.jpg', 1, 2, '+7(222)222-22-22', '2016-10-24 01:41:27.000000', '2016-10-24 01:41:27.000000', NULL, NULL, '0', '0', NULL, '1'),
(12, 'Akerke', 'kosha088@mail.ru', '$2y$10$ai22i5a.U8GdhFRDCA6uiuRWFbSS/7EuoE.SeNLZUcG8YCszeVMtS', '', '1', 'ava.jpg', 1, 1, '+7(707)280-68-22', '2016-10-29 02:22:04.000000', '2016-10-29 02:20:00.000000', NULL, 'aoTDAcuIrISDCuQl9HU4wsaZiDK7R0oYVaZvY7rhzll8saSw3uUT5MDJxmBR', '0', '0', NULL, '1'),
(13, 'Nursultan', 'n.kaliabyev@gmail.com', '$2y$10$XjyBBvA/aZPw/4oEpXi49e2dMBHF1PADjrpcgCUGZFNItcXlqKWBG', 'Almaty265', '0', 'ava.jpg', 1, 2, '+7(707)294-00-15', '2016-11-28 23:30:06.000000', '2016-11-28 23:26:57.000000', NULL, '1qFoBjg8VQlokXYKNU36heQZlAkFNbHMjqCzHa1QyleaBg2VB786c8VWzNC7', '0', '0', NULL, '1');

--
-- Индексы сохранённых таблиц
--

--
-- Индексы таблицы `brand`
--
ALTER TABLE `brand`
  ADD PRIMARY KEY (`brand_id`) USING BTREE;

--
-- Индексы таблицы `category`
--
ALTER TABLE `category`
  ADD PRIMARY KEY (`category_id`) USING BTREE,
  ADD KEY `category_main_id` (`main_category_id`);

--
-- Индексы таблицы `category_feature`
--
ALTER TABLE `category_feature`
  ADD PRIMARY KEY (`category_feature_id`) USING BTREE,
  ADD KEY `feature_id` (`feature_id`),
  ADD KEY `category_id` (`category_id`),
  ADD KEY `item_id` (`item_id`);

--
-- Индексы таблицы `city`
--
ALTER TABLE `city`
  ADD PRIMARY KEY (`city_id`) USING BTREE,
  ADD KEY `region_id` (`region_id`);

--
-- Индексы таблицы `color`
--
ALTER TABLE `color`
  ADD PRIMARY KEY (`id`);

--
-- Индексы таблицы `comment`
--
ALTER TABLE `comment`
  ADD PRIMARY KEY (`comment_id`) USING BTREE,
  ADD KEY `product_id` (`product_id`);

--
-- Индексы таблицы `delivery`
--
ALTER TABLE `delivery`
  ADD PRIMARY KEY (`delivery_id`) USING BTREE;

--
-- Индексы таблицы `delivery_kind`
--
ALTER TABLE `delivery_kind`
  ADD PRIMARY KEY (`delivery_kind_id`) USING BTREE;

--
-- Индексы таблицы `delivery_kind_user`
--
ALTER TABLE `delivery_kind_user`
  ADD PRIMARY KEY (`delivery_kind_user_id`) USING BTREE,
  ADD KEY `user_id` (`user_id`),
  ADD KEY `delivery_kind_id` (`delivery_kind_id`);

--
-- Индексы таблицы `feature`
--
ALTER TABLE `feature`
  ADD PRIMARY KEY (`feature_id`) USING BTREE,
  ADD KEY `kind_id` (`kind_id`);

--
-- Индексы таблицы `image`
--
ALTER TABLE `image`
  ADD PRIMARY KEY (`image_id`) USING BTREE,
  ADD KEY `product_id` (`product_id`);

--
-- Индексы таблицы `item`
--
ALTER TABLE `item`
  ADD PRIMARY KEY (`item_id`) USING BTREE,
  ADD KEY `feature_id` (`feature_id`);

--
-- Индексы таблицы `kind`
--
ALTER TABLE `kind`
  ADD PRIMARY KEY (`kind_id`) USING BTREE;

--
-- Индексы таблицы `page`
--
ALTER TABLE `page`
  ADD PRIMARY KEY (`page_id`) USING BTREE,
  ADD KEY `page_kind` (`page_kind`);

--
-- Индексы таблицы `page_kind`
--
ALTER TABLE `page_kind`
  ADD PRIMARY KEY (`page_kind_id`);

--
-- Индексы таблицы `product`
--
ALTER TABLE `product`
  ADD PRIMARY KEY (`product_id`) USING BTREE,
  ADD KEY `brand_id` (`brand_id`);

--
-- Индексы таблицы `product_category`
--
ALTER TABLE `product_category`
  ADD PRIMARY KEY (`product_category_id`) USING BTREE,
  ADD KEY `product_id` (`product_id`),
  ADD KEY `category_id` (`category_id`);

--
-- Индексы таблицы `product_favorite`
--
ALTER TABLE `product_favorite`
  ADD PRIMARY KEY (`product_favorite_id`) USING BTREE,
  ADD KEY `product_id` (`product_id`),
  ADD KEY `user_id` (`user_id`);

--
-- Индексы таблицы `product_feature`
--
ALTER TABLE `product_feature`
  ADD PRIMARY KEY (`product_feature_id`) USING BTREE,
  ADD KEY `feature_id` (`feature_id`),
  ADD KEY `product_id` (`product_id`),
  ADD KEY `item_id` (`item_id`);

--
-- Индексы таблицы `product_recommended`
--
ALTER TABLE `product_recommended`
  ADD PRIMARY KEY (`product_recommended_id`) USING BTREE,
  ADD KEY `product_id` (`product_id`),
  ADD KEY `other_product_id` (`other_product_id`);

--
-- Индексы таблицы `product_size`
--
ALTER TABLE `product_size`
  ADD PRIMARY KEY (`id`);

--
-- Индексы таблицы `region`
--
ALTER TABLE `region`
  ADD PRIMARY KEY (`region_id`) USING BTREE;

--
-- Индексы таблицы `request`
--
ALTER TABLE `request`
  ADD PRIMARY KEY (`request_id`) USING BTREE,
  ADD KEY `status_id` (`status_id`),
  ADD KEY `user_id` (`user_id`);

--
-- Индексы таблицы `request_product`
--
ALTER TABLE `request_product`
  ADD PRIMARY KEY (`request_product_id`) USING BTREE,
  ADD KEY `product_id` (`product_id`),
  ADD KEY `request_id` (`request_id`);

--
-- Индексы таблицы `role`
--
ALTER TABLE `role`
  ADD PRIMARY KEY (`role_id`) USING BTREE;

--
-- Индексы таблицы `size`
--
ALTER TABLE `size`
  ADD PRIMARY KEY (`id`);

--
-- Индексы таблицы `size_name`
--
ALTER TABLE `size_name`
  ADD PRIMARY KEY (`id`);

--
-- Индексы таблицы `size_type`
--
ALTER TABLE `size_type`
  ADD PRIMARY KEY (`id`);

--
-- Индексы таблицы `status`
--
ALTER TABLE `status`
  ADD PRIMARY KEY (`status_id`) USING BTREE;

--
-- Индексы таблицы `subscriber`
--
ALTER TABLE `subscriber`
  ADD PRIMARY KEY (`subscriber_id`) USING BTREE,
  ADD KEY `delivery_kind_id` (`delivery_kind_id`);

--
-- Индексы таблицы `users`
--
ALTER TABLE `users`
  ADD PRIMARY KEY (`user_id`) USING BTREE,
  ADD KEY `role_id` (`role_id`),
  ADD KEY `city_id` (`city_id`);

--
-- AUTO_INCREMENT для сохранённых таблиц
--

--
-- AUTO_INCREMENT для таблицы `brand`
--
ALTER TABLE `brand`
  MODIFY `brand_id` int(10) UNSIGNED NOT NULL AUTO_INCREMENT, AUTO_INCREMENT=174;
--
-- AUTO_INCREMENT для таблицы `category`
--
ALTER TABLE `category`
  MODIFY `category_id` int(10) UNSIGNED NOT NULL AUTO_INCREMENT, AUTO_INCREMENT=238;
--
-- AUTO_INCREMENT для таблицы `category_feature`
--
ALTER TABLE `category_feature`
  MODIFY `category_feature_id` int(10) UNSIGNED NOT NULL AUTO_INCREMENT, AUTO_INCREMENT=42;
--
-- AUTO_INCREMENT для таблицы `city`
--
ALTER TABLE `city`
  MODIFY `city_id` int(10) UNSIGNED NOT NULL AUTO_INCREMENT, AUTO_INCREMENT=4;
--
-- AUTO_INCREMENT для таблицы `color`
--
ALTER TABLE `color`
  MODIFY `id` int(11) NOT NULL AUTO_INCREMENT, AUTO_INCREMENT=9;
--
-- AUTO_INCREMENT для таблицы `comment`
--
ALTER TABLE `comment`
  MODIFY `comment_id` int(10) UNSIGNED NOT NULL AUTO_INCREMENT, AUTO_INCREMENT=13;
--
-- AUTO_INCREMENT для таблицы `delivery`
--
ALTER TABLE `delivery`
  MODIFY `delivery_id` int(10) UNSIGNED NOT NULL AUTO_INCREMENT, AUTO_INCREMENT=2;
--
-- AUTO_INCREMENT для таблицы `delivery_kind`
--
ALTER TABLE `delivery_kind`
  MODIFY `delivery_kind_id` int(10) UNSIGNED NOT NULL AUTO_INCREMENT, AUTO_INCREMENT=6;
--
-- AUTO_INCREMENT для таблицы `delivery_kind_user`
--
ALTER TABLE `delivery_kind_user`
  MODIFY `delivery_kind_user_id` int(10) UNSIGNED NOT NULL AUTO_INCREMENT, AUTO_INCREMENT=2;
--
-- AUTO_INCREMENT для таблицы `feature`
--
ALTER TABLE `feature`
  MODIFY `feature_id` int(10) UNSIGNED NOT NULL AUTO_INCREMENT, AUTO_INCREMENT=46;
--
-- AUTO_INCREMENT для таблицы `image`
--
ALTER TABLE `image`
  MODIFY `image_id` int(10) UNSIGNED NOT NULL AUTO_INCREMENT, AUTO_INCREMENT=78;
--
-- AUTO_INCREMENT для таблицы `item`
--
ALTER TABLE `item`
  MODIFY `item_id` int(10) UNSIGNED NOT NULL AUTO_INCREMENT, AUTO_INCREMENT=50;
--
-- AUTO_INCREMENT для таблицы `kind`
--
ALTER TABLE `kind`
  MODIFY `kind_id` int(10) UNSIGNED NOT NULL AUTO_INCREMENT, AUTO_INCREMENT=4;
--
-- AUTO_INCREMENT для таблицы `page`
--
ALTER TABLE `page`
  MODIFY `page_id` int(10) UNSIGNED NOT NULL AUTO_INCREMENT, AUTO_INCREMENT=45;
--
-- AUTO_INCREMENT для таблицы `page_kind`
--
ALTER TABLE `page_kind`
  MODIFY `page_kind_id` int(11) NOT NULL AUTO_INCREMENT, AUTO_INCREMENT=6;
--
-- AUTO_INCREMENT для таблицы `product`
--
ALTER TABLE `product`
  MODIFY `product_id` int(10) UNSIGNED NOT NULL AUTO_INCREMENT, AUTO_INCREMENT=28;
--
-- AUTO_INCREMENT для таблицы `product_category`
--
ALTER TABLE `product_category`
  MODIFY `product_category_id` int(10) UNSIGNED NOT NULL AUTO_INCREMENT, AUTO_INCREMENT=127;
--
-- AUTO_INCREMENT для таблицы `product_favorite`
--
ALTER TABLE `product_favorite`
  MODIFY `product_favorite_id` int(10) UNSIGNED NOT NULL AUTO_INCREMENT, AUTO_INCREMENT=66;
--
-- AUTO_INCREMENT для таблицы `product_feature`
--
ALTER TABLE `product_feature`
  MODIFY `product_feature_id` int(10) UNSIGNED NOT NULL AUTO_INCREMENT, AUTO_INCREMENT=306;
--
-- AUTO_INCREMENT для таблицы `product_recommended`
--
ALTER TABLE `product_recommended`
  MODIFY `product_recommended_id` int(10) UNSIGNED NOT NULL AUTO_INCREMENT, AUTO_INCREMENT=24;
--
-- AUTO_INCREMENT для таблицы `product_size`
--
ALTER TABLE `product_size`
  MODIFY `id` int(11) NOT NULL AUTO_INCREMENT, AUTO_INCREMENT=19;
--
-- AUTO_INCREMENT для таблицы `region`
--
ALTER TABLE `region`
  MODIFY `region_id` int(10) UNSIGNED NOT NULL AUTO_INCREMENT, AUTO_INCREMENT=2;
--
-- AUTO_INCREMENT для таблицы `request`
--
ALTER TABLE `request`
  MODIFY `request_id` int(11) NOT NULL AUTO_INCREMENT, AUTO_INCREMENT=44;
--
-- AUTO_INCREMENT для таблицы `request_product`
--
ALTER TABLE `request_product`
  MODIFY `request_product_id` int(11) NOT NULL AUTO_INCREMENT, AUTO_INCREMENT=86;
--
-- AUTO_INCREMENT для таблицы `role`
--
ALTER TABLE `role`
  MODIFY `role_id` int(10) UNSIGNED NOT NULL AUTO_INCREMENT, AUTO_INCREMENT=3;
--
-- AUTO_INCREMENT для таблицы `size`
--
ALTER TABLE `size`
  MODIFY `id` int(11) NOT NULL AUTO_INCREMENT, AUTO_INCREMENT=72;
--
-- AUTO_INCREMENT для таблицы `size_name`
--
ALTER TABLE `size_name`
  MODIFY `id` int(10) UNSIGNED NOT NULL AUTO_INCREMENT, AUTO_INCREMENT=26;
--
-- AUTO_INCREMENT для таблицы `size_type`
--
ALTER TABLE `size_type`
  MODIFY `id` int(10) UNSIGNED NOT NULL AUTO_INCREMENT, AUTO_INCREMENT=33;
--
-- AUTO_INCREMENT для таблицы `status`
--
ALTER TABLE `status`
  MODIFY `status_id` int(10) UNSIGNED NOT NULL AUTO_INCREMENT, AUTO_INCREMENT=6;
--
-- AUTO_INCREMENT для таблицы `subscriber`
--
ALTER TABLE `subscriber`
  MODIFY `subscriber_id` int(10) UNSIGNED NOT NULL AUTO_INCREMENT, AUTO_INCREMENT=9;
--
-- AUTO_INCREMENT для таблицы `users`
--
ALTER TABLE `users`
  MODIFY `user_id` int(11) NOT NULL AUTO_INCREMENT, AUTO_INCREMENT=14;
--
-- Ограничения внешнего ключа сохраненных таблиц
--

--
-- Ограничения внешнего ключа таблицы `category`
--
ALTER TABLE `category`
  ADD CONSTRAINT `category_fk1` FOREIGN KEY (`main_category_id`) REFERENCES `category` (`category_id`);

--
-- Ограничения внешнего ключа таблицы `category_feature`
--
ALTER TABLE `category_feature`
  ADD CONSTRAINT `category_feature_fk1` FOREIGN KEY (`feature_id`) REFERENCES `feature` (`feature_id`),
  ADD CONSTRAINT `category_feature_fk2` FOREIGN KEY (`category_id`) REFERENCES `category` (`category_id`),
  ADD CONSTRAINT `category_feature_fk3` FOREIGN KEY (`item_id`) REFERENCES `item` (`item_id`);

--
-- Ограничения внешнего ключа таблицы `comment`
--
ALTER TABLE `comment`
  ADD CONSTRAINT `comment_fk1` FOREIGN KEY (`product_id`) REFERENCES `product` (`product_id`);

--
-- Ограничения внешнего ключа таблицы `delivery_kind_user`
--
ALTER TABLE `delivery_kind_user`
  ADD CONSTRAINT `delivery_kind_user_fk1` FOREIGN KEY (`delivery_kind_id`) REFERENCES `delivery_kind` (`delivery_kind_id`),
  ADD CONSTRAINT `delivery_kind_user_fk2` FOREIGN KEY (`user_id`) REFERENCES `users` (`user_id`);

--
-- Ограничения внешнего ключа таблицы `feature`
--
ALTER TABLE `feature`
  ADD CONSTRAINT `feature_fk1` FOREIGN KEY (`kind_id`) REFERENCES `kind` (`kind_id`);

--
-- Ограничения внешнего ключа таблицы `image`
--
ALTER TABLE `image`
  ADD CONSTRAINT `image_fk1` FOREIGN KEY (`product_id`) REFERENCES `product` (`product_id`);

--
-- Ограничения внешнего ключа таблицы `item`
--
ALTER TABLE `item`
  ADD CONSTRAINT `feature_item_fk1` FOREIGN KEY (`feature_id`) REFERENCES `feature` (`feature_id`);

--
-- Ограничения внешнего ключа таблицы `page`
--
ALTER TABLE `page`
  ADD CONSTRAINT `page_fk1` FOREIGN KEY (`page_kind`) REFERENCES `page_kind` (`page_kind_id`);

--
-- Ограничения внешнего ключа таблицы `product`
--
ALTER TABLE `product`
  ADD CONSTRAINT `product_fk1` FOREIGN KEY (`brand_id`) REFERENCES `brand` (`brand_id`);

--
-- Ограничения внешнего ключа таблицы `product_category`
--
ALTER TABLE `product_category`
  ADD CONSTRAINT `product_category_fk1` FOREIGN KEY (`product_id`) REFERENCES `product` (`product_id`),
  ADD CONSTRAINT `product_category_fk2` FOREIGN KEY (`category_id`) REFERENCES `category` (`category_id`);

/*!40101 SET CHARACTER_SET_CLIENT=@OLD_CHARACTER_SET_CLIENT */;
/*!40101 SET CHARACTER_SET_RESULTS=@OLD_CHARACTER_SET_RESULTS */;
/*!40101 SET COLLATION_CONNECTION=@OLD_COLLATION_CONNECTION */;
